solid OpenSCAD_Model
  facet normal -0.659339 -0.751845 0
    outer loop
      vertex 2.64966 2.64966 8.41137
      vertex 3.53288 1.87511 53.5886
      vertex 2.64966 2.64966 53.5886
    endloop
  endfacet
  facet normal -0.659339 -0.751845 -0
    outer loop
      vertex 3.53288 1.87511 53.5886
      vertex 2.64966 2.64966 8.41137
      vertex 3.53288 1.87511 8.41137
    endloop
  endfacet
  facet normal 0.745437 -0.653728 -0.130244
    outer loop
      vertex 52.5249 3.53288 8.41137
      vertex 51.6417 2.75832 7.24419
      vertex 52.403 3.62642 7.24419
    endloop
  endfacet
  facet normal 0.427298 -0.866432 -0.258287
    outer loop
      vertex 49.8135 1.35553 7.24419
      vertex 48.778 0.844852 7.24419
      vertex 49.6612 1.61941 6.10704
    endloop
  endfacet
  facet normal -0.651457 -0.571312 0.499206
    outer loop
      vertex 3.70856 3.70856 58.0001
      vertex 2.59617 4.08617 56.9806
      vertex 3.29234 3.29234 56.9806
    endloop
  endfacet
  facet normal 0.195084 -0.980787 0
    outer loop
      vertex 46.5722 0.0961008 8.41137
      vertex 47.7244 0.32528 53.5886
      vertex 46.5722 0.0961008 53.5886
    endloop
  endfacet
  facet normal 0.195084 -0.980787 0
    outer loop
      vertex 47.7244 0.32528 53.5886
      vertex 46.5722 0.0961008 8.41137
      vertex 47.7244 0.32528 8.41137
    endloop
  endfacet
  facet normal -0.866469 -0.427243 -0.258255
    outer loop
      vertex 1.35553 4.58647 7.24419
      vertex 1.29955 4.7 7.24419
      vertex 1.33295 4.7 7.13213
    endloop
  endfacet
  facet normal -0.866386 -0.427375 0.258313
    outer loop
      vertex 1.55218 4.7 55.6032
      vertex 1.33295 4.7 54.8679
      vertex 1.35553 4.58647 54.7558
    endloop
  endfacet
  facet normal -0.441117 -0.660178 0.607931
    outer loop
      vertex 4.88078 3.63173 58.9341
      vertex 4.4445 3.06316 58.0001
      vertex 5.61672 3.13999 58.9341
    endloop
  endfacet
  facet normal -0.0648464 -0.989358 0.130249
    outer loop
      vertex 7.84784 0.248448 54.7558
      vertex 7.82778 0.0961008 53.5886
      vertex 9 0.019269 53.5886
    endloop
  endfacet
  facet normal 0.555594 -0.831454 0
    outer loop
      vertex 49.8904 1.22246 8.41137
      vertex 50.8671 1.87511 53.5886
      vertex 49.8904 1.22246 53.5886
    endloop
  endfacet
  facet normal 0.555594 -0.831454 0
    outer loop
      vertex 50.8671 1.87511 53.5886
      vertex 49.8904 1.22246 8.41137
      vertex 50.8671 1.87511 8.41137
    endloop
  endfacet
  facet normal -0.438521 -0.889232 -0.130251
    outer loop
      vertex 5.56322 0.702887 8.41137
      vertex 4.50963 1.22246 8.41137
      vertex 4.58647 1.35553 7.24419
    endloop
  endfacet
  facet normal -0.831467 -0.555574 0
    outer loop
      vertex 1.87511 3.53288 8.41137
      vertex 1.22246 4.50963 53.5886
      vertex 1.22246 4.50963 8.41137
    endloop
  endfacet
  facet normal -0.831467 -0.555574 0
    outer loop
      vertex 1.22246 4.50963 53.5886
      vertex 1.87511 3.53288 8.41137
      vertex 1.87511 3.53288 53.5886
    endloop
  endfacet
  facet normal -0.0648463 -0.989358 -0.130251
    outer loop
      vertex 9 0.019269 8.41137
      vertex 7.82778 0.0961008 8.41137
      vertex 7.84784 0.248448 7.24419
    endloop
  endfacet
  facet normal -0.745437 -0.653728 0.130248
    outer loop
      vertex 1.99702 3.62642 54.7558
      vertex 1.87511 3.53288 53.5886
      vertex 2.75832 2.75832 54.7558
    endloop
  endfacet
  facet normal 0.063181 -0.963996 -0.258302
    outer loop
      vertex 46.5522 0.248448 7.24419
      vertex 45.4 0.172932 7.24419
      vertex 46.5124 0.550538 6.10704
    endloop
  endfacet
  facet normal 0.0631825 -0.963999 0.25829
    outer loop
      vertex 45.4 0.477629 55.893
      vertex 45.4 0.172932 54.7558
      vertex 46.5124 0.550538 55.893
    endloop
  endfacet
  facet normal -0.3187 -0.938864 0.130251
    outer loop
      vertex 5.62203 0.844852 54.7558
      vertex 5.56322 0.702887 53.5886
      vertex 6.67562 0.32528 53.5886
    endloop
  endfacet
  facet normal -0.53226 -0.466708 0.706316
    outer loop
      vertex 4.24709 4.7 59.2783
      vertex 4.21532 4.21532 58.9341
      vertex 4.7 4.7 59.6196
    endloop
  endfacet
  facet normal 0.0327329 -0.499734 -0.86556
    outer loop
      vertex 46.0526 4.04264 1.51677
      vertex 45.7453 4.7 1.12562
      vertex 45.9661 4.7 1.13397
    endloop
  endfacet
  facet normal 0.0327511 -0.499727 -0.865563
    outer loop
      vertex 45.7453 4.7 1.12562
      vertex 46.0526 4.04264 1.51677
      vertex 45.4 3.99987 1.51677
    endloop
  endfacet
  facet normal -0.896873 -0.442288 0
    outer loop
      vertex 1.22246 4.50963 8.41137
      vertex 1.12858 4.7 53.5886
      vertex 1.12858 4.7 8.41137
    endloop
  endfacet
  facet normal -0.896873 -0.442288 0
    outer loop
      vertex 1.12858 4.7 53.5886
      vertex 1.22246 4.50963 8.41137
      vertex 1.22246 4.50963 53.5886
    endloop
  endfacet
  facet normal -0.318701 -0.938863 -0.130252
    outer loop
      vertex 6.67562 0.32528 8.41137
      vertex 5.62203 0.844852 7.24419
      vertex 6.71539 0.473707 7.24419
    endloop
  endfacet
  facet normal 0.536719 -0.80325 -0.258305
    outer loop
      vertex 50.7736 1.99702 7.24419
      vertex 49.6612 1.61941 6.10704
      vertex 50.5881 2.23875 6.10704
    endloop
  endfacet
  facet normal 0.195931 -0.577191 0.792756
    outer loop
      vertex 47.6709 3.51759 59.7666
      vertex 46.6941 4.17024 60.4832
      vertex 46.9359 3.26809 59.7666
    endloop
  endfacet
  facet normal 0.466737 -0.532246 0.706308
    outer loop
      vertex 50.1847 4.21532 58.9341
      vertex 49.0125 4.29215 59.7666
      vertex 49.5192 3.63173 58.9341
    endloop
  endfacet
  facet normal -0.803254 -0.536721 0.25829
    outer loop
      vertex 2.23875 3.81191 55.893
      vertex 1.35553 4.58647 54.7558
      vertex 1.99702 3.62642 54.7558
    endloop
  endfacet
  facet normal -0.889251 -0.438477 0.130275
    outer loop
      vertex 1.29955 4.7 54.7558
      vertex 1.27967 4.7 54.6201
      vertex 1.35553 4.58647 54.7558
    endloop
  endfacet
  facet normal -0.751845 -0.659339 0
    outer loop
      vertex 2.64966 2.64966 8.41137
      vertex 1.87511 3.53288 53.5886
      vertex 1.87511 3.53288 8.41137
    endloop
  endfacet
  facet normal -0.751845 -0.659339 0
    outer loop
      vertex 1.87511 3.53288 53.5886
      vertex 2.64966 2.64966 8.41137
      vertex 2.64966 2.64966 53.5886
    endloop
  endfacet
  facet normal -0.596974 -0.523519 0.607906
    outer loop
      vertex 3.39613 4.7 58.5471
      vertex 3.70856 3.70856 58.0001
      vertex 3.64358 4.7 58.7901
    endloop
  endfacet
  facet normal -0.596963 -0.52352 0.607916
    outer loop
      vertex 3.70856 3.70856 58.0001
      vertex 3.39613 4.7 58.5471
      vertex 3.06316 4.4445 58.0001
    endloop
  endfacet
  facet normal -0.0631829 -0.963996 -0.258301
    outer loop
      vertex 9 0.172932 7.24419
      vertex 7.88761 0.550538 6.10704
      vertex 9 0.477629 6.10704
    endloop
  endfacet
  facet normal 0.169038 -0.84983 0.499215
    outer loop
      vertex 47.3368 1.77176 58.0001
      vertex 46.4536 0.997201 56.9806
      vertex 47.4892 1.20319 56.9806
    endloop
  endfacet
  facet normal 0.0648475 -0.989359 0.130246
    outer loop
      vertex 46.5522 0.248448 54.7558
      vertex 45.4 0.019269 53.5886
      vertex 46.5722 0.0961008 53.5886
    endloop
  endfacet
  facet normal 0.653734 -0.745436 0.130222
    outer loop
      vertex 51.6417 2.75832 54.7558
      vertex 50.8671 1.87511 53.5886
      vertex 51.7503 2.64966 53.5886
    endloop
  endfacet
  facet normal -0.513441 -0.768412 0.381998
    outer loop
      vertex 4.96407 2.00957 56.9806
      vertex 3.81191 2.23875 55.893
      vertex 4.73881 1.61941 55.893
    endloop
  endfacet
  facet normal 0 -0.991445 0.130525
    outer loop
      vertex 9 0.019269 53.5886
      vertex 45.4 0.172932 54.7558
      vertex 9 0.172932 54.7558
    endloop
  endfacet
  facet normal 0 -0.991445 0.130525
    outer loop
      vertex 45.4 0.172932 54.7558
      vertex 9 0.019269 53.5886
      vertex 45.4 0.019269 53.5886
    endloop
  endfacet
  facet normal -0.824384 -0.55084 -0.130251
    outer loop
      vertex 1.87511 3.53288 8.41137
      vertex 1.35553 4.58647 7.24419
      vertex 1.99702 3.62642 7.24419
    endloop
  endfacet
  facet normal 0.169039 -0.849836 -0.499204
    outer loop
      vertex 47.4892 1.20319 5.0194
      vertex 46.4536 0.997201 5.0194
      vertex 47.3368 1.77176 3.99987
    endloop
  endfacet
  facet normal 0.278348 -0.416049 -0.865694
    outer loop
      vertex 47.9001 4.66976 1.51677
      vertex 47.8826 4.7 1.49661
      vertex 47.9453 4.7 1.51677
    endloop
  endfacet
  facet normal 0.160962 -0.474219 -0.865568
    outer loop
      vertex 46.6941 4.17024 1.51677
      vertex 46.9491 4.7 1.27395
      vertex 47.3135 4.38048 1.51677
    endloop
  endfacet
  facet normal 0.160987 -0.474227 -0.865559
    outer loop
      vertex 46.9491 4.7 1.27395
      vertex 46.6941 4.17024 1.51677
      vertex 46.5522 4.7 1.20013
    endloop
  endfacet
  facet normal 0.383233 -0.777125 -0.499209
    outer loop
      vertex 48.489 1.54258 5.0194
      vertex 48.2637 2.0864 3.99987
      vertex 49.1416 2.51933 3.99987
    endloop
  endfacet
  facet normal -0.74544 -0.653722 -0.130257
    outer loop
      vertex 2.64966 2.64966 8.41137
      vertex 1.87511 3.53288 8.41137
      vertex 2.75832 2.75832 7.24419
    endloop
  endfacet
  facet normal -0.255216 -0.751839 0.60795
    outer loop
      vertex 6.27773 2.2 58.2
      vertex 6.41055 2.74852 58.9341
      vertex 6.19498 2.22809 58.2
    endloop
  endfacet
  facet normal -0.255215 -0.751839 0.60795
    outer loop
      vertex 6.41055 2.74852 58.9341
      vertex 6.27773 2.2 58.2
      vertex 7.24869 2.46401 58.9341
    endloop
  endfacet
  facet normal -0.25508 -0.751987 0.607825
    outer loop
      vertex 6.27773 2.2 58.2
      vertex 6.13629 2.0864 58.0001
      vertex 7.24869 2.46401 58.9341
    endloop
  endfacet
  facet normal -0.255023 -0.752022 0.607805
    outer loop
      vertex 6.13629 2.0864 58.0001
      vertex 6.27773 2.2 58.2
      vertex 6.18335 2.2 58.1604
    endloop
  endfacet
  facet normal -0.550841 -0.824384 0.13025
    outer loop
      vertex 4.58647 1.35553 54.7558
      vertex 3.53288 1.87511 53.5886
      vertex 4.50963 1.22246 53.5886
    endloop
  endfacet
  facet normal -0.803262 -0.536699 0.258311
    outer loop
      vertex 2.23875 3.81191 55.893
      vertex 1.55218 4.7 55.6032
      vertex 1.35553 4.58647 54.7558
    endloop
  endfacet
  facet normal -0.803268 -0.536733 0.258221
    outer loop
      vertex 1.55218 4.7 55.6032
      vertex 2.23875 3.81191 55.893
      vertex 1.64534 4.7 55.893
    endloop
  endfacet
  facet normal -0.824385 -0.550841 0.130249
    outer loop
      vertex 1.99702 3.62642 54.7558
      vertex 1.35553 4.58647 54.7558
      vertex 1.87511 3.53288 53.5886
    endloop
  endfacet
  facet normal -0.726329 -0.636971 0.25829
    outer loop
      vertex 2.23875 3.81191 55.893
      vertex 1.99702 3.62642 54.7558
      vertex 2.75832 2.75832 54.7558
    endloop
  endfacet
  facet normal -0.69483 -0.609342 -0.381987
    outer loop
      vertex 2.97377 2.97377 6.10704
      vertex 2.23875 3.81191 6.10704
      vertex 2.59617 4.08617 5.0194
    endloop
  endfacet
  facet normal -0.636969 -0.726327 -0.258301
    outer loop
      vertex 3.62642 1.99702 7.24419
      vertex 2.75832 2.75832 7.24419
      vertex 3.81191 2.23875 6.10704
    endloop
  endfacet
  facet normal -0.321438 -0.946931 0
    outer loop
      vertex 5.56322 0.702887 8.41137
      vertex 6.67562 0.32528 53.5886
      vertex 5.56322 0.702887 53.5886
    endloop
  endfacet
  facet normal -0.321438 -0.946931 -0
    outer loop
      vertex 6.67562 0.32528 53.5886
      vertex 5.56322 0.702887 8.41137
      vertex 6.67562 0.32528 8.41137
    endloop
  endfacet
  facet normal -0.536722 -0.803254 0.258289
    outer loop
      vertex 4.73881 1.61941 55.893
      vertex 3.81191 2.23875 55.893
      vertex 4.58647 1.35553 54.7558
    endloop
  endfacet
  facet normal -0.3187 -0.938864 -0.130253
    outer loop
      vertex 6.67562 0.32528 8.41137
      vertex 5.56322 0.702887 8.41137
      vertex 5.62203 0.844852 7.24419
    endloop
  endfacet
  facet normal -0.636971 -0.726329 0.25829
    outer loop
      vertex 3.81191 2.23875 55.893
      vertex 2.75832 2.75832 54.7558
      vertex 3.62642 1.99702 54.7558
    endloop
  endfacet
  facet normal 0.438518 -0.889234 -0.13025
    outer loop
      vertex 48.8368 0.702887 8.41137
      vertex 48.778 0.844852 7.24419
      vertex 49.8904 1.22246 8.41137
    endloop
  endfacet
  facet normal 0.438518 -0.889234 0.130248
    outer loop
      vertex 49.8904 1.22246 53.5886
      vertex 48.778 0.844852 54.7558
      vertex 48.8368 0.702887 53.5886
    endloop
  endfacet
  facet normal 0.513437 -0.768406 0.382014
    outer loop
      vertex 50.3138 2.59617 56.9806
      vertex 49.4359 2.00957 56.9806
      vertex 49.6612 1.61941 55.893
    endloop
  endfacet
  facet normal -0.824384 -0.550841 0.13025
    outer loop
      vertex 1.35553 4.58647 54.7558
      vertex 1.22246 4.50963 53.5886
      vertex 1.87511 3.53288 53.5886
    endloop
  endfacet
  facet normal 0.297072 -0.875122 -0.381982
    outer loop
      vertex 48.6614 1.12636 6.10704
      vertex 47.6058 0.768022 6.10704
      vertex 48.489 1.54258 5.0194
    endloop
  endfacet
  facet normal -0.513444 -0.768415 -0.381987
    outer loop
      vertex 4.96407 2.00957 5.0194
      vertex 3.81191 2.23875 6.10704
      vertex 4.08617 2.59617 5.0194
    endloop
  endfacet
  facet normal 0 -0.793359 0.608754
    outer loop
      vertex 9 1.51677 58.0001
      vertex 45.4 2.23344 58.9341
      vertex 9 2.23344 58.9341
    endloop
  endfacet
  facet normal 0 -0.793359 0.608754
    outer loop
      vertex 45.4 2.23344 58.9341
      vertex 9 1.51677 58.0001
      vertex 45.4 1.51677 58.0001
    endloop
  endfacet
  facet normal 0.351136 -0.712103 0.607958
    outer loop
      vertex 48.8951 2.56838 58.2
      vertex 48.7833 3.13999 58.9341
      vertex 47.9894 2.74852 58.9341
    endloop
  endfacet
  facet normal 0.351285 -0.712047 0.607937
    outer loop
      vertex 48.7833 3.13999 58.9341
      vertex 48.8951 2.56838 58.2
      vertex 49.0649 2.65215 58.2
    endloop
  endfacet
  facet normal -0.27863 -0.417024 0.865133
    outer loop
      vertex 6.51739 4.7 60.5034
      vertex 6.45467 4.7 60.4832
      vertex 6.49993 4.66976 60.4832
    endloop
  endfacet
  facet normal -0.297066 -0.875119 0.381993
    outer loop
      vertex 5.91103 1.54258 56.9806
      vertex 5.73863 1.12636 55.893
      vertex 6.79425 0.768022 55.893
    endloop
  endfacet
  facet normal -0.161134 -0.474248 0.86552
    outer loop
      vertex 7.45087 4.7 60.726
      vertex 7.70587 4.17024 60.4832
      vertex 7.84782 4.7 60.7999
    endloop
  endfacet
  facet normal -0.16097 -0.474196 0.865579
    outer loop
      vertex 7.70587 4.17024 60.4832
      vertex 7.45087 4.7 60.726
      vertex 7.08653 4.38048 60.4832
    endloop
  endfacet
  facet normal -0.653728 -0.745437 0.130248
    outer loop
      vertex 3.62642 1.99702 54.7558
      vertex 2.75832 2.75832 54.7558
      vertex 3.53288 1.87511 53.5886
    endloop
  endfacet
  facet normal 0.523526 -0.596936 0.607938
    outer loop
      vertex 50.6914 3.70856 58.0001
      vertex 49.5192 3.63173 58.9341
      vertex 49.9555 3.06316 58.0001
    endloop
  endfacet
  facet normal -0.660152 -0.441147 -0.607938
    outer loop
      vertex 3.39613 4.7 3.4529
      vertex 3.06316 4.4445 3.99987
      vertex 3.0799 4.7 3.79629
    endloop
  endfacet
  facet normal -0.74544 -0.653722 0.130254
    outer loop
      vertex 2.75832 2.75832 54.7558
      vertex 1.87511 3.53288 53.5886
      vertex 2.64966 2.64966 53.5886
    endloop
  endfacet
  facet normal -0.227537 -0.670304 -0.706342
    outer loop
      vertex 7.24869 2.46401 3.06589
      vertex 6.41055 2.74852 3.06589
      vertex 6.72911 3.51759 2.23344
    endloop
  endfacet
  facet normal -0.866434 -0.427284 -0.258303
    outer loop
      vertex 1.35553 4.58647 7.24419
      vertex 1.33295 4.7 7.13213
      vertex 1.55218 4.7 6.39676
    endloop
  endfacet
  facet normal 0.768405 -0.51343 -0.382026
    outer loop
      vertex 52.7547 4.7 6.10704
      vertex 52.1613 3.81191 6.10704
      vertex 52.3379 4.7 5.26869
    endloop
  endfacet
  facet normal 0.694843 -0.609299 -0.382031
    outer loop
      vertex 52.1613 3.81191 6.10704
      vertex 51.1077 3.29234 5.0194
      vertex 51.8038 4.08617 5.0194
    endloop
  endfacet
  facet normal 0.051927 -0.792289 0.607933
    outer loop
      vertex 45.4 2.23344 58.9341
      vertex 45.4 1.51677 58.0001
      vertex 46.3768 1.58079 58.0001
    endloop
  endfacet
  facet normal 0.255228 -0.751841 -0.607943
    outer loop
      vertex 47.3368 1.77176 3.99987
      vertex 47.1513 2.46401 3.06589
      vertex 47.9894 2.74852 3.06589
    endloop
  endfacet
  facet normal 0.824409 -0.550815 -0.130204
    outer loop
      vertex 53.1775 4.50963 8.41137
      vertex 52.5249 3.53288 8.41137
      vertex 53.0445 4.58647 7.24419
    endloop
  endfacet
  facet normal 0.31869 -0.938866 0.130258
    outer loop
      vertex 48.778 0.844852 54.7558
      vertex 47.6846 0.473707 54.7558
      vertex 47.7244 0.32528 53.5886
    endloop
  endfacet
  facet normal 0.180291 -0.906412 -0.381986
    outer loop
      vertex 47.6058 0.768022 6.10704
      vertex 46.5124 0.550538 6.10704
      vertex 47.4892 1.20319 5.0194
    endloop
  endfacet
  facet normal -0.0631831 -0.963999 0.25829
    outer loop
      vertex 9 0.477629 55.893
      vertex 7.88761 0.550538 55.893
      vertex 9 0.172932 54.7558
    endloop
  endfacet
  facet normal -0.310535 -0.914797 0.25829
    outer loop
      vertex 6.79425 0.768022 55.893
      vertex 5.73863 1.12636 55.893
      vertex 6.71539 0.473707 54.7558
    endloop
  endfacet
  facet normal 0.0631812 -0.963999 0.258291
    outer loop
      vertex 46.5124 0.550538 55.893
      vertex 45.4 0.172932 54.7558
      vertex 46.5522 0.248448 54.7558
    endloop
  endfacet
  facet normal 0.0604419 -0.922186 0.381996
    outer loop
      vertex 45.4 0.928144 56.9806
      vertex 45.4 0.477629 55.893
      vertex 46.5124 0.550538 55.893
    endloop
  endfacet
  facet normal -0.0398605 -0.608241 0.792751
    outer loop
      vertex 9 3.99987 60.4832
      vertex 8.22544 3.11665 59.7666
      vertex 9 3.06589 59.7666
    endloop
  endfacet
  facet normal 0.255168 -0.751839 0.60797
    outer loop
      vertex 47.3368 1.77176 58.0001
      vertex 48.1223 2.2 58.2
      vertex 47.9894 2.74852 58.9341
    endloop
  endfacet
  facet normal 0.25524 -0.751914 0.607846
    outer loop
      vertex 48.2637 2.0864 58.0001
      vertex 48.1223 2.2 58.2
      vertex 47.3368 1.77176 58.0001
    endloop
  endfacet
  facet normal 0.254942 -0.752101 0.607741
    outer loop
      vertex 48.1223 2.2 58.2
      vertex 48.2637 2.0864 58.0001
      vertex 48.2167 2.2 58.1604
    endloop
  endfacet
  facet normal 0.255352 -0.751783 0.607961
    outer loop
      vertex 47.9894 2.74852 58.9341
      vertex 48.1223 2.2 58.2
      vertex 48.205 2.22809 58.2
    endloop
  endfacet
  facet normal 0.745437 -0.653728 0.130242
    outer loop
      vertex 52.403 3.62642 54.7558
      vertex 51.6417 2.75832 54.7558
      vertex 52.5249 3.53288 53.5886
    endloop
  endfacet
  facet normal 0.3187 -0.938864 0.130248
    outer loop
      vertex 48.778 0.844852 54.7558
      vertex 47.7244 0.32528 53.5886
      vertex 48.8368 0.702887 53.5886
    endloop
  endfacet
  facet normal 0 -1 0
    outer loop
      vertex 34.2 0.019269 8.41137
      vertex 38.2 0.019269 15
      vertex 34.2 0.019269 15
    endloop
  endfacet
  facet normal 0 -1 -0
    outer loop
      vertex 38.2 0.019269 15
      vertex 34.2 0.019269 8.41137
      vertex 38.2 0.019269 8.41137
    endloop
  endfacet
  facet normal 0 -1 0
    outer loop
      vertex 28.2 0.019269 8.41137
      vertex 32.2 0.019269 15
      vertex 28.2 0.019269 15
    endloop
  endfacet
  facet normal 0 -1 -0
    outer loop
      vertex 32.2 0.019269 15
      vertex 28.2 0.019269 8.41137
      vertex 32.2 0.019269 8.41137
    endloop
  endfacet
  facet normal 0 -1 0
    outer loop
      vertex 22.2 0.019269 8.41137
      vertex 26.2 0.019269 15
      vertex 22.2 0.019269 15
    endloop
  endfacet
  facet normal 0 -1 -0
    outer loop
      vertex 26.2 0.019269 15
      vertex 22.2 0.019269 8.41137
      vertex 26.2 0.019269 8.41137
    endloop
  endfacet
  facet normal 0 -1 0
    outer loop
      vertex 16.2 0.019269 8.41137
      vertex 20.2 0.019269 15
      vertex 16.2 0.019269 15
    endloop
  endfacet
  facet normal 0 -1 -0
    outer loop
      vertex 20.2 0.019269 15
      vertex 16.2 0.019269 8.41137
      vertex 20.2 0.019269 8.41137
    endloop
  endfacet
  facet normal 0 -1 0
    outer loop
      vertex 9 0.019269 53.5886
      vertex 9.7691 0.019269 50.1809
      vertex 45.4 0.019269 53.5886
    endloop
  endfacet
  facet normal 0 -1 0
    outer loop
      vertex 9 0.019269 53.5886
      vertex 9.7691 0.019269 29.8191
      vertex 9.7691 0.019269 50.1809
    endloop
  endfacet
  facet normal 0 -1 0
    outer loop
      vertex 16.2 0.019269 15
      vertex 9.7691 0.019269 29.8191
      vertex 14.2 0.019269 15
    endloop
  endfacet
  facet normal 0 -1 0
    outer loop
      vertex 9 0.019269 8.41137
      vertex 9.7691 0.019269 29.8191
      vertex 9 0.019269 53.5886
    endloop
  endfacet
  facet normal 0 -1 0
    outer loop
      vertex 9 0.019269 8.41137
      vertex 14.2 0.019269 15
      vertex 9.7691 0.019269 29.8191
    endloop
  endfacet
  facet normal 0 -1 -0
    outer loop
      vertex 14.2 0.019269 15
      vertex 9 0.019269 8.41137
      vertex 14.2 0.019269 8.41137
    endloop
  endfacet
  facet normal 0 -1 0
    outer loop
      vertex 44.6309 0.019269 50.1809
      vertex 45.4 0.019269 53.5886
      vertex 9.7691 0.019269 50.1809
    endloop
  endfacet
  facet normal 0 -1 0
    outer loop
      vertex 44.6309 0.019269 29.8191
      vertex 45.4 0.019269 53.5886
      vertex 44.6309 0.019269 50.1809
    endloop
  endfacet
  facet normal 0 -1 0
    outer loop
      vertex 20.2 0.019269 15
      vertex 9.7691 0.019269 29.8191
      vertex 16.2 0.019269 15
    endloop
  endfacet
  facet normal 0 -1 0
    outer loop
      vertex 22.2 0.019269 15
      vertex 9.7691 0.019269 29.8191
      vertex 20.2 0.019269 15
    endloop
  endfacet
  facet normal 0 -1 0
    outer loop
      vertex 26.2 0.019269 15
      vertex 9.7691 0.019269 29.8191
      vertex 22.2 0.019269 15
    endloop
  endfacet
  facet normal 0 -1 0
    outer loop
      vertex 9.7691 0.019269 29.8191
      vertex 26.2 0.019269 15
      vertex 44.6309 0.019269 29.8191
    endloop
  endfacet
  facet normal 0 -1 0
    outer loop
      vertex 28.2 0.019269 15
      vertex 44.6309 0.019269 29.8191
      vertex 26.2 0.019269 15
    endloop
  endfacet
  facet normal 0 -1 0
    outer loop
      vertex 32.2 0.019269 15
      vertex 44.6309 0.019269 29.8191
      vertex 28.2 0.019269 15
    endloop
  endfacet
  facet normal 0 -1 0
    outer loop
      vertex 34.2 0.019269 15
      vertex 44.6309 0.019269 29.8191
      vertex 32.2 0.019269 15
    endloop
  endfacet
  facet normal 0 -1 0
    outer loop
      vertex 38.2 0.019269 15
      vertex 44.6309 0.019269 29.8191
      vertex 34.2 0.019269 15
    endloop
  endfacet
  facet normal 0 -1 0
    outer loop
      vertex 40.2 0.019269 15
      vertex 44.6309 0.019269 29.8191
      vertex 38.2 0.019269 15
    endloop
  endfacet
  facet normal 0 -1 0
    outer loop
      vertex 45.4 0.019269 8.41137
      vertex 40.2 0.019269 15
      vertex 40.2 0.019269 8.41137
    endloop
  endfacet
  facet normal 0 -1 0
    outer loop
      vertex 44.6309 0.019269 29.8191
      vertex 45.4 0.019269 8.41137
      vertex 45.4 0.019269 53.5886
    endloop
  endfacet
  facet normal 0 -1 0
    outer loop
      vertex 40.2 0.019269 15
      vertex 45.4 0.019269 8.41137
      vertex 44.6309 0.019269 29.8191
    endloop
  endfacet
  facet normal 0.313072 -0.63491 0.706311
    outer loop
      vertex 48.7833 3.13999 58.9341
      vertex 47.6709 3.51759 59.7666
      vertex 47.9894 2.74852 58.9341
    endloop
  endfacet
  facet normal -0.31309 -0.63489 0.706321
    outer loop
      vertex 6.72911 3.51759 59.7666
      vertex 5.61672 3.13999 58.9341
      vertex 6.41055 2.74852 58.9341
    endloop
  endfacet
  facet normal -0.889232 -0.43852 0.130251
    outer loop
      vertex 1.22246 4.50963 53.5886
      vertex 1.27967 4.7 54.6201
      vertex 1.12858 4.7 53.5886
    endloop
  endfacet
  facet normal -0.889242 -0.438502 0.130248
    outer loop
      vertex 1.27967 4.7 54.6201
      vertex 1.22246 4.50963 53.5886
      vertex 1.35553 4.58647 54.7558
    endloop
  endfacet
  facet normal -0.193429 -0.97243 -0.130252
    outer loop
      vertex 7.82778 0.0961008 8.41137
      vertex 6.67562 0.32528 8.41137
      vertex 7.84784 0.248448 7.24419
    endloop
  endfacet
  facet normal -0.441114 -0.660173 -0.60794
    outer loop
      vertex 5.61672 3.13999 3.06589
      vertex 4.4445 3.06316 3.99987
      vertex 4.88078 3.63173 3.06589
    endloop
  endfacet
  facet normal -0.138101 -0.694264 -0.706346
    outer loop
      vertex 8.11679 2.29133 3.06589
      vertex 7.24869 2.46401 3.06589
      vertex 7.46414 3.26809 2.23344
    endloop
  endfacet
  facet normal 0.278524 -0.820497 -0.499208
    outer loop
      vertex 47.4892 1.20319 5.0194
      vertex 47.3368 1.77176 3.99987
      vertex 48.489 1.54258 5.0194
    endloop
  endfacet
  facet normal 0.0977073 -0.491183 -0.865559
    outer loop
      vertex 46.0526 4.04264 1.51677
      vertex 45.9661 4.7 1.13397
      vertex 46.2758 4.7 1.16893
    endloop
  endfacet
  facet normal 0.22152 -0.448924 -0.865677
    outer loop
      vertex 47.9001 4.66976 1.51677
      vertex 47.3344 4.7 1.35633
      vertex 47.8826 4.7 1.49661
    endloop
  endfacet
  facet normal 0.221483 -0.449121 -0.865584
    outer loop
      vertex 47.3344 4.7 1.35633
      vertex 47.9001 4.66976 1.51677
      vertex 47.3135 4.38048 1.51677
    endloop
  endfacet
  facet normal -0.532207 -0.46673 0.706342
    outer loop
      vertex 4.24709 4.7 59.2783
      vertex 3.79027 4.7 58.9341
      vertex 4.21532 4.21532 58.9341
    endloop
  endfacet
  facet normal -0.0977038 -0.491246 0.865524
    outer loop
      vertex 7.70587 4.17024 60.4832
      vertex 8.12421 4.7 60.8311
      vertex 7.84782 4.7 60.7999
    endloop
  endfacet
  facet normal -0.0977148 -0.491239 0.865527
    outer loop
      vertex 8.12421 4.7 60.8311
      vertex 7.70587 4.17024 60.4832
      vertex 8.34735 4.04264 60.4832
    endloop
  endfacet
  facet normal -0.596955 -0.523512 0.607931
    outer loop
      vertex 3.79027 4.7 58.9341
      vertex 3.70856 3.70856 58.0001
      vertex 4.21532 4.21532 58.9341
    endloop
  endfacet
  facet normal -0.59684 -0.523576 0.607989
    outer loop
      vertex 3.70856 3.70856 58.0001
      vertex 3.79027 4.7 58.9341
      vertex 3.64358 4.7 58.7901
    endloop
  endfacet
  facet normal -0.768406 -0.513439 0.382012
    outer loop
      vertex 2.0621 4.7 56.7313
      vertex 1.64534 4.7 55.893
      vertex 2.23875 3.81191 55.893
    endloop
  endfacet
  facet normal -0.609341 -0.694821 0.382004
    outer loop
      vertex 3.29234 3.29234 56.9806
      vertex 2.97377 2.97377 55.893
      vertex 4.08617 2.59617 56.9806
    endloop
  endfacet
  facet normal -0.653722 -0.74544 0.130254
    outer loop
      vertex 2.75832 2.75832 54.7558
      vertex 2.64966 2.64966 53.5886
      vertex 3.53288 1.87511 53.5886
    endloop
  endfacet
  facet normal -0.438521 -0.889233 0.130249
    outer loop
      vertex 4.58647 1.35553 54.7558
      vertex 4.50963 1.22246 53.5886
      vertex 5.56322 0.702887 53.5886
    endloop
  endfacet
  facet normal -0.193429 -0.97243 0.13025
    outer loop
      vertex 6.71539 0.473707 54.7558
      vertex 6.67562 0.32528 53.5886
      vertex 7.84784 0.248448 54.7558
    endloop
  endfacet
  facet normal -0.188471 -0.947504 0.25829
    outer loop
      vertex 6.79425 0.768022 55.893
      vertex 6.71539 0.473707 54.7558
      vertex 7.88761 0.550538 55.893
    endloop
  endfacet
  facet normal -0.636967 -0.72633 -0.258297
    outer loop
      vertex 3.81191 2.23875 6.10704
      vertex 2.75832 2.75832 7.24419
      vertex 2.97377 2.97377 6.10704
    endloop
  endfacet
  facet normal -0.694821 -0.609341 0.382004
    outer loop
      vertex 3.29234 3.29234 56.9806
      vertex 2.59617 4.08617 56.9806
      vertex 2.97377 2.97377 55.893
    endloop
  endfacet
  facet normal -0.720469 -0.481404 0.499173
    outer loop
      vertex 2.55593 4.7 57.5145
      vertex 2.18602 4.7 56.9806
      vertex 2.59617 4.08617 56.9806
    endloop
  endfacet
  facet normal 0.0566686 -0.864634 -0.499197
    outer loop
      vertex 46.3768 1.58079 3.99987
      vertex 45.4 0.928144 5.0194
      vertex 45.4 1.51677 3.99987
    endloop
  endfacet
  facet normal 0.0519266 -0.792282 -0.607941
    outer loop
      vertex 46.3768 1.58079 3.99987
      vertex 45.4 1.51677 3.99987
      vertex 45.4 2.23344 3.06589
    endloop
  endfacet
  facet normal -0.555574 -0.831467 0
    outer loop
      vertex 3.53288 1.87511 8.41137
      vertex 4.50963 1.22246 53.5886
      vertex 3.53288 1.87511 53.5886
    endloop
  endfacet
  facet normal -0.555574 -0.831467 -0
    outer loop
      vertex 4.50963 1.22246 53.5886
      vertex 3.53288 1.87511 8.41137
      vertex 4.50963 1.22246 8.41137
    endloop
  endfacet
  facet normal -0.550841 -0.824384 -0.130252
    outer loop
      vertex 4.50963 1.22246 8.41137
      vertex 3.53288 1.87511 8.41137
      vertex 4.58647 1.35553 7.24419
    endloop
  endfacet
  facet normal -0.653727 -0.745436 -0.130251
    outer loop
      vertex 3.53288 1.87511 8.41137
      vertex 2.75832 2.75832 7.24419
      vertex 3.62642 1.99702 7.24419
    endloop
  endfacet
  facet normal -0.653722 -0.74544 -0.130257
    outer loop
      vertex 3.53288 1.87511 8.41137
      vertex 2.64966 2.64966 8.41137
      vertex 2.75832 2.75832 7.24419
    endloop
  endfacet
  facet normal -0.76842 -0.513444 -0.381975
    outer loop
      vertex 2.59617 4.08617 5.0194
      vertex 2.0621 4.7 5.26869
      vertex 2.18602 4.7 5.0194
    endloop
  endfacet
  facet normal -0.768419 -0.513438 -0.381987
    outer loop
      vertex 2.0621 4.7 5.26869
      vertex 2.59617 4.08617 5.0194
      vertex 2.23875 3.81191 6.10704
    endloop
  endfacet
  facet normal -0.193429 -0.97243 -0.130252
    outer loop
      vertex 7.84784 0.248448 7.24419
      vertex 6.67562 0.32528 8.41137
      vertex 6.71539 0.473707 7.24419
    endloop
  endfacet
  facet normal 0.550859 -0.824368 -0.13028
    outer loop
      vertex 49.8904 1.22246 8.41137
      vertex 49.8135 1.35553 7.24419
      vertex 50.8671 1.87511 8.41137
    endloop
  endfacet
  facet normal 0.659348 -0.751838 0
    outer loop
      vertex 50.8671 1.87511 8.41137
      vertex 51.7503 2.64966 53.5886
      vertex 50.8671 1.87511 53.5886
    endloop
  endfacet
  facet normal 0.659348 -0.751838 0
    outer loop
      vertex 51.7503 2.64966 53.5886
      vertex 50.8671 1.87511 8.41137
      vertex 51.7503 2.64966 8.41137
    endloop
  endfacet
  facet normal 0.441094 -0.660195 0.60793
    outer loop
      vertex 49.2224 2.75738 58.2
      vertex 48.7833 3.13999 58.9341
      vertex 49.0649 2.65215 58.2
    endloop
  endfacet
  facet normal 0.441132 -0.660164 0.607936
    outer loop
      vertex 48.7833 3.13999 58.9341
      vertex 49.2224 2.75738 58.2
      vertex 49.5192 3.63173 58.9341
    endloop
  endfacet
  facet normal 0.653733 -0.745436 -0.130224
    outer loop
      vertex 51.7503 2.64966 8.41137
      vertex 50.8671 1.87511 8.41137
      vertex 51.6417 2.75832 7.24419
    endloop
  endfacet
  facet normal 0.481416 -0.720483 0.499142
    outer loop
      vertex 50.3138 2.59617 56.9806
      vertex 49.4 2.2 57.2901
      vertex 49.4359 2.00957 56.9806
    endloop
  endfacet
  facet normal 0.481418 -0.72044 0.499202
    outer loop
      vertex 49.4 2.2 57.2901
      vertex 50.3138 2.59617 56.9806
      vertex 49.4 2.53627 57.7754
    endloop
  endfacet
  facet normal 0.481573 -0.720401 0.499109
    outer loop
      vertex 49.326 2.2 57.3615
      vertex 49.4359 2.00957 56.9806
      vertex 49.4 2.2 57.2901
    endloop
  endfacet
  facet normal 0.26959 -0.546687 0.792752
    outer loop
      vertex 47.9001 4.66976 60.4832
      vertex 47.6709 3.51759 59.7666
      vertex 48.3671 3.86091 59.7666
    endloop
  endfacet
  facet normal 0.831487 -0.555545 0
    outer loop
      vertex 52.5249 3.53288 53.5886
      vertex 53.1775 4.50963 8.41137
      vertex 53.1775 4.50963 53.5886
    endloop
  endfacet
  facet normal 0.831487 -0.555545 0
    outer loop
      vertex 53.1775 4.50963 8.41137
      vertex 52.5249 3.53288 53.5886
      vertex 52.5249 3.53288 8.41137
    endloop
  endfacet
  facet normal 0.44108 -0.660171 0.607966
    outer loop
      vertex 49.4 2.87604 58.2
      vertex 49.5192 3.63173 58.9341
      vertex 49.2224 2.75738 58.2
    endloop
  endfacet
  facet normal 0.441141 -0.660202 0.607888
    outer loop
      vertex 49.9555 3.06316 58.0001
      vertex 49.4 2.87604 58.2
      vertex 49.4 2.69198 58.0001
    endloop
  endfacet
  facet normal 0.441143 -0.660154 0.607939
    outer loop
      vertex 49.4 2.87604 58.2
      vertex 49.9555 3.06316 58.0001
      vertex 49.5192 3.63173 58.9341
    endloop
  endfacet
  facet normal 0.745423 -0.653749 -0.130219
    outer loop
      vertex 51.7503 2.64966 8.41137
      vertex 51.6417 2.75832 7.24419
      vertex 52.5249 3.53288 8.41137
    endloop
  endfacet
  facet normal 0.609366 -0.694824 -0.381958
    outer loop
      vertex 51.4262 2.97377 6.10704
      vertex 50.5881 2.23875 6.10704
      vertex 51.1077 3.29234 5.0194
    endloop
  endfacet
  facet normal 0.408752 -0.828862 -0.381981
    outer loop
      vertex 48.6614 1.12636 6.10704
      vertex 48.489 1.54258 5.0194
      vertex 49.6612 1.61941 6.10704
    endloop
  endfacet
  facet normal 0.351164 -0.712094 -0.607953
    outer loop
      vertex 48.2637 2.0864 3.99987
      vertex 47.9894 2.74852 3.06589
      vertex 49.1416 2.51933 3.99987
    endloop
  endfacet
  facet normal 0.278522 -0.820499 -0.499206
    outer loop
      vertex 48.489 1.54258 5.0194
      vertex 47.3368 1.77176 3.99987
      vertex 48.2637 2.0864 3.99987
    endloop
  endfacet
  facet normal 0.0519306 -0.79228 -0.607944
    outer loop
      vertex 46.3768 1.58079 3.99987
      vertex 45.4 2.23344 3.06589
      vertex 46.2832 2.29133 3.06589
    endloop
  endfacet
  facet normal 0.866681 -0.42676 -0.258341
    outer loop
      vertex 53.0445 4.58647 7.24419
      vertex 52.8478 4.7 6.39676
      vertex 53.067 4.7 7.13213
    endloop
  endfacet
  facet normal -0.0648455 -0.989358 0.13025
    outer loop
      vertex 9 0.172932 54.7558
      vertex 7.84784 0.248448 54.7558
      vertex 9 0.019269 53.5886
    endloop
  endfacet
  facet normal 0 -0.965929 0.258807
    outer loop
      vertex 9 0.172932 54.7558
      vertex 45.4 0.477629 55.893
      vertex 9 0.477629 55.893
    endloop
  endfacet
  facet normal 0 -0.965929 0.258807
    outer loop
      vertex 45.4 0.477629 55.893
      vertex 9 0.172932 54.7558
      vertex 45.4 0.172932 54.7558
    endloop
  endfacet
  facet normal 0.0604435 -0.922185 0.381997
    outer loop
      vertex 46.4536 0.997201 56.9806
      vertex 45.4 0.928144 56.9806
      vertex 46.5124 0.550538 55.893
    endloop
  endfacet
  facet normal 0.169055 -0.849834 0.499203
    outer loop
      vertex 47.3368 1.77176 58.0001
      vertex 46.3768 1.58079 58.0001
      vertex 46.4536 0.997201 56.9806
    endloop
  endfacet
  facet normal -0.138109 -0.694286 0.706323
    outer loop
      vertex 8.22544 3.11665 59.7666
      vertex 7.46414 3.26809 59.7666
      vertex 8.11679 2.29133 58.9341
    endloop
  endfacet
  facet normal 0.513437 -0.768406 0.382015
    outer loop
      vertex 50.3138 2.59617 56.9806
      vertex 49.6612 1.61941 55.893
      vertex 50.5881 2.23875 55.893
    endloop
  endfacet
  facet normal 0.442285 -0.896874 0
    outer loop
      vertex 48.8368 0.702887 8.41137
      vertex 49.8904 1.22246 53.5886
      vertex 48.8368 0.702887 53.5886
    endloop
  endfacet
  facet normal 0.442285 -0.896874 0
    outer loop
      vertex 49.8904 1.22246 53.5886
      vertex 48.8368 0.702887 8.41137
      vertex 49.8904 1.22246 8.41137
    endloop
  endfacet
  facet normal 0.188479 -0.947502 0.258294
    outer loop
      vertex 47.6846 0.473707 54.7558
      vertex 46.5124 0.550538 55.893
      vertex 46.5522 0.248448 54.7558
    endloop
  endfacet
  facet normal 0.0648475 -0.989359 -0.130248
    outer loop
      vertex 46.5722 0.0961008 8.41137
      vertex 45.4 0.019269 8.41137
      vertex 46.5522 0.248448 7.24419
    endloop
  endfacet
  facet normal -0.0462912 -0.70637 0.706328
    outer loop
      vertex 9 3.06589 59.7666
      vertex 8.22544 3.11665 59.7666
      vertex 9 2.23344 58.9341
    endloop
  endfacet
  facet normal -0.0519305 -0.792288 0.607934
    outer loop
      vertex 8.11679 2.29133 58.9341
      vertex 8.02324 1.58079 58.0001
      vertex 9 2.23344 58.9341
    endloop
  endfacet
  facet normal -0.866489 -0.427253 0.258169
    outer loop
      vertex 1.33295 4.7 54.8679
      vertex 1.29955 4.7 54.7558
      vertex 1.35553 4.58647 54.7558
    endloop
  endfacet
  facet normal -0.0648455 -0.989358 -0.130252
    outer loop
      vertex 9 0.019269 8.41137
      vertex 7.84784 0.248448 7.24419
      vertex 9 0.172932 7.24419
    endloop
  endfacet
  facet normal -0.0604444 -0.92219 -0.381985
    outer loop
      vertex 9 0.928144 5.0194
      vertex 7.88761 0.550538 6.10704
      vertex 7.94641 0.997201 5.0194
    endloop
  endfacet
  facet normal 0 -0.965927 -0.258813
    outer loop
      vertex 9 0.172932 7.24419
      vertex 14.2 0.238361 7
      vertex 14.2 0.172932 7.24419
    endloop
  endfacet
  facet normal 0 -0.965926 -0.258819
    outer loop
      vertex 9 0.477629 6.10704
      vertex 16.2 0.238361 7
      vertex 14.2 0.238361 7
    endloop
  endfacet
  facet normal 0 -0.965926 -0.258819
    outer loop
      vertex 16.2 0.238361 7
      vertex 9 0.477629 6.10704
      vertex 20.2 0.238361 7
    endloop
  endfacet
  facet normal 0 -0.965926 -0.258819
    outer loop
      vertex 20.2 0.238361 7
      vertex 9 0.477629 6.10704
      vertex 22.2 0.238361 7
    endloop
  endfacet
  facet normal 0 -0.965926 -0.258819
    outer loop
      vertex 22.2 0.238361 7
      vertex 9 0.477629 6.10704
      vertex 26.2 0.238361 7
    endloop
  endfacet
  facet normal 0 -0.965926 -0.258819
    outer loop
      vertex 26.2 0.238361 7
      vertex 9 0.477629 6.10704
      vertex 28.2 0.238361 7
    endloop
  endfacet
  facet normal -0 -0.965926 -0.258819
    outer loop
      vertex 45.4 0.477629 6.10704
      vertex 28.2 0.238361 7
      vertex 9 0.477629 6.10704
    endloop
  endfacet
  facet normal 0 -0.965926 -0.258819
    outer loop
      vertex 28.2 0.238361 7
      vertex 45.4 0.477629 6.10704
      vertex 32.2 0.238361 7
    endloop
  endfacet
  facet normal 0 -0.965926 -0.258819
    outer loop
      vertex 32.2 0.238361 7
      vertex 45.4 0.477629 6.10704
      vertex 34.2 0.238361 7
    endloop
  endfacet
  facet normal 0 -0.965926 -0.258819
    outer loop
      vertex 34.2 0.238361 7
      vertex 45.4 0.477629 6.10704
      vertex 38.2 0.238361 7
    endloop
  endfacet
  facet normal -2.24295e-07 -0.965926 -0.258818
    outer loop
      vertex 9 0.477629 6.10704
      vertex 14.2 0.238361 7
      vertex 9 0.172932 7.24419
    endloop
  endfacet
  facet normal 0 -0.965927 -0.258813
    outer loop
      vertex 16.2 0.238361 7
      vertex 20.2 0.172932 7.24419
      vertex 16.2 0.172932 7.24419
    endloop
  endfacet
  facet normal 0 -0.965927 -0.258813
    outer loop
      vertex 20.2 0.172932 7.24419
      vertex 16.2 0.238361 7
      vertex 20.2 0.238361 7
    endloop
  endfacet
  facet normal 0 -0.965927 -0.258813
    outer loop
      vertex 22.2 0.238361 7
      vertex 26.2 0.172932 7.24419
      vertex 22.2 0.172932 7.24419
    endloop
  endfacet
  facet normal 0 -0.965927 -0.258813
    outer loop
      vertex 26.2 0.172932 7.24419
      vertex 22.2 0.238361 7
      vertex 26.2 0.238361 7
    endloop
  endfacet
  facet normal 0 -0.965927 -0.258813
    outer loop
      vertex 28.2 0.238361 7
      vertex 32.2 0.172932 7.24419
      vertex 28.2 0.172932 7.24419
    endloop
  endfacet
  facet normal 0 -0.965927 -0.258813
    outer loop
      vertex 32.2 0.172932 7.24419
      vertex 28.2 0.238361 7
      vertex 32.2 0.238361 7
    endloop
  endfacet
  facet normal 0 -0.965927 -0.258813
    outer loop
      vertex 34.2 0.238361 7
      vertex 38.2 0.172932 7.24419
      vertex 34.2 0.172932 7.24419
    endloop
  endfacet
  facet normal 0 -0.965927 -0.258813
    outer loop
      vertex 38.2 0.172932 7.24419
      vertex 34.2 0.238361 7
      vertex 38.2 0.238361 7
    endloop
  endfacet
  facet normal 0 -0.965927 -0.258813
    outer loop
      vertex 40.2 0.238361 7
      vertex 45.4 0.172932 7.24419
      vertex 40.2 0.172932 7.24419
    endloop
  endfacet
  facet normal 2.24295e-07 -0.965926 -0.258818
    outer loop
      vertex 40.2 0.238361 7
      vertex 45.4 0.477629 6.10704
      vertex 45.4 0.172932 7.24419
    endloop
  endfacet
  facet normal 0 -0.965926 -0.258819
    outer loop
      vertex 38.2 0.238361 7
      vertex 45.4 0.477629 6.10704
      vertex 40.2 0.238361 7
    endloop
  endfacet
  facet normal -0.313086 -0.634863 -0.706347
    outer loop
      vertex 6.72911 3.51759 2.23344
      vertex 5.61672 3.13999 3.06589
      vertex 6.03294 3.86091 2.23344
    endloop
  endfacet
  facet normal -0.310534 -0.914795 -0.258301
    outer loop
      vertex 6.71539 0.473707 7.24419
      vertex 5.73863 1.12636 6.10704
      vertex 6.79425 0.768022 6.10704
    endloop
  endfacet
  facet normal 0.297067 -0.875122 -0.381986
    outer loop
      vertex 47.6058 0.768022 6.10704
      vertex 47.4892 1.20319 5.0194
      vertex 48.489 1.54258 5.0194
    endloop
  endfacet
  facet normal 0.31869 -0.938866 -0.13026
    outer loop
      vertex 47.7244 0.32528 8.41137
      vertex 47.6846 0.473707 7.24419
      vertex 48.778 0.844852 7.24419
    endloop
  endfacet
  facet normal 0.154908 -0.778719 -0.607947
    outer loop
      vertex 46.3768 1.58079 3.99987
      vertex 46.2832 2.29133 3.06589
      vertex 47.3368 1.77176 3.99987
    endloop
  endfacet
  facet normal 0.269613 -0.54672 -0.792721
    outer loop
      vertex 47.6709 3.51759 2.23344
      vertex 47.3135 4.38048 1.51677
      vertex 47.9001 4.66976 1.51677
    endloop
  endfacet
  facet normal 0 -0.5 -0.866026
    outer loop
      vertex 9 3.99987 1.51677
      vertex 45.4 4.7 1.11255
      vertex 45.4 3.99987 1.51677
    endloop
  endfacet
  facet normal -0 -0.5 -0.866026
    outer loop
      vertex 45.4 4.7 1.11255
      vertex 9 3.99987 1.51677
      vertex 9 4.7 1.11255
    endloop
  endfacet
  facet normal 0.19593 -0.577239 -0.792721
    outer loop
      vertex 47.6709 3.51759 2.23344
      vertex 46.6941 4.17024 1.51677
      vertex 47.3135 4.38048 1.51677
    endloop
  endfacet
  facet normal 0.660158 -0.441209 -0.607886
    outer loop
      vertex 51.3368 4.4445 3.99987
      vertex 51.0039 4.7 3.4529
      vertex 51.3201 4.7 3.79629
    endloop
  endfacet
  facet normal -0.195934 -0.577195 0.792752
    outer loop
      vertex 7.08653 4.38048 60.4832
      vertex 6.72911 3.51759 59.7666
      vertex 7.70587 4.17024 60.4832
    endloop
  endfacet
  facet normal 0 -0.707128 0.707086
    outer loop
      vertex 9 3.06589 59.7666
      vertex 45.4 2.23344 58.9341
      vertex 45.4 3.06589 59.7666
    endloop
  endfacet
  facet normal 0 -0.707128 0.707086
    outer loop
      vertex 45.4 2.23344 58.9341
      vertex 9 3.06589 59.7666
      vertex 9 2.23344 58.9341
    endloop
  endfacet
  facet normal -0.118923 -0.597833 0.792751
    outer loop
      vertex 8.34735 4.04264 60.4832
      vertex 7.46414 3.26809 59.7666
      vertex 8.22544 3.11665 59.7666
    endloop
  endfacet
  facet normal -0.694826 -0.609339 0.381999
    outer loop
      vertex 2.59617 4.08617 56.9806
      vertex 2.23875 3.81191 55.893
      vertex 2.97377 2.97377 55.893
    endloop
  endfacet
  facet normal -0.609339 -0.694826 0.381999
    outer loop
      vertex 4.08617 2.59617 56.9806
      vertex 2.97377 2.97377 55.893
      vertex 3.81191 2.23875 55.893
    endloop
  endfacet
  facet normal -0.571311 -0.651457 0.499207
    outer loop
      vertex 4.4445 3.06316 58.0001
      vertex 3.70856 3.70856 58.0001
      vertex 4.08617 2.59617 56.9806
    endloop
  endfacet
  facet normal -0.401884 -0.458257 0.792773
    outer loop
      vertex 5.70049 4.7 60.161
      vertex 4.92248 4.7 59.7666
      vertex 5.38754 4.29215 59.7666
    endloop
  endfacet
  facet normal -0.571312 -0.651457 0.499206
    outer loop
      vertex 3.70856 3.70856 58.0001
      vertex 3.29234 3.29234 56.9806
      vertex 4.08617 2.59617 56.9806
    endloop
  endfacet
  facet normal -0.768425 -0.513447 0.381962
    outer loop
      vertex 2.0621 4.7 56.7313
      vertex 2.59617 4.08617 56.9806
      vertex 2.18602 4.7 56.9806
    endloop
  endfacet
  facet normal -0.76842 -0.513428 0.381998
    outer loop
      vertex 2.59617 4.08617 56.9806
      vertex 2.0621 4.7 56.7313
      vertex 2.23875 3.81191 55.893
    endloop
  endfacet
  facet normal -0.550841 -0.824385 0.130249
    outer loop
      vertex 3.62642 1.99702 54.7558
      vertex 3.53288 1.87511 53.5886
      vertex 4.58647 1.35553 54.7558
    endloop
  endfacet
  facet normal -0.536721 -0.803254 0.25829
    outer loop
      vertex 3.81191 2.23875 55.893
      vertex 3.62642 1.99702 54.7558
      vertex 4.58647 1.35553 54.7558
    endloop
  endfacet
  facet normal -0.442289 -0.896873 0
    outer loop
      vertex 4.50963 1.22246 8.41137
      vertex 5.56322 0.702887 53.5886
      vertex 4.50963 1.22246 53.5886
    endloop
  endfacet
  facet normal -0.442289 -0.896873 -0
    outer loop
      vertex 5.56322 0.702887 53.5886
      vertex 4.50963 1.22246 8.41137
      vertex 5.56322 0.702887 8.41137
    endloop
  endfacet
  facet normal -0.0519287 -0.792282 -0.607941
    outer loop
      vertex 9 1.51677 3.99987
      vertex 8.02324 1.58079 3.99987
      vertex 9 2.23344 3.06589
    endloop
  endfacet
  facet normal 0.0566715 -0.864635 -0.499194
    outer loop
      vertex 46.4536 0.997201 5.0194
      vertex 45.4 0.928144 5.0194
      vertex 46.3768 1.58079 3.99987
    endloop
  endfacet
  facet normal 0.169056 -0.84984 -0.499192
    outer loop
      vertex 46.4536 0.997201 5.0194
      vertex 46.3768 1.58079 3.99987
      vertex 47.3368 1.77176 3.99987
    endloop
  endfacet
  facet normal -0.803251 -0.53672 -0.2583
    outer loop
      vertex 1.99702 3.62642 7.24419
      vertex 1.35553 4.58647 7.24419
      vertex 2.23875 3.81191 6.10704
    endloop
  endfacet
  facet normal -0.466728 -0.532204 -0.706345
    outer loop
      vertex 4.88078 3.63173 3.06589
      vertex 4.21532 4.21532 3.06589
      vertex 5.38754 4.29215 2.23344
    endloop
  endfacet
  facet normal -0.169049 -0.849838 -0.499198
    outer loop
      vertex 8.02324 1.58079 3.99987
      vertex 6.91085 1.20319 5.0194
      vertex 7.0632 1.77176 3.99987
    endloop
  endfacet
  facet normal -0.0327653 -0.499731 -0.865561
    outer loop
      vertex 9 3.99987 1.51677
      vertex 8.65473 4.7 1.12562
      vertex 9 4.7 1.11255
    endloop
  endfacet
  facet normal 0.532232 -0.466697 -0.706344
    outer loop
      vertex 50.1847 4.21532 3.06589
      vertex 50.1529 4.7 2.72169
      vertex 50.6097 4.7 3.06589
    endloop
  endfacet
  facet normal 0.824381 -0.550847 -0.130244
    outer loop
      vertex 52.5249 3.53288 8.41137
      vertex 52.403 3.62642 7.24419
      vertex 53.0445 4.58647 7.24419
    endloop
  endfacet
  facet normal 0.726292 -0.637003 0.258317
    outer loop
      vertex 52.1613 3.81191 55.893
      vertex 51.4262 2.97377 55.893
      vertex 51.6417 2.75832 54.7558
    endloop
  endfacet
  facet normal 0.4273 -0.866434 0.258277
    outer loop
      vertex 49.6612 1.61941 55.893
      vertex 48.778 0.844852 54.7558
      vertex 49.8135 1.35553 54.7558
    endloop
  endfacet
  facet normal 0.532277 -0.466679 0.706323
    outer loop
      vertex 50.1529 4.7 59.2783
      vertex 49.7 4.7 59.6196
      vertex 50.1847 4.21532 58.9341
    endloop
  endfacet
  facet normal 0.660077 -0.441257 -0.60794
    outer loop
      vertex 51.3368 4.4445 3.99987
      vertex 51.3201 4.7 3.79629
      vertex 51.5076 4.7 3.99987
    endloop
  endfacet
  facet normal 0.726331 -0.636972 -0.258283
    outer loop
      vertex 52.403 3.62642 7.24419
      vertex 51.6417 2.75832 7.24419
      vertex 52.1613 3.81191 6.10704
    endloop
  endfacet
  facet normal 0.751824 -0.659364 0
    outer loop
      vertex 51.7503 2.64966 53.5886
      vertex 52.5249 3.53288 8.41137
      vertex 52.5249 3.53288 53.5886
    endloop
  endfacet
  facet normal 0.751824 -0.659364 0
    outer loop
      vertex 52.5249 3.53288 8.41137
      vertex 51.7503 2.64966 53.5886
      vertex 51.7503 2.64966 8.41137
    endloop
  endfacet
  facet normal 0.438537 -0.889221 -0.130273
    outer loop
      vertex 49.8904 1.22246 8.41137
      vertex 48.778 0.844852 7.24419
      vertex 49.8135 1.35553 7.24419
    endloop
  endfacet
  facet normal 0.636979 -0.72631 -0.258323
    outer loop
      vertex 51.6417 2.75832 7.24419
      vertex 50.5881 2.23875 6.10704
      vertex 51.4262 2.97377 6.10704
    endloop
  endfacet
  facet normal 0.3187 -0.938864 -0.13025
    outer loop
      vertex 48.8368 0.702887 8.41137
      vertex 47.7244 0.32528 8.41137
      vertex 48.778 0.844852 7.24419
    endloop
  endfacet
  facet normal 0.31054 -0.914797 -0.258285
    outer loop
      vertex 47.6846 0.473707 7.24419
      vertex 47.6058 0.768022 6.10704
      vertex 48.6614 1.12636 6.10704
    endloop
  endfacet
  facet normal 0.651487 -0.571281 -0.499202
    outer loop
      vertex 51.8038 4.08617 5.0194
      vertex 51.1077 3.29234 5.0194
      vertex 51.3368 4.4445 3.99987
    endloop
  endfacet
  facet normal 0.60931 -0.694847 -0.382007
    outer loop
      vertex 50.5881 2.23875 6.10704
      vertex 50.3138 2.59617 5.0194
      vertex 51.1077 3.29234 5.0194
    endloop
  endfacet
  facet normal 0.118929 -0.597866 -0.792724
    outer loop
      vertex 46.9359 3.26809 2.23344
      vertex 46.1746 3.11665 2.23344
      vertex 46.6941 4.17024 1.51677
    endloop
  endfacet
  facet normal 0.338664 -0.506849 -0.792723
    outer loop
      vertex 48.3671 3.86091 2.23344
      vertex 47.9001 4.66976 1.51677
      vertex 49.0125 4.29215 2.23344
    endloop
  endfacet
  facet normal 0.803252 -0.536728 -0.258281
    outer loop
      vertex 52.403 3.62642 7.24419
      vertex 52.1613 3.81191 6.10704
      vertex 53.0445 4.58647 7.24419
    endloop
  endfacet
  facet normal 0.72629 -0.637001 -0.258328
    outer loop
      vertex 51.6417 2.75832 7.24419
      vertex 51.4262 2.97377 6.10704
      vertex 52.1613 3.81191 6.10704
    endloop
  endfacet
  facet normal -0.318701 -0.938864 0.13025
    outer loop
      vertex 6.71539 0.473707 54.7558
      vertex 5.62203 0.844852 54.7558
      vertex 6.67562 0.32528 53.5886
    endloop
  endfacet
  facet normal -0.0631834 -0.963999 0.25829
    outer loop
      vertex 7.88761 0.550538 55.893
      vertex 7.84784 0.248448 54.7558
      vertex 9 0.172932 54.7558
    endloop
  endfacet
  facet normal -0.195091 -0.980785 0
    outer loop
      vertex 6.67562 0.32528 8.41137
      vertex 7.82778 0.0961008 53.5886
      vertex 6.67562 0.32528 53.5886
    endloop
  endfacet
  facet normal -0.195091 -0.980785 -0
    outer loop
      vertex 7.82778 0.0961008 53.5886
      vertex 6.67562 0.32528 8.41137
      vertex 7.82778 0.0961008 8.41137
    endloop
  endfacet
  facet normal -0.193429 -0.97243 0.130249
    outer loop
      vertex 7.84784 0.248448 54.7558
      vertex 6.67562 0.32528 53.5886
      vertex 7.82778 0.0961008 53.5886
    endloop
  endfacet
  facet normal 0.180291 -0.906407 0.381997
    outer loop
      vertex 47.4892 1.20319 56.9806
      vertex 46.4536 0.997201 56.9806
      vertex 46.5124 0.550538 55.893
    endloop
  endfacet
  facet normal -0.0519291 -0.792288 0.607933
    outer loop
      vertex 9 2.23344 58.9341
      vertex 8.02324 1.58079 58.0001
      vertex 9 1.51677 58.0001
    endloop
  endfacet
  facet normal 0.408766 -0.828841 0.382011
    outer loop
      vertex 49.4359 2.00957 56.9806
      vertex 48.489 1.54258 56.9806
      vertex 49.6612 1.61941 55.893
    endloop
  endfacet
  facet normal 0.383176 -0.777145 0.499222
    outer loop
      vertex 48.489 1.54258 56.9806
      vertex 48.4941 2.2 58.0001
      vertex 48.2637 2.0864 58.0001
    endloop
  endfacet
  facet normal 0.383282 -0.777108 0.499197
    outer loop
      vertex 48.4941 2.2 58.0001
      vertex 48.489 1.54258 56.9806
      vertex 48.9282 2.2 57.6668
    endloop
  endfacet
  facet normal 0 -0.866019 0.500011
    outer loop
      vertex 9 0.928144 56.9806
      vertex 45.4 1.51677 58.0001
      vertex 9 1.51677 58.0001
    endloop
  endfacet
  facet normal 0 -0.866019 0.500011
    outer loop
      vertex 45.4 1.51677 58.0001
      vertex 9 0.928144 56.9806
      vertex 45.4 0.928144 56.9806
    endloop
  endfacet
  facet normal -0.0398598 -0.608242 0.79275
    outer loop
      vertex 8.34735 4.04264 60.4832
      vertex 8.22544 3.11665 59.7666
      vertex 9 3.99987 60.4832
    endloop
  endfacet
  facet normal -0.0329232 -0.499711 0.865567
    outer loop
      vertex 8.34735 4.04264 60.4832
      vertex 8.65473 4.7 60.8744
      vertex 8.43389 4.7 60.866
    endloop
  endfacet
  facet normal -0.0327515 -0.499773 0.865537
    outer loop
      vertex 8.65473 4.7 60.8744
      vertex 8.34735 4.04264 60.4832
      vertex 9 3.99987 60.4832
    endloop
  endfacet
  facet normal 0.438538 -0.889221 0.130271
    outer loop
      vertex 49.8135 1.35553 54.7558
      vertex 48.778 0.844852 54.7558
      vertex 49.8904 1.22246 53.5886
    endloop
  endfacet
  facet normal 0.550859 -0.824368 0.130277
    outer loop
      vertex 50.8671 1.87511 53.5886
      vertex 49.8135 1.35553 54.7558
      vertex 49.8904 1.22246 53.5886
    endloop
  endfacet
  facet normal 0.0648433 -0.989359 0.13025
    outer loop
      vertex 45.4 0.172932 54.7558
      vertex 45.4 0.019269 53.5886
      vertex 46.5522 0.248448 54.7558
    endloop
  endfacet
  facet normal 0.193422 -0.972433 0.13024
    outer loop
      vertex 47.7244 0.32528 53.5886
      vertex 46.5522 0.248448 54.7558
      vertex 46.5722 0.0961008 53.5886
    endloop
  endfacet
  facet normal 0.193437 -0.972428 0.130255
    outer loop
      vertex 47.6846 0.473707 54.7558
      vertex 46.5522 0.248448 54.7558
      vertex 47.7244 0.32528 53.5886
    endloop
  endfacet
  facet normal 0 -0.991445 -0.130527
    outer loop
      vertex 40.2 0.172932 7.24419
      vertex 45.4 0.019269 8.41137
      vertex 40.2 0.019269 8.41137
    endloop
  endfacet
  facet normal 0 -0.991445 -0.130527
    outer loop
      vertex 45.4 0.019269 8.41137
      vertex 40.2 0.172932 7.24419
      vertex 45.4 0.172932 7.24419
    endloop
  endfacet
  facet normal 0 -0.991445 -0.130527
    outer loop
      vertex 9 0.172932 7.24419
      vertex 14.2 0.019269 8.41137
      vertex 9 0.019269 8.41137
    endloop
  endfacet
  facet normal 0 -0.991445 -0.130527
    outer loop
      vertex 14.2 0.019269 8.41137
      vertex 9 0.172932 7.24419
      vertex 14.2 0.172932 7.24419
    endloop
  endfacet
  facet normal 0 -0.991445 -0.130527
    outer loop
      vertex 16.2 0.172932 7.24419
      vertex 20.2 0.019269 8.41137
      vertex 16.2 0.019269 8.41137
    endloop
  endfacet
  facet normal 0 -0.991445 -0.130527
    outer loop
      vertex 20.2 0.019269 8.41137
      vertex 16.2 0.172932 7.24419
      vertex 20.2 0.172932 7.24419
    endloop
  endfacet
  facet normal 0 -0.991445 -0.130527
    outer loop
      vertex 22.2 0.172932 7.24419
      vertex 26.2 0.019269 8.41137
      vertex 22.2 0.019269 8.41137
    endloop
  endfacet
  facet normal 0 -0.991445 -0.130527
    outer loop
      vertex 26.2 0.019269 8.41137
      vertex 22.2 0.172932 7.24419
      vertex 26.2 0.172932 7.24419
    endloop
  endfacet
  facet normal 0 -0.991445 -0.130527
    outer loop
      vertex 28.2 0.172932 7.24419
      vertex 32.2 0.019269 8.41137
      vertex 28.2 0.019269 8.41137
    endloop
  endfacet
  facet normal 0 -0.991445 -0.130527
    outer loop
      vertex 32.2 0.019269 8.41137
      vertex 28.2 0.172932 7.24419
      vertex 32.2 0.172932 7.24419
    endloop
  endfacet
  facet normal 0 -0.991445 -0.130527
    outer loop
      vertex 34.2 0.172932 7.24419
      vertex 38.2 0.019269 8.41137
      vertex 34.2 0.019269 8.41137
    endloop
  endfacet
  facet normal 0 -0.991445 -0.130527
    outer loop
      vertex 38.2 0.019269 8.41137
      vertex 34.2 0.172932 7.24419
      vertex 38.2 0.172932 7.24419
    endloop
  endfacet
  facet normal 0.193422 -0.972432 -0.130242
    outer loop
      vertex 46.5722 0.0961008 8.41137
      vertex 46.5522 0.248448 7.24419
      vertex 47.7244 0.32528 8.41137
    endloop
  endfacet
  facet normal -0.0462992 -0.706373 0.706324
    outer loop
      vertex 8.22544 3.11665 59.7666
      vertex 8.11679 2.29133 58.9341
      vertex 9 2.23344 58.9341
    endloop
  endfacet
  facet normal -0.481388 -0.720435 0.499239
    outer loop
      vertex 4.4445 3.06316 58.0001
      vertex 5 2.53627 57.7754
      vertex 5 2.69198 58.0001
    endloop
  endfacet
  facet normal -0.481408 -0.720443 0.499208
    outer loop
      vertex 5 2.53627 57.7754
      vertex 4.4445 3.06316 58.0001
      vertex 4.08617 2.59617 56.9806
    endloop
  endfacet
  facet normal 0.0631823 -0.963996 -0.258301
    outer loop
      vertex 46.5124 0.550538 6.10704
      vertex 45.4 0.172932 7.24419
      vertex 45.4 0.477629 6.10704
    endloop
  endfacet
  facet normal 0.0604423 -0.92219 -0.381984
    outer loop
      vertex 46.5124 0.550538 6.10704
      vertex 45.4 0.477629 6.10704
      vertex 45.4 0.928144 5.0194
    endloop
  endfacet
  facet normal -0.18847 -0.947502 -0.2583
    outer loop
      vertex 7.84784 0.248448 7.24419
      vertex 6.71539 0.473707 7.24419
      vertex 7.88761 0.550538 6.10704
    endloop
  endfacet
  facet normal -0.0631832 -0.963996 -0.258301
    outer loop
      vertex 9 0.172932 7.24419
      vertex 7.84784 0.248448 7.24419
      vertex 7.88761 0.550538 6.10704
    endloop
  endfacet
  facet normal 0 -0.866025 -0.5
    outer loop
      vertex 9 1.51677 3.99987
      vertex 45.4 0.928144 5.0194
      vertex 9 0.928144 5.0194
    endloop
  endfacet
  facet normal 0 -0.866025 -0.5
    outer loop
      vertex 45.4 0.928144 5.0194
      vertex 9 1.51677 3.99987
      vertex 45.4 1.51677 3.99987
    endloop
  endfacet
  facet normal -0.0604428 -0.92219 -0.381984
    outer loop
      vertex 9 0.477629 6.10704
      vertex 7.88761 0.550538 6.10704
      vertex 9 0.928144 5.0194
    endloop
  endfacet
  facet normal -0.55084 -0.824384 -0.130251
    outer loop
      vertex 4.58647 1.35553 7.24419
      vertex 3.53288 1.87511 8.41137
      vertex 3.62642 1.99702 7.24419
    endloop
  endfacet
  facet normal -0.53672 -0.803251 -0.2583
    outer loop
      vertex 4.58647 1.35553 7.24419
      vertex 3.62642 1.99702 7.24419
      vertex 3.81191 2.23875 6.10704
    endloop
  endfacet
  facet normal -0.408746 -0.828865 -0.381981
    outer loop
      vertex 5.73863 1.12636 6.10704
      vertex 4.73881 1.61941 6.10704
      vertex 5.91103 1.54258 5.0194
    endloop
  endfacet
  facet normal -0.481399 -0.720457 -0.499196
    outer loop
      vertex 4.96407 2.00957 5.0194
      vertex 4.08617 2.59617 5.0194
      vertex 5.25839 2.51933 3.99987
    endloop
  endfacet
  facet normal 0.481398 -0.720465 -0.499186
    outer loop
      vertex 50.3138 2.59617 5.0194
      vertex 49.1416 2.51933 3.99987
      vertex 49.9555 3.06316 3.99987
    endloop
  endfacet
  facet normal 0.39327 -0.588574 -0.706342
    outer loop
      vertex 48.7833 3.13999 3.06589
      vertex 48.3671 3.86091 2.23344
      vertex 49.0125 4.29215 2.23344
    endloop
  endfacet
  facet normal 0.0977045 -0.491179 -0.865562
    outer loop
      vertex 46.6941 4.17024 1.51677
      vertex 46.2758 4.7 1.16893
      vertex 46.5522 4.7 1.20013
    endloop
  endfacet
  facet normal 0.0977004 -0.491182 -0.865561
    outer loop
      vertex 46.2758 4.7 1.16893
      vertex 46.6941 4.17024 1.51677
      vertex 46.0526 4.04264 1.51677
    endloop
  endfacet
  facet normal 0.313063 -0.634891 -0.706332
    outer loop
      vertex 47.9894 2.74852 3.06589
      vertex 47.6709 3.51759 2.23344
      vertex 48.7833 3.13999 3.06589
    endloop
  endfacet
  facet normal 0.16099 -0.474194 -0.865576
    outer loop
      vertex 47.3135 4.38048 1.51677
      vertex 46.9491 4.7 1.27395
      vertex 47.1811 4.7 1.3171
    endloop
  endfacet
  facet normal 0.0327625 -0.499731 -0.865561
    outer loop
      vertex 45.7453 4.7 1.12562
      vertex 45.4 3.99987 1.51677
      vertex 45.4 4.7 1.11255
    endloop
  endfacet
  facet normal 0.532208 -0.466707 -0.706356
    outer loop
      vertex 50.1847 4.21532 3.06589
      vertex 49.7 4.7 2.38045
      vertex 50.1529 4.7 2.72169
    endloop
  endfacet
  facet normal -0.221339 -0.449279 0.865538
    outer loop
      vertex 7.21888 4.7 60.6829
      vertex 7.06559 4.7 60.6437
      vertex 7.08653 4.38048 60.4832
    endloop
  endfacet
  facet normal 0.0398584 -0.608241 0.792751
    outer loop
      vertex 45.4 3.99987 60.4832
      vertex 45.4 3.06589 59.7666
      vertex 46.1746 3.11665 59.7666
    endloop
  endfacet
  facet normal 0.0462889 -0.70637 0.706328
    outer loop
      vertex 45.4 3.06589 59.7666
      vertex 45.4 2.23344 58.9341
      vertex 46.1746 3.11665 59.7666
    endloop
  endfacet
  facet normal -0.2696 -0.546683 0.792751
    outer loop
      vertex 6.49993 4.66976 60.4832
      vertex 6.03294 3.86091 59.7666
      vertex 6.72911 3.51759 59.7666
    endloop
  endfacet
  facet normal -0.338661 -0.506872 0.792711
    outer loop
      vertex 5.70049 4.7 60.161
      vertex 6.49993 4.66976 60.4832
      vertex 6.45467 4.7 60.4832
    endloop
  endfacet
  facet normal -0.338683 -0.506755 0.792776
    outer loop
      vertex 6.49993 4.66976 60.4832
      vertex 5.70049 4.7 60.161
      vertex 5.38754 4.29215 59.7666
    endloop
  endfacet
  facet normal -0.466719 -0.532186 0.706365
    outer loop
      vertex 4.7 4.7 59.6196
      vertex 5.38754 4.29215 59.7666
      vertex 4.92248 4.7 59.7666
    endloop
  endfacet
  facet normal -0.466737 -0.532233 0.706318
    outer loop
      vertex 5.38754 4.29215 59.7666
      vertex 4.7 4.7 59.6196
      vertex 4.21532 4.21532 58.9341
    endloop
  endfacet
  facet normal -0.466742 -0.53222 0.706324
    outer loop
      vertex 5.38754 4.29215 59.7666
      vertex 4.21532 4.21532 58.9341
      vertex 4.88078 3.63173 58.9341
    endloop
  endfacet
  facet normal -0.523513 -0.596954 0.607932
    outer loop
      vertex 4.88078 3.63173 58.9341
      vertex 3.70856 3.70856 58.0001
      vertex 4.4445 3.06316 58.0001
    endloop
  endfacet
  facet normal -0.523512 -0.596954 0.607931
    outer loop
      vertex 4.21532 4.21532 58.9341
      vertex 3.70856 3.70856 58.0001
      vertex 4.88078 3.63173 58.9341
    endloop
  endfacet
  facet normal -0.726333 -0.636969 0.258286
    outer loop
      vertex 2.97377 2.97377 55.893
      vertex 2.23875 3.81191 55.893
      vertex 2.75832 2.75832 54.7558
    endloop
  endfacet
  facet normal -0.636969 -0.726333 0.258286
    outer loop
      vertex 2.97377 2.97377 55.893
      vertex 2.75832 2.75832 54.7558
      vertex 3.81191 2.23875 55.893
    endloop
  endfacet
  facet normal -0.59694 -0.523512 -0.607946
    outer loop
      vertex 3.70856 3.70856 3.99987
      vertex 3.39613 4.7 3.4529
      vertex 3.64358 4.7 3.20993
    endloop
  endfacet
  facet normal -0.59695 -0.52351 -0.607937
    outer loop
      vertex 3.39613 4.7 3.4529
      vertex 3.70856 3.70856 3.99987
      vertex 3.06316 4.4445 3.99987
    endloop
  endfacet
  facet normal 0.180292 -0.906412 -0.381985
    outer loop
      vertex 46.5124 0.550538 6.10704
      vertex 46.4536 0.997201 5.0194
      vertex 47.4892 1.20319 5.0194
    endloop
  endfacet
  facet normal 0.0604439 -0.92219 -0.381985
    outer loop
      vertex 46.5124 0.550538 6.10704
      vertex 45.4 0.928144 5.0194
      vertex 46.4536 0.997201 5.0194
    endloop
  endfacet
  facet normal -0.824384 -0.550841 -0.130252
    outer loop
      vertex 1.87511 3.53288 8.41137
      vertex 1.22246 4.50963 8.41137
      vertex 1.35553 4.58647 7.24419
    endloop
  endfacet
  facet normal -0.889226 -0.438534 -0.130251
    outer loop
      vertex 1.22246 4.50963 8.41137
      vertex 1.27967 4.7 7.37985
      vertex 1.35553 4.58647 7.24419
    endloop
  endfacet
  facet normal -0.889233 -0.438521 -0.130249
    outer loop
      vertex 1.27967 4.7 7.37985
      vertex 1.22246 4.50963 8.41137
      vertex 1.12858 4.7 8.41137
    endloop
  endfacet
  facet normal 0.0462875 -0.706349 -0.706349
    outer loop
      vertex 46.1746 3.11665 2.23344
      vertex 45.4 2.23344 3.06589
      vertex 45.4 3.06589 2.23344
    endloop
  endfacet
  facet normal 0.0398609 -0.608279 -0.792722
    outer loop
      vertex 46.1746 3.11665 2.23344
      vertex 45.4 3.06589 2.23344
      vertex 45.4 3.99987 1.51677
    endloop
  endfacet
  facet normal 0.536721 -0.803253 0.258294
    outer loop
      vertex 50.5881 2.23875 55.893
      vertex 49.6612 1.61941 55.893
      vertex 50.7736 1.99702 54.7558
    endloop
  endfacet
  facet normal 0.745423 -0.653749 0.130217
    outer loop
      vertex 52.5249 3.53288 53.5886
      vertex 51.6417 2.75832 54.7558
      vertex 51.7503 2.64966 53.5886
    endloop
  endfacet
  facet normal 0.636981 -0.726312 0.258313
    outer loop
      vertex 51.4262 2.97377 55.893
      vertex 50.5881 2.23875 55.893
      vertex 51.6417 2.75832 54.7558
    endloop
  endfacet
  facet normal 0.768398 -0.513425 0.382045
    outer loop
      vertex 52.3379 4.7 56.7313
      vertex 52.1613 3.81191 55.893
      vertex 52.7547 4.7 55.893
    endloop
  endfacet
  facet normal 0.889195 -0.438596 -0.130252
    outer loop
      vertex 53.1775 4.50963 8.41137
      vertex 53.1203 4.7 7.37985
      vertex 53.2714 4.7 8.41137
    endloop
  endfacet
  facet normal 0.889382 -0.438235 -0.130196
    outer loop
      vertex 53.1203 4.7 7.37985
      vertex 53.1775 4.50963 8.41137
      vertex 53.0445 4.58647 7.24419
    endloop
  endfacet
  facet normal 0.896836 -0.442364 0
    outer loop
      vertex 53.1775 4.50963 53.5886
      vertex 53.2714 4.7 8.41137
      vertex 53.2714 4.7 53.5886
    endloop
  endfacet
  facet normal 0.896836 -0.442364 0
    outer loop
      vertex 53.2714 4.7 8.41137
      vertex 53.1775 4.50963 53.5886
      vertex 53.1775 4.50963 8.41137
    endloop
  endfacet
  facet normal 0.720435 -0.481414 0.499214
    outer loop
      vertex 51.8038 4.08617 56.9806
      vertex 51.8549 4.7 57.4988
      vertex 51.3368 4.4445 58.0001
    endloop
  endfacet
  facet normal 0.720415 -0.481427 0.49923
    outer loop
      vertex 51.8549 4.7 57.4988
      vertex 51.8038 4.08617 56.9806
      vertex 52.214 4.7 56.9806
    endloop
  endfacet
  facet normal 0.726333 -0.636974 0.258272
    outer loop
      vertex 52.1613 3.81191 55.893
      vertex 51.6417 2.75832 54.7558
      vertex 52.403 3.62642 54.7558
    endloop
  endfacet
  facet normal 0.889246 -0.438631 -0.129788
    outer loop
      vertex 53.1203 4.7 7.37985
      vertex 53.0445 4.58647 7.24419
      vertex 53.1005 4.7 7.24419
    endloop
  endfacet
  facet normal 0.866239 -0.427282 -0.258959
    outer loop
      vertex 53.1005 4.7 7.24419
      vertex 53.0445 4.58647 7.24419
      vertex 53.067 4.7 7.13213
    endloop
  endfacet
  facet normal 0.653729 -0.745439 -0.130228
    outer loop
      vertex 50.8671 1.87511 8.41137
      vertex 50.7736 1.99702 7.24419
      vertex 51.6417 2.75832 7.24419
    endloop
  endfacet
  facet normal 0.636968 -0.726326 -0.258306
    outer loop
      vertex 50.7736 1.99702 7.24419
      vertex 50.5881 2.23875 6.10704
      vertex 51.6417 2.75832 7.24419
    endloop
  endfacet
  facet normal 0.536703 -0.803268 -0.258283
    outer loop
      vertex 49.8135 1.35553 7.24419
      vertex 49.6612 1.61941 6.10704
      vertex 50.7736 1.99702 7.24419
    endloop
  endfacet
  facet normal 0.550822 -0.8244 -0.130232
    outer loop
      vertex 50.8671 1.87511 8.41137
      vertex 49.8135 1.35553 7.24419
      vertex 50.7736 1.99702 7.24419
    endloop
  endfacet
  facet normal 0.513439 -0.76841 -0.382003
    outer loop
      vertex 50.5881 2.23875 6.10704
      vertex 49.6612 1.61941 6.10704
      vertex 50.3138 2.59617 5.0194
    endloop
  endfacet
  facet normal 0.571292 -0.651491 -0.499185
    outer loop
      vertex 50.3138 2.59617 5.0194
      vertex 49.9555 3.06316 3.99987
      vertex 51.1077 3.29234 5.0194
    endloop
  endfacet
  facet normal 0.427281 -0.866435 -0.258303
    outer loop
      vertex 48.778 0.844852 7.24419
      vertex 48.6614 1.12636 6.10704
      vertex 49.6612 1.61941 6.10704
    endloop
  endfacet
  facet normal 0.31052 -0.914799 -0.258303
    outer loop
      vertex 48.778 0.844852 7.24419
      vertex 47.6846 0.473707 7.24419
      vertex 48.6614 1.12636 6.10704
    endloop
  endfacet
  facet normal 0.321438 -0.946931 0
    outer loop
      vertex 47.7244 0.32528 8.41137
      vertex 48.8368 0.702887 53.5886
      vertex 47.7244 0.32528 53.5886
    endloop
  endfacet
  facet normal 0.321438 -0.946931 0
    outer loop
      vertex 48.8368 0.702887 53.5886
      vertex 47.7244 0.32528 8.41137
      vertex 48.8368 0.702887 8.41137
    endloop
  endfacet
  facet normal 0.0648432 -0.989358 -0.130252
    outer loop
      vertex 46.5522 0.248448 7.24419
      vertex 45.4 0.019269 8.41137
      vertex 45.4 0.172932 7.24419
    endloop
  endfacet
  facet normal 0.188465 -0.947505 -0.258291
    outer loop
      vertex 47.6846 0.473707 7.24419
      vertex 46.5124 0.550538 6.10704
      vertex 47.6058 0.768022 6.10704
    endloop
  endfacet
  facet normal 0.51344 -0.76841 -0.382002
    outer loop
      vertex 49.6612 1.61941 6.10704
      vertex 49.4359 2.00957 5.0194
      vertex 50.3138 2.59617 5.0194
    endloop
  endfacet
  facet normal 0.408768 -0.828846 -0.381999
    outer loop
      vertex 49.6612 1.61941 6.10704
      vertex 48.489 1.54258 5.0194
      vertex 49.4359 2.00957 5.0194
    endloop
  endfacet
  facet normal 0.651446 -0.571301 -0.499234
    outer loop
      vertex 51.1077 3.29234 5.0194
      vertex 50.6914 3.70856 3.99987
      vertex 51.3368 4.4445 3.99987
    endloop
  endfacet
  facet normal 0.255215 -0.751839 -0.60795
    outer loop
      vertex 48.2637 2.0864 3.99987
      vertex 47.3368 1.77176 3.99987
      vertex 47.9894 2.74852 3.06589
    endloop
  endfacet
  facet normal 0.720421 -0.481597 -0.499057
    outer loop
      vertex 51.8549 4.7 4.50122
      vertex 51.3368 4.4445 3.99987
      vertex 51.5076 4.7 3.99987
    endloop
  endfacet
  facet normal 0.694807 -0.609388 -0.381954
    outer loop
      vertex 51.4262 2.97377 6.10704
      vertex 51.1077 3.29234 5.0194
      vertex 52.1613 3.81191 6.10704
    endloop
  endfacet
  facet normal 0.523502 -0.596978 -0.607917
    outer loop
      vertex 50.6914 3.70856 3.99987
      vertex 49.5192 3.63173 3.06589
      vertex 50.1847 4.21532 3.06589
    endloop
  endfacet
  facet normal 0.720408 -0.481422 -0.499244
    outer loop
      vertex 51.8038 4.08617 5.0194
      vertex 51.8549 4.7 4.50122
      vertex 52.214 4.7 5.0194
    endloop
  endfacet
  facet normal 0.720459 -0.48139 -0.499202
    outer loop
      vertex 51.8549 4.7 4.50122
      vertex 51.8038 4.08617 5.0194
      vertex 51.3368 4.4445 3.99987
    endloop
  endfacet
  facet normal 0.768414 -0.513503 -0.38191
    outer loop
      vertex 52.3379 4.7 5.26869
      vertex 51.8038 4.08617 5.0194
      vertex 52.214 4.7 5.0194
    endloop
  endfacet
  facet normal 0.768396 -0.513436 -0.382035
    outer loop
      vertex 51.8038 4.08617 5.0194
      vertex 52.3379 4.7 5.26869
      vertex 52.1613 3.81191 6.10704
    endloop
  endfacet
  facet normal 0.803277 -0.536659 -0.258348
    outer loop
      vertex 52.1613 3.81191 6.10704
      vertex 52.8478 4.7 6.39676
      vertex 53.0445 4.58647 7.24419
    endloop
  endfacet
  facet normal 0.803292 -0.53674 -0.258134
    outer loop
      vertex 52.8478 4.7 6.39676
      vertex 52.1613 3.81191 6.10704
      vertex 52.7547 4.7 6.10704
    endloop
  endfacet
  facet normal -0.0604425 -0.922185 0.381996
    outer loop
      vertex 9 0.928144 56.9806
      vertex 7.88761 0.550538 55.893
      vertex 9 0.477629 55.893
    endloop
  endfacet
  facet normal 0 -0.923875 0.382695
    outer loop
      vertex 9 0.477629 55.893
      vertex 45.4 0.928144 56.9806
      vertex 9 0.928144 56.9806
    endloop
  endfacet
  facet normal 0 -0.923875 0.382695
    outer loop
      vertex 45.4 0.928144 56.9806
      vertex 9 0.477629 55.893
      vertex 45.4 0.477629 55.893
    endloop
  endfacet
  facet normal -0.154904 -0.77873 0.607934
    outer loop
      vertex 8.11679 2.29133 58.9341
      vertex 7.0632 1.77176 58.0001
      vertex 8.02324 1.58079 58.0001
    endloop
  endfacet
  facet normal -0.255217 -0.751852 0.607933
    outer loop
      vertex 7.24869 2.46401 58.9341
      vertex 6.13629 2.0864 58.0001
      vertex 7.0632 1.77176 58.0001
    endloop
  endfacet
  facet normal -0.0654035 -0.997859 0
    outer loop
      vertex 7.82778 0.0961008 8.41137
      vertex 9 0.019269 53.5886
      vertex 7.82778 0.0961008 53.5886
    endloop
  endfacet
  facet normal -0.0654035 -0.997859 -0
    outer loop
      vertex 9 0.019269 53.5886
      vertex 7.82778 0.0961008 8.41137
      vertex 9 0.019269 8.41137
    endloop
  endfacet
  facet normal 0.310521 -0.914801 0.258293
    outer loop
      vertex 48.6614 1.12636 55.893
      vertex 47.6846 0.473707 54.7558
      vertex 48.778 0.844852 54.7558
    endloop
  endfacet
  facet normal 0.427283 -0.866438 0.258293
    outer loop
      vertex 49.6612 1.61941 55.893
      vertex 48.6614 1.12636 55.893
      vertex 48.778 0.844852 54.7558
    endloop
  endfacet
  facet normal 0.310541 -0.9148 0.258275
    outer loop
      vertex 48.6614 1.12636 55.893
      vertex 47.6058 0.768022 55.893
      vertex 47.6846 0.473707 54.7558
    endloop
  endfacet
  facet normal 0.27852 -0.820493 0.499217
    outer loop
      vertex 48.2637 2.0864 58.0001
      vertex 47.3368 1.77176 58.0001
      vertex 48.489 1.54258 56.9806
    endloop
  endfacet
  facet normal 0.0566681 -0.864627 0.499208
    outer loop
      vertex 45.4 1.51677 58.0001
      vertex 45.4 0.928144 56.9806
      vertex 46.3768 1.58079 58.0001
    endloop
  endfacet
  facet normal 0.0325876 -0.499716 0.865576
    outer loop
      vertex 45.4 4.7 60.8874
      vertex 45.4 3.99987 60.4832
      vertex 45.7453 4.7 60.8744
    endloop
  endfacet
  facet normal 0.118913 -0.597827 0.792756
    outer loop
      vertex 46.6941 4.17024 60.4832
      vertex 46.0526 4.04264 60.4832
      vertex 46.1746 3.11665 59.7666
    endloop
  endfacet
  facet normal 0.0654046 -0.997859 0
    outer loop
      vertex 45.4 0.019269 8.41137
      vertex 46.5722 0.0961008 53.5886
      vertex 45.4 0.019269 53.5886
    endloop
  endfacet
  facet normal 0.0654046 -0.997859 0
    outer loop
      vertex 46.5722 0.0961008 53.5886
      vertex 45.4 0.019269 8.41137
      vertex 46.5722 0.0961008 8.41137
    endloop
  endfacet
  facet normal -0.227536 -0.670323 0.706325
    outer loop
      vertex 7.46414 3.26809 59.7666
      vertex 6.72911 3.51759 59.7666
      vertex 7.24869 2.46401 58.9341
    endloop
  endfacet
  facet normal -0.138105 -0.694285 0.706325
    outer loop
      vertex 7.46414 3.26809 59.7666
      vertex 7.24869 2.46401 58.9341
      vertex 8.11679 2.29133 58.9341
    endloop
  endfacet
  facet normal -0.313081 -0.634871 -0.706343
    outer loop
      vertex 6.41055 2.74852 3.06589
      vertex 5.61672 3.13999 3.06589
      vertex 6.72911 3.51759 2.23344
    endloop
  endfacet
  facet normal 0 -0.92388 -0.382683
    outer loop
      vertex 9 0.928144 5.0194
      vertex 45.4 0.477629 6.10704
      vertex 9 0.477629 6.10704
    endloop
  endfacet
  facet normal 0 -0.92388 -0.382683
    outer loop
      vertex 45.4 0.477629 6.10704
      vertex 9 0.928144 5.0194
      vertex 45.4 0.928144 5.0194
    endloop
  endfacet
  facet normal -0.438518 -0.889233 -0.130253
    outer loop
      vertex 5.56322 0.702887 8.41137
      vertex 4.58647 1.35553 7.24419
      vertex 5.62203 0.844852 7.24419
    endloop
  endfacet
  facet normal -0.188471 -0.947502 -0.258301
    outer loop
      vertex 7.88761 0.550538 6.10704
      vertex 6.71539 0.473707 7.24419
      vertex 6.79425 0.768022 6.10704
    endloop
  endfacet
  facet normal -0.169046 -0.84984 -0.499196
    outer loop
      vertex 7.94641 0.997201 5.0194
      vertex 6.91085 1.20319 5.0194
      vertex 8.02324 1.58079 3.99987
    endloop
  endfacet
  facet normal -0.351167 -0.712101 -0.607943
    outer loop
      vertex 6.13629 2.0864 3.99987
      vertex 5.25839 2.51933 3.99987
      vertex 5.61672 3.13999 3.06589
    endloop
  endfacet
  facet normal -0.427275 -0.866439 -0.258301
    outer loop
      vertex 5.73863 1.12636 6.10704
      vertex 4.58647 1.35553 7.24419
      vertex 4.73881 1.61941 6.10704
    endloop
  endfacet
  facet normal -0.53672 -0.803251 -0.2583
    outer loop
      vertex 4.58647 1.35553 7.24419
      vertex 3.81191 2.23875 6.10704
      vertex 4.73881 1.61941 6.10704
    endloop
  endfacet
  facet normal -0.0566709 -0.864634 -0.499197
    outer loop
      vertex 9 0.928144 5.0194
      vertex 8.02324 1.58079 3.99987
      vertex 9 1.51677 3.99987
    endloop
  endfacet
  facet normal -0.383239 -0.77713 -0.499196
    outer loop
      vertex 5.91103 1.54258 5.0194
      vertex 4.96407 2.00957 5.0194
      vertex 5.25839 2.51933 3.99987
    endloop
  endfacet
  facet normal -0.441116 -0.660169 -0.607942
    outer loop
      vertex 5.25839 2.51933 3.99987
      vertex 4.4445 3.06316 3.99987
      vertex 5.61672 3.13999 3.06589
    endloop
  endfacet
  facet normal -0.651462 -0.571315 -0.499196
    outer loop
      vertex 3.70856 3.70856 3.99987
      vertex 2.59617 4.08617 5.0194
      vertex 3.06316 4.4445 3.99987
    endloop
  endfacet
  facet normal -0.255215 -0.751846 -0.607942
    outer loop
      vertex 7.0632 1.77176 3.99987
      vertex 6.13629 2.0864 3.99987
      vertex 7.24869 2.46401 3.06589
    endloop
  endfacet
  facet normal -0.297067 -0.875124 -0.381981
    outer loop
      vertex 6.79425 0.768022 6.10704
      vertex 5.73863 1.12636 6.10704
      vertex 5.91103 1.54258 5.0194
    endloop
  endfacet
  facet normal 0.441111 -0.660169 -0.607946
    outer loop
      vertex 49.9555 3.06316 3.99987
      vertex 49.1416 2.51933 3.99987
      vertex 49.5192 3.63173 3.06589
    endloop
  endfacet
  facet normal 0.0462985 -0.706353 -0.706344
    outer loop
      vertex 46.2832 2.29133 3.06589
      vertex 45.4 2.23344 3.06589
      vertex 46.1746 3.11665 2.23344
    endloop
  endfacet
  facet normal 0.154902 -0.778724 -0.607942
    outer loop
      vertex 47.3368 1.77176 3.99987
      vertex 46.2832 2.29133 3.06589
      vertex 47.1513 2.46401 3.06589
    endloop
  endfacet
  facet normal 0.11892 -0.597864 -0.792728
    outer loop
      vertex 46.1746 3.11665 2.23344
      vertex 46.0526 4.04264 1.51677
      vertex 46.6941 4.17024 1.51677
    endloop
  endfacet
  facet normal 0 -0.608762 -0.793353
    outer loop
      vertex 9 3.06589 2.23344
      vertex 45.4 3.99987 1.51677
      vertex 45.4 3.06589 2.23344
    endloop
  endfacet
  facet normal -0 -0.608762 -0.793353
    outer loop
      vertex 45.4 3.99987 1.51677
      vertex 9 3.06589 2.23344
      vertex 9 3.99987 1.51677
    endloop
  endfacet
  facet normal 0.195943 -0.577226 -0.792727
    outer loop
      vertex 46.9359 3.26809 2.23344
      vertex 46.6941 4.17024 1.51677
      vertex 47.6709 3.51759 2.23344
    endloop
  endfacet
  facet normal 0.0398651 -0.608276 -0.792724
    outer loop
      vertex 46.1746 3.11665 2.23344
      vertex 45.4 3.99987 1.51677
      vertex 46.0526 4.04264 1.51677
    endloop
  endfacet
  facet normal 0.221505 -0.44912 -0.865579
    outer loop
      vertex 47.3135 4.38048 1.51677
      vertex 47.1811 4.7 1.3171
      vertex 47.3344 4.7 1.35633
    endloop
  endfacet
  facet normal 0.051931 -0.792286 0.607936
    outer loop
      vertex 46.2832 2.29133 58.9341
      vertex 45.4 2.23344 58.9341
      vertex 46.3768 1.58079 58.0001
    endloop
  endfacet
  facet normal -0.0325904 -0.499716 0.865576
    outer loop
      vertex 9 4.7 60.8874
      vertex 8.65473 4.7 60.8744
      vertex 9 3.99987 60.4832
    endloop
  endfacet
  facet normal 0.660156 -0.441241 0.607866
    outer loop
      vertex 51.3201 4.7 58.2037
      vertex 51.0039 4.7 58.5471
      vertex 51.3368 4.4445 58.0001
    endloop
  endfacet
  facet normal 0.160796 -0.474331 0.865537
    outer loop
      vertex 47.1811 4.7 60.6829
      vertex 46.9491 4.7 60.726
      vertex 47.3135 4.38048 60.4832
    endloop
  endfacet
  facet normal -0.0975467 -0.491203 0.865566
    outer loop
      vertex 8.43389 4.7 60.866
      vertex 8.12421 4.7 60.8311
      vertex 8.34735 4.04264 60.4832
    endloop
  endfacet
  facet normal -0.269595 -0.546683 0.792752
    outer loop
      vertex 7.08653 4.38048 60.4832
      vertex 6.49993 4.66976 60.4832
      vertex 6.72911 3.51759 59.7666
    endloop
  endfacet
  facet normal -0.393282 -0.588588 0.706324
    outer loop
      vertex 5.38754 4.29215 59.7666
      vertex 4.88078 3.63173 58.9341
      vertex 5.61672 3.13999 58.9341
    endloop
  endfacet
  facet normal -0.338644 -0.50682 0.79275
    outer loop
      vertex 6.49993 4.66976 60.4832
      vertex 5.38754 4.29215 59.7666
      vertex 6.03294 3.86091 59.7666
    endloop
  endfacet
  facet normal -0.660149 -0.441179 0.607918
    outer loop
      vertex 3.0799 4.7 58.2037
      vertex 3.06316 4.4445 58.0001
      vertex 3.39613 4.7 58.5471
    endloop
  endfacet
  facet normal -0.660213 -0.441141 0.607876
    outer loop
      vertex 3.0799 4.7 58.2037
      vertex 2.89244 4.7 58.0001
      vertex 3.06316 4.4445 58.0001
    endloop
  endfacet
  facet normal -0.221492 -0.449143 -0.86557
    outer loop
      vertex 7.08653 4.38048 1.51677
      vertex 6.51739 4.7 1.49661
      vertex 7.06559 4.7 1.35633
    endloop
  endfacet
  facet normal -0.221499 -0.449153 -0.865563
    outer loop
      vertex 6.51739 4.7 1.49661
      vertex 7.08653 4.38048 1.51677
      vertex 6.49993 4.66976 1.51677
    endloop
  endfacet
  facet normal -0.0398622 -0.608279 -0.792722
    outer loop
      vertex 9 3.99987 1.51677
      vertex 8.22544 3.11665 2.23344
      vertex 8.34735 4.04264 1.51677
    endloop
  endfacet
  facet normal -0.889246 -0.438474 -0.130313
    outer loop
      vertex 1.35553 4.58647 7.24419
      vertex 1.27967 4.7 7.37985
      vertex 1.29955 4.7 7.24419
    endloop
  endfacet
  facet normal -0.803253 -0.536723 -0.258288
    outer loop
      vertex 2.23875 3.81191 6.10704
      vertex 1.55218 4.7 6.39676
      vertex 1.64534 4.7 6.10704
    endloop
  endfacet
  facet normal -0.803252 -0.536718 -0.258302
    outer loop
      vertex 1.55218 4.7 6.39676
      vertex 2.23875 3.81191 6.10704
      vertex 1.35553 4.58647 7.24419
    endloop
  endfacet
  facet normal 0 -0.707107 -0.707107
    outer loop
      vertex 9 3.06589 2.23344
      vertex 45.4 2.23344 3.06589
      vertex 9 2.23344 3.06589
    endloop
  endfacet
  facet normal 0 -0.707107 -0.707107
    outer loop
      vertex 45.4 2.23344 3.06589
      vertex 9 3.06589 2.23344
      vertex 45.4 3.06589 2.23344
    endloop
  endfacet
  facet normal 0.536705 -0.803271 0.258272
    outer loop
      vertex 50.7736 1.99702 54.7558
      vertex 49.6612 1.61941 55.893
      vertex 49.8135 1.35553 54.7558
    endloop
  endfacet
  facet normal 0.550822 -0.8244 0.13023
    outer loop
      vertex 50.7736 1.99702 54.7558
      vertex 49.8135 1.35553 54.7558
      vertex 50.8671 1.87511 53.5886
    endloop
  endfacet
  facet normal 0.609363 -0.694821 0.38197
    outer loop
      vertex 51.1077 3.29234 56.9806
      vertex 50.5881 2.23875 55.893
      vertex 51.4262 2.97377 55.893
    endloop
  endfacet
  facet normal 0.824409 -0.550816 0.130201
    outer loop
      vertex 53.0445 4.58647 54.7558
      vertex 52.5249 3.53288 53.5886
      vertex 53.1775 4.50963 53.5886
    endloop
  endfacet
  facet normal 0.889398 -0.438203 0.130193
    outer loop
      vertex 53.1775 4.50963 53.5886
      vertex 53.1203 4.7 54.6201
      vertex 53.0445 4.58647 54.7558
    endloop
  endfacet
  facet normal 0.889195 -0.438595 0.130254
    outer loop
      vertex 53.1203 4.7 54.6201
      vertex 53.1775 4.50963 53.5886
      vertex 53.2714 4.7 53.5886
    endloop
  endfacet
  facet normal 0.768418 -0.513506 0.381897
    outer loop
      vertex 51.8038 4.08617 56.9806
      vertex 52.3379 4.7 56.7313
      vertex 52.214 4.7 56.9806
    endloop
  endfacet
  facet normal 0.768397 -0.513426 0.382047
    outer loop
      vertex 52.3379 4.7 56.7313
      vertex 51.8038 4.08617 56.9806
      vertex 52.1613 3.81191 55.893
    endloop
  endfacet
  facet normal 0.651441 -0.571296 0.499245
    outer loop
      vertex 51.3368 4.4445 58.0001
      vertex 50.6914 3.70856 58.0001
      vertex 51.1077 3.29234 56.9806
    endloop
  endfacet
  facet normal 0.651482 -0.571277 0.499213
    outer loop
      vertex 51.3368 4.4445 58.0001
      vertex 51.1077 3.29234 56.9806
      vertex 51.8038 4.08617 56.9806
    endloop
  endfacet
  facet normal 0.188478 -0.947499 -0.258305
    outer loop
      vertex 46.5522 0.248448 7.24419
      vertex 46.5124 0.550538 6.10704
      vertex 47.6846 0.473707 7.24419
    endloop
  endfacet
  facet normal 0.193437 -0.972428 -0.130257
    outer loop
      vertex 47.7244 0.32528 8.41137
      vertex 46.5522 0.248448 7.24419
      vertex 47.6846 0.473707 7.24419
    endloop
  endfacet
  facet normal 0.481401 -0.72046 -0.499189
    outer loop
      vertex 49.4359 2.00957 5.0194
      vertex 49.1416 2.51933 3.99987
      vertex 50.3138 2.59617 5.0194
    endloop
  endfacet
  facet normal 0.38326 -0.777123 -0.499191
    outer loop
      vertex 49.4359 2.00957 5.0194
      vertex 48.489 1.54258 5.0194
      vertex 49.1416 2.51933 3.99987
    endloop
  endfacet
  facet normal 0.441133 -0.660166 -0.607933
    outer loop
      vertex 49.1416 2.51933 3.99987
      vertex 48.7833 3.13999 3.06589
      vertex 49.5192 3.63173 3.06589
    endloop
  endfacet
  facet normal 0.351144 -0.712119 -0.607935
    outer loop
      vertex 49.1416 2.51933 3.99987
      vertex 47.9894 2.74852 3.06589
      vertex 48.7833 3.13999 3.06589
    endloop
  endfacet
  facet normal -0.0604441 -0.922185 0.381997
    outer loop
      vertex 7.94641 0.997201 56.9806
      vertex 7.88761 0.550538 55.893
      vertex 9 0.928144 56.9806
    endloop
  endfacet
  facet normal -0.427276 -0.866442 0.25829
    outer loop
      vertex 4.73881 1.61941 55.893
      vertex 4.58647 1.35553 54.7558
      vertex 5.73863 1.12636 55.893
    endloop
  endfacet
  facet normal -0.383229 -0.777126 0.499209
    outer loop
      vertex 5.91103 1.54258 56.9806
      vertex 5.90593 2.2 58.0001
      vertex 5.47176 2.2 57.6668
    endloop
  endfacet
  facet normal -0.383232 -0.777125 0.499209
    outer loop
      vertex 5.90593 2.2 58.0001
      vertex 5.91103 1.54258 56.9806
      vertex 6.13629 2.0864 58.0001
    endloop
  endfacet
  facet normal -0.438518 -0.889234 0.130251
    outer loop
      vertex 5.62203 0.844852 54.7558
      vertex 4.58647 1.35553 54.7558
      vertex 5.56322 0.702887 53.5886
    endloop
  endfacet
  facet normal 0.383176 -0.777114 0.49927
    outer loop
      vertex 48.489 1.54258 56.9806
      vertex 49.326 2.2 57.3615
      vertex 48.9282 2.2 57.6668
    endloop
  endfacet
  facet normal 0.383277 -0.777158 0.499124
    outer loop
      vertex 49.326 2.2 57.3615
      vertex 48.489 1.54258 56.9806
      vertex 49.4359 2.00957 56.9806
    endloop
  endfacet
  facet normal 0.278522 -0.820491 0.499219
    outer loop
      vertex 48.489 1.54258 56.9806
      vertex 47.3368 1.77176 58.0001
      vertex 47.4892 1.20319 56.9806
    endloop
  endfacet
  facet normal 0.351138 -0.7121 0.60796
    outer loop
      vertex 48.8951 2.56838 58.2
      vertex 47.9894 2.74852 58.9341
      vertex 48.205 2.22809 58.2
    endloop
  endfacet
  facet normal 0.351188 -0.712269 0.607733
    outer loop
      vertex 48.4941 2.2 58.0001
      vertex 48.2167 2.2 58.1604
      vertex 48.2637 2.0864 58.0001
    endloop
  endfacet
  facet normal 0.297065 -0.875117 0.381998
    outer loop
      vertex 48.489 1.54258 56.9806
      vertex 47.4892 1.20319 56.9806
      vertex 47.6058 0.768022 55.893
    endloop
  endfacet
  facet normal 0 -0.608725 0.793381
    outer loop
      vertex 9 3.99987 60.4832
      vertex 45.4 3.06589 59.7666
      vertex 45.4 3.99987 60.4832
    endloop
  endfacet
  facet normal 0 -0.608725 0.793381
    outer loop
      vertex 45.4 3.06589 59.7666
      vertex 9 3.99987 60.4832
      vertex 9 3.06589 59.7666
    endloop
  endfacet
  facet normal 0.0566711 -0.864628 0.499205
    outer loop
      vertex 46.3768 1.58079 58.0001
      vertex 45.4 0.928144 56.9806
      vertex 46.4536 0.997201 56.9806
    endloop
  endfacet
  facet normal 0.15491 -0.778725 0.607939
    outer loop
      vertex 47.3368 1.77176 58.0001
      vertex 46.2832 2.29133 58.9341
      vertex 46.3768 1.58079 58.0001
    endloop
  endfacet
  facet normal 0.227556 -0.670328 0.706313
    outer loop
      vertex 47.6709 3.51759 59.7666
      vertex 47.1513 2.46401 58.9341
      vertex 47.9894 2.74852 58.9341
    endloop
  endfacet
  facet normal -0.154903 -0.778731 0.607933
    outer loop
      vertex 7.24869 2.46401 58.9341
      vertex 7.0632 1.77176 58.0001
      vertex 8.11679 2.29133 58.9341
    endloop
  endfacet
  facet normal -0.227544 -0.670324 0.706321
    outer loop
      vertex 6.72911 3.51759 59.7666
      vertex 6.41055 2.74852 58.9341
      vertex 7.24869 2.46401 58.9341
    endloop
  endfacet
  facet normal -0.118919 -0.597836 0.792749
    outer loop
      vertex 7.70587 4.17024 60.4832
      vertex 7.46414 3.26809 59.7666
      vertex 8.34735 4.04264 60.4832
    endloop
  endfacet
  facet normal -0.195926 -0.577202 0.792749
    outer loop
      vertex 7.70587 4.17024 60.4832
      vertex 6.72911 3.51759 59.7666
      vertex 7.46414 3.26809 59.7666
    endloop
  endfacet
  facet normal -0.427277 -0.866438 -0.258303
    outer loop
      vertex 5.62203 0.844852 7.24419
      vertex 4.58647 1.35553 7.24419
      vertex 5.73863 1.12636 6.10704
    endloop
  endfacet
  facet normal -0.31053 -0.914795 -0.258304
    outer loop
      vertex 6.71539 0.473707 7.24419
      vertex 5.62203 0.844852 7.24419
      vertex 5.73863 1.12636 6.10704
    endloop
  endfacet
  facet normal -0.180297 -0.90641 -0.381986
    outer loop
      vertex 7.88761 0.550538 6.10704
      vertex 6.79425 0.768022 6.10704
      vertex 6.91085 1.20319 5.0194
    endloop
  endfacet
  facet normal -0.297062 -0.875124 -0.381986
    outer loop
      vertex 6.79425 0.768022 6.10704
      vertex 5.91103 1.54258 5.0194
      vertex 6.91085 1.20319 5.0194
    endloop
  endfacet
  facet normal 0 -0.793353 -0.608762
    outer loop
      vertex 9 2.23344 3.06589
      vertex 45.4 1.51677 3.99987
      vertex 9 1.51677 3.99987
    endloop
  endfacet
  facet normal 0 -0.793353 -0.608762
    outer loop
      vertex 45.4 1.51677 3.99987
      vertex 9 2.23344 3.06589
      vertex 45.4 2.23344 3.06589
    endloop
  endfacet
  facet normal -0.59695 -0.523508 -0.607939
    outer loop
      vertex 3.70856 3.70856 3.99987
      vertex 3.79027 4.7 3.06589
      vertex 4.21532 4.21532 3.06589
    endloop
  endfacet
  facet normal -0.596955 -0.523505 -0.607937
    outer loop
      vertex 3.79027 4.7 3.06589
      vertex 3.70856 3.70856 3.99987
      vertex 3.64358 4.7 3.20993
    endloop
  endfacet
  facet normal -0.481399 -0.720457 -0.499196
    outer loop
      vertex 5.25839 2.51933 3.99987
      vertex 4.08617 2.59617 5.0194
      vertex 4.4445 3.06316 3.99987
    endloop
  endfacet
  facet normal -0.227529 -0.670303 -0.706346
    outer loop
      vertex 7.24869 2.46401 3.06589
      vertex 6.72911 3.51759 2.23344
      vertex 7.46414 3.26809 2.23344
    endloop
  endfacet
  facet normal -0.0977022 -0.491175 -0.865564
    outer loop
      vertex 7.70587 4.17024 1.51677
      vertex 8.12421 4.7 1.16893
      vertex 8.34735 4.04264 1.51677
    endloop
  endfacet
  facet normal -0.0977085 -0.491171 -0.865566
    outer loop
      vertex 8.12421 4.7 1.16893
      vertex 7.70587 4.17024 1.51677
      vertex 7.84782 4.7 1.20013
    endloop
  endfacet
  facet normal -0.40875 -0.828861 -0.381986
    outer loop
      vertex 5.91103 1.54258 5.0194
      vertex 4.73881 1.61941 6.10704
      vertex 4.96407 2.00957 5.0194
    endloop
  endfacet
  facet normal -0.513443 -0.768416 -0.381986
    outer loop
      vertex 4.73881 1.61941 6.10704
      vertex 3.81191 2.23875 6.10704
      vertex 4.96407 2.00957 5.0194
    endloop
  endfacet
  facet normal 0.596963 -0.523521 -0.607915
    outer loop
      vertex 50.6914 3.70856 3.99987
      vertex 50.1847 4.21532 3.06589
      vertex 51.3368 4.4445 3.99987
    endloop
  endfacet
  facet normal 0.596792 -0.523757 -0.60788
    outer loop
      vertex 51.3368 4.4445 3.99987
      vertex 50.6097 4.7 3.06589
      vertex 51.0039 4.7 3.4529
    endloop
  endfacet
  facet normal 0.596977 -0.52347 -0.607945
    outer loop
      vertex 50.6097 4.7 3.06589
      vertex 51.3368 4.4445 3.99987
      vertex 50.1847 4.21532 3.06589
    endloop
  endfacet
  facet normal 0.227539 -0.670306 -0.706339
    outer loop
      vertex 47.1513 2.46401 3.06589
      vertex 46.9359 3.26809 2.23344
      vertex 47.6709 3.51759 2.23344
    endloop
  endfacet
  facet normal 0.22755 -0.670308 -0.706335
    outer loop
      vertex 47.9894 2.74852 3.06589
      vertex 47.1513 2.46401 3.06589
      vertex 47.6709 3.51759 2.23344
    endloop
  endfacet
  facet normal 0.138106 -0.694268 -0.706342
    outer loop
      vertex 47.1513 2.46401 3.06589
      vertex 46.1746 3.11665 2.23344
      vertex 46.9359 3.26809 2.23344
    endloop
  endfacet
  facet normal 0.138102 -0.69427 -0.70634
    outer loop
      vertex 46.2832 2.29133 3.06589
      vertex 46.1746 3.11665 2.23344
      vertex 47.1513 2.46401 3.06589
    endloop
  endfacet
  facet normal 0.466702 -0.532214 -0.706355
    outer loop
      vertex 50.1847 4.21532 3.06589
      vertex 49.4775 4.7 2.23344
      vertex 49.7 4.7 2.38045
    endloop
  endfacet
  facet normal 0.466753 -0.532157 -0.706365
    outer loop
      vertex 49.4775 4.7 2.23344
      vertex 50.1847 4.21532 3.06589
      vertex 49.0125 4.29215 2.23344
    endloop
  endfacet
  facet normal 0.118922 -0.597829 0.792753
    outer loop
      vertex 46.6941 4.17024 60.4832
      vertex 46.1746 3.11665 59.7666
      vertex 46.9359 3.26809 59.7666
    endloop
  endfacet
  facet normal 0.195918 -0.577204 0.79275
    outer loop
      vertex 47.3135 4.38048 60.4832
      vertex 46.6941 4.17024 60.4832
      vertex 47.6709 3.51759 59.7666
    endloop
  endfacet
  facet normal 0.0398627 -0.608239 0.792752
    outer loop
      vertex 46.0526 4.04264 60.4832
      vertex 45.4 3.99987 60.4832
      vertex 46.1746 3.11665 59.7666
    endloop
  endfacet
  facet normal 0.221328 -0.449258 0.865552
    outer loop
      vertex 47.3344 4.7 60.6437
      vertex 47.1811 4.7 60.6829
      vertex 47.3135 4.38048 60.4832
    endloop
  endfacet
  facet normal 0.393282 -0.588592 0.70632
    outer loop
      vertex 49.0125 4.29215 59.7666
      vertex 48.3671 3.86091 59.7666
      vertex 48.7833 3.13999 58.9341
    endloop
  endfacet
  facet normal 0.532232 -0.466697 0.706344
    outer loop
      vertex 50.6097 4.7 58.9341
      vertex 50.1529 4.7 59.2783
      vertex 50.1847 4.21532 58.9341
    endloop
  endfacet
  facet normal -0.160801 -0.474348 0.865527
    outer loop
      vertex 7.21888 4.7 60.6829
      vertex 7.08653 4.38048 60.4832
      vertex 7.45087 4.7 60.726
    endloop
  endfacet
  facet normal -0.221506 -0.449271 0.8655
    outer loop
      vertex 6.51739 4.7 60.5034
      vertex 7.08653 4.38048 60.4832
      vertex 7.06559 4.7 60.6437
    endloop
  endfacet
  facet normal -0.221828 -0.44982 0.865132
    outer loop
      vertex 7.08653 4.38048 60.4832
      vertex 6.51739 4.7 60.5034
      vertex 6.49993 4.66976 60.4832
    endloop
  endfacet
  facet normal -0.39328 -0.588588 0.706325
    outer loop
      vertex 6.03294 3.86091 59.7666
      vertex 5.38754 4.29215 59.7666
      vertex 5.61672 3.13999 58.9341
    endloop
  endfacet
  facet normal -0.313096 -0.634882 0.706325
    outer loop
      vertex 6.03294 3.86091 59.7666
      vertex 5.61672 3.13999 58.9341
      vertex 6.72911 3.51759 59.7666
    endloop
  endfacet
  facet normal -0.651457 -0.571311 0.499207
    outer loop
      vertex 3.06316 4.4445 58.0001
      vertex 2.59617 4.08617 56.9806
      vertex 3.70856 3.70856 58.0001
    endloop
  endfacet
  facet normal -0.720435 -0.48138 0.499246
    outer loop
      vertex 2.55593 4.7 57.5145
      vertex 3.06316 4.4445 58.0001
      vertex 2.89244 4.7 58.0001
    endloop
  endfacet
  facet normal -0.720426 -0.481432 0.499209
    outer loop
      vertex 3.06316 4.4445 58.0001
      vertex 2.55593 4.7 57.5145
      vertex 2.59617 4.08617 56.9806
    endloop
  endfacet
  facet normal -0.660189 -0.441125 -0.607914
    outer loop
      vertex 3.06316 4.4445 3.99987
      vertex 2.89244 4.7 3.99987
      vertex 3.0799 4.7 3.79629
    endloop
  endfacet
  facet normal -0.338661 -0.506872 -0.792711
    outer loop
      vertex 6.49993 4.66976 1.51677
      vertex 5.70049 4.7 1.83897
      vertex 6.45467 4.7 1.51677
    endloop
  endfacet
  facet normal -0.338665 -0.506852 -0.792721
    outer loop
      vertex 5.70049 4.7 1.83897
      vertex 6.49993 4.66976 1.51677
      vertex 5.38754 4.29215 2.23344
    endloop
  endfacet
  facet normal -0.11893 -0.597869 -0.792722
    outer loop
      vertex 8.22544 3.11665 2.23344
      vertex 7.46414 3.26809 2.23344
      vertex 8.34735 4.04264 1.51677
    endloop
  endfacet
  facet normal -0.118926 -0.597873 -0.79272
    outer loop
      vertex 8.34735 4.04264 1.51677
      vertex 7.46414 3.26809 2.23344
      vertex 7.70587 4.17024 1.51677
    endloop
  endfacet
  facet normal -0.160968 -0.474221 -0.865566
    outer loop
      vertex 7.70587 4.17024 1.51677
      vertex 7.45087 4.7 1.27395
      vertex 7.84782 4.7 1.20013
    endloop
  endfacet
  facet normal -0.160979 -0.474225 -0.865561
    outer loop
      vertex 7.45087 4.7 1.27395
      vertex 7.70587 4.17024 1.51677
      vertex 7.08653 4.38048 1.51677
    endloop
  endfacet
  facet normal -0.195939 -0.577237 -0.79272
    outer loop
      vertex 7.46414 3.26809 2.23344
      vertex 6.72911 3.51759 2.23344
      vertex 7.70587 4.17024 1.51677
    endloop
  endfacet
  facet normal -0.221515 -0.449142 -0.865565
    outer loop
      vertex 7.08653 4.38048 1.51677
      vertex 7.06559 4.7 1.35633
      vertex 7.21888 4.7 1.3171
    endloop
  endfacet
  facet normal -0.720454 -0.481393 -0.499207
    outer loop
      vertex 3.06316 4.4445 3.99987
      vertex 2.55593 4.7 4.48552
      vertex 2.89244 4.7 3.99987
    endloop
  endfacet
  facet normal -0.720451 -0.481407 -0.499197
    outer loop
      vertex 2.55593 4.7 4.48552
      vertex 3.06316 4.4445 3.99987
      vertex 2.59617 4.08617 5.0194
    endloop
  endfacet
  facet normal -0.72633 -0.636967 -0.258297
    outer loop
      vertex 2.75832 2.75832 7.24419
      vertex 2.23875 3.81191 6.10704
      vertex 2.97377 2.97377 6.10704
    endloop
  endfacet
  facet normal -0.0398629 -0.608279 -0.792722
    outer loop
      vertex 9 3.06589 2.23344
      vertex 8.22544 3.11665 2.23344
      vertex 9 3.99987 1.51677
    endloop
  endfacet
  facet normal -0.0462898 -0.706349 -0.706349
    outer loop
      vertex 9 2.23344 3.06589
      vertex 8.22544 3.11665 2.23344
      vertex 9 3.06589 2.23344
    endloop
  endfacet
  facet normal 0.63697 -0.726328 0.258295
    outer loop
      vertex 51.6417 2.75832 54.7558
      vertex 50.5881 2.23875 55.893
      vertex 50.7736 1.99702 54.7558
    endloop
  endfacet
  facet normal 0.653729 -0.745439 0.130226
    outer loop
      vertex 51.6417 2.75832 54.7558
      vertex 50.7736 1.99702 54.7558
      vertex 50.8671 1.87511 53.5886
    endloop
  endfacet
  facet normal 0.88925 -0.438633 0.129751
    outer loop
      vertex 53.1005 4.7 54.7558
      vertex 53.0445 4.58647 54.7558
      vertex 53.1203 4.7 54.6201
    endloop
  endfacet
  facet normal 0.803306 -0.53675 0.258067
    outer loop
      vertex 52.1613 3.81191 55.893
      vertex 52.8478 4.7 55.6032
      vertex 52.7547 4.7 55.893
    endloop
  endfacet
  facet normal 0.803287 -0.53664 0.258356
    outer loop
      vertex 52.8478 4.7 55.6032
      vertex 52.1613 3.81191 55.893
      vertex 53.0445 4.58647 54.7558
    endloop
  endfacet
  facet normal 0.660101 -0.441273 0.607902
    outer loop
      vertex 51.5076 4.7 58.0001
      vertex 51.3201 4.7 58.2037
      vertex 51.3368 4.4445 58.0001
    endloop
  endfacet
  facet normal 0.571316 -0.651427 0.499241
    outer loop
      vertex 50.6914 3.70856 58.0001
      vertex 49.9555 3.06316 58.0001
      vertex 51.1077 3.29234 56.9806
    endloop
  endfacet
  facet normal 0.609307 -0.694843 0.382019
    outer loop
      vertex 51.1077 3.29234 56.9806
      vertex 50.3138 2.59617 56.9806
      vertex 50.5881 2.23875 55.893
    endloop
  endfacet
  facet normal 0.313077 -0.634872 -0.706343
    outer loop
      vertex 48.7833 3.13999 3.06589
      vertex 47.6709 3.51759 2.23344
      vertex 48.3671 3.86091 2.23344
    endloop
  endfacet
  facet normal 0.269606 -0.54672 -0.792723
    outer loop
      vertex 48.3671 3.86091 2.23344
      vertex 47.6709 3.51759 2.23344
      vertex 47.9001 4.66976 1.51677
    endloop
  endfacet
  facet normal 0.393293 -0.588571 -0.706332
    outer loop
      vertex 49.5192 3.63173 3.06589
      vertex 48.7833 3.13999 3.06589
      vertex 49.0125 4.29215 2.23344
    endloop
  endfacet
  facet normal 0.466723 -0.53223 -0.706329
    outer loop
      vertex 49.5192 3.63173 3.06589
      vertex 49.0125 4.29215 2.23344
      vertex 50.1847 4.21532 3.06589
    endloop
  endfacet
  facet normal -0.0566716 -0.864628 0.499207
    outer loop
      vertex 8.02324 1.58079 58.0001
      vertex 7.94641 0.997201 56.9806
      vertex 9 0.928144 56.9806
    endloop
  endfacet
  facet normal -0.0566705 -0.864627 0.499208
    outer loop
      vertex 9 1.51677 58.0001
      vertex 8.02324 1.58079 58.0001
      vertex 9 0.928144 56.9806
    endloop
  endfacet
  facet normal -0.188471 -0.947505 0.25829
    outer loop
      vertex 7.88761 0.550538 55.893
      vertex 6.71539 0.473707 54.7558
      vertex 7.84784 0.248448 54.7558
    endloop
  endfacet
  facet normal -0.278519 -0.820499 0.499208
    outer loop
      vertex 6.13629 2.0864 58.0001
      vertex 5.91103 1.54258 56.9806
      vertex 7.0632 1.77176 58.0001
    endloop
  endfacet
  facet normal 0.18029 -0.906407 0.381998
    outer loop
      vertex 47.4892 1.20319 56.9806
      vertex 46.5124 0.550538 55.893
      vertex 47.6058 0.768022 55.893
    endloop
  endfacet
  facet normal 0.188465 -0.947508 0.258281
    outer loop
      vertex 47.6058 0.768022 55.893
      vertex 46.5124 0.550538 55.893
      vertex 47.6846 0.473707 54.7558
    endloop
  endfacet
  facet normal 0.297071 -0.875117 0.381994
    outer loop
      vertex 48.489 1.54258 56.9806
      vertex 47.6058 0.768022 55.893
      vertex 48.6614 1.12636 55.893
    endloop
  endfacet
  facet normal 0.40875 -0.828858 0.381993
    outer loop
      vertex 49.6612 1.61941 55.893
      vertex 48.489 1.54258 56.9806
      vertex 48.6614 1.12636 55.893
    endloop
  endfacet
  facet normal 0.481388 -0.720435 0.499239
    outer loop
      vertex 49.4 2.53627 57.7754
      vertex 49.9555 3.06316 58.0001
      vertex 49.4 2.69198 58.0001
    endloop
  endfacet
  facet normal 0.481415 -0.720446 0.499197
    outer loop
      vertex 49.9555 3.06316 58.0001
      vertex 49.4 2.53627 57.7754
      vertex 50.3138 2.59617 56.9806
    endloop
  endfacet
  facet normal 0.571288 -0.651486 0.499196
    outer loop
      vertex 51.1077 3.29234 56.9806
      vertex 49.9555 3.06316 58.0001
      vertex 50.3138 2.59617 56.9806
    endloop
  endfacet
  facet normal 0.393305 -0.588589 0.70631
    outer loop
      vertex 49.0125 4.29215 59.7666
      vertex 48.7833 3.13999 58.9341
      vertex 49.5192 3.63173 58.9341
    endloop
  endfacet
  facet normal 0.313087 -0.634891 0.706321
    outer loop
      vertex 48.3671 3.86091 59.7666
      vertex 47.6709 3.51759 59.7666
      vertex 48.7833 3.13999 58.9341
    endloop
  endfacet
  facet normal 0.25523 -0.751847 0.607935
    outer loop
      vertex 47.9894 2.74852 58.9341
      vertex 47.1513 2.46401 58.9341
      vertex 47.3368 1.77176 58.0001
    endloop
  endfacet
  facet normal 0.227546 -0.670327 0.706318
    outer loop
      vertex 47.6709 3.51759 59.7666
      vertex 46.9359 3.26809 59.7666
      vertex 47.1513 2.46401 58.9341
    endloop
  endfacet
  facet normal 0.13811 -0.694288 0.706321
    outer loop
      vertex 46.9359 3.26809 59.7666
      vertex 46.1746 3.11665 59.7666
      vertex 47.1513 2.46401 58.9341
    endloop
  endfacet
  facet normal 0.154903 -0.77873 0.607934
    outer loop
      vertex 47.1513 2.46401 58.9341
      vertex 46.2832 2.29133 58.9341
      vertex 47.3368 1.77176 58.0001
    endloop
  endfacet
  facet normal -0.351164 -0.712096 0.60795
    outer loop
      vertex 6.02511 2.31186 58.2
      vertex 6.41055 2.74852 58.9341
      vertex 5.61672 3.13999 58.9341
    endloop
  endfacet
  facet normal -0.351164 -0.712096 0.60795
    outer loop
      vertex 6.41055 2.74852 58.9341
      vertex 6.02511 2.31186 58.2
      vertex 6.19498 2.22809 58.2
    endloop
  endfacet
  facet normal -0.351429 -0.712088 0.607807
    outer loop
      vertex 6.18335 2.2 58.1604
      vertex 6.08027 2.2 58.1008
      vertex 6.13629 2.0864 58.0001
    endloop
  endfacet
  facet normal -0.383248 -0.777148 0.499161
    outer loop
      vertex 5.91103 1.54258 56.9806
      vertex 5.07402 2.2 57.3615
      vertex 4.96407 2.00957 56.9806
    endloop
  endfacet
  facet normal -0.383201 -0.777128 0.499228
    outer loop
      vertex 5.07402 2.2 57.3615
      vertex 5.91103 1.54258 56.9806
      vertex 5.47176 2.2 57.6668
    endloop
  endfacet
  facet normal -0.056672 -0.864634 -0.499196
    outer loop
      vertex 9 0.928144 5.0194
      vertex 7.94641 0.997201 5.0194
      vertex 8.02324 1.58079 3.99987
    endloop
  endfacet
  facet normal -0.180299 -0.906411 -0.381985
    outer loop
      vertex 7.88761 0.550538 6.10704
      vertex 6.91085 1.20319 5.0194
      vertex 7.94641 0.997201 5.0194
    endloop
  endfacet
  facet normal -0.571315 -0.651462 -0.499196
    outer loop
      vertex 4.08617 2.59617 5.0194
      vertex 3.70856 3.70856 3.99987
      vertex 4.4445 3.06316 3.99987
    endloop
  endfacet
  facet normal -0.523509 -0.596949 -0.60794
    outer loop
      vertex 4.4445 3.06316 3.99987
      vertex 3.70856 3.70856 3.99987
      vertex 4.88078 3.63173 3.06589
    endloop
  endfacet
  facet normal -0.383236 -0.77713 -0.499198
    outer loop
      vertex 5.91103 1.54258 5.0194
      vertex 5.25839 2.51933 3.99987
      vertex 6.13629 2.0864 3.99987
    endloop
  endfacet
  facet normal -0.0519301 -0.792281 -0.607942
    outer loop
      vertex 9 2.23344 3.06589
      vertex 8.02324 1.58079 3.99987
      vertex 8.11679 2.29133 3.06589
    endloop
  endfacet
  facet normal -0.351166 -0.712101 -0.607943
    outer loop
      vertex 6.13629 2.0864 3.99987
      vertex 5.61672 3.13999 3.06589
      vertex 6.41055 2.74852 3.06589
    endloop
  endfacet
  facet normal -0.255217 -0.751844 -0.607943
    outer loop
      vertex 7.24869 2.46401 3.06589
      vertex 6.13629 2.0864 3.99987
      vertex 6.41055 2.74852 3.06589
    endloop
  endfacet
  facet normal 0.57132 -0.651432 -0.499229
    outer loop
      vertex 51.1077 3.29234 5.0194
      vertex 49.9555 3.06316 3.99987
      vertex 50.6914 3.70856 3.99987
    endloop
  endfacet
  facet normal 0.523521 -0.596931 -0.607946
    outer loop
      vertex 49.9555 3.06316 3.99987
      vertex 49.5192 3.63173 3.06589
      vertex 50.6914 3.70856 3.99987
    endloop
  endfacet
  facet normal 0 -0.499981 0.866036
    outer loop
      vertex 9 4.7 60.8874
      vertex 45.4 3.99987 60.4832
      vertex 45.4 4.7 60.8874
    endloop
  endfacet
  facet normal 0 -0.499981 0.866036
    outer loop
      vertex 45.4 3.99987 60.4832
      vertex 9 4.7 60.8874
      vertex 9 3.99987 60.4832
    endloop
  endfacet
  facet normal 0.338687 -0.506726 0.792792
    outer loop
      vertex 47.9453 4.7 60.4832
      vertex 49.0125 4.29215 59.7666
      vertex 48.6995 4.7 60.161
    endloop
  endfacet
  facet normal 0.338845 -0.506475 0.792885
    outer loop
      vertex 49.0125 4.29215 59.7666
      vertex 47.9453 4.7 60.4832
      vertex 47.9001 4.66976 60.4832
    endloop
  endfacet
  facet normal 0.466648 -0.532307 0.706321
    outer loop
      vertex 49.4775 4.7 59.7666
      vertex 50.1847 4.21532 58.9341
      vertex 49.7 4.7 59.6196
    endloop
  endfacet
  facet normal 0.466767 -0.532173 0.706343
    outer loop
      vertex 50.1847 4.21532 58.9341
      vertex 49.4775 4.7 59.7666
      vertex 49.0125 4.29215 59.7666
    endloop
  endfacet
  facet normal 0.523506 -0.596983 0.607909
    outer loop
      vertex 50.1847 4.21532 58.9341
      vertex 49.5192 3.63173 58.9341
      vertex 50.6914 3.70856 58.0001
    endloop
  endfacet
  facet normal -0.160995 -0.474211 -0.865566
    outer loop
      vertex 7.45087 4.7 1.27395
      vertex 7.08653 4.38048 1.51677
      vertex 7.21888 4.7 1.3171
    endloop
  endfacet
  facet normal -0.269616 -0.546717 -0.792722
    outer loop
      vertex 6.72911 3.51759 2.23344
      vertex 6.03294 3.86091 2.23344
      vertex 6.49993 4.66976 1.51677
    endloop
  endfacet
  facet normal -0.768413 -0.513443 -0.381993
    outer loop
      vertex 2.23875 3.81191 6.10704
      vertex 1.64534 4.7 6.10704
      vertex 2.0621 4.7 5.26869
    endloop
  endfacet
  facet normal -0.0977138 -0.491178 -0.865561
    outer loop
      vertex 8.34735 4.04264 1.51677
      vertex 8.12421 4.7 1.16893
      vertex 8.43389 4.7 1.13397
    endloop
  endfacet
  facet normal -0.0327484 -0.499725 -0.865565
    outer loop
      vertex 8.34735 4.04264 1.51677
      vertex 8.65473 4.7 1.12562
      vertex 9 3.99987 1.51677
    endloop
  endfacet
  facet normal -0.032727 -0.499733 -0.865561
    outer loop
      vertex 8.65473 4.7 1.12562
      vertex 8.34735 4.04264 1.51677
      vertex 8.43389 4.7 1.13397
    endloop
  endfacet
  facet normal -0.720462 -0.4814 -0.499188
    outer loop
      vertex 2.59617 4.08617 5.0194
      vertex 2.18602 4.7 5.0194
      vertex 2.55593 4.7 4.48552
    endloop
  endfacet
  facet normal -0.609342 -0.69483 -0.381987
    outer loop
      vertex 3.81191 2.23875 6.10704
      vertex 2.97377 2.97377 6.10704
      vertex 4.08617 2.59617 5.0194
    endloop
  endfacet
  facet normal -0.726327 -0.636969 -0.258301
    outer loop
      vertex 2.75832 2.75832 7.24419
      vertex 1.99702 3.62642 7.24419
      vertex 2.23875 3.81191 6.10704
    endloop
  endfacet
  facet normal -0.745436 -0.653727 -0.130251
    outer loop
      vertex 2.75832 2.75832 7.24419
      vertex 1.87511 3.53288 8.41137
      vertex 1.99702 3.62642 7.24419
    endloop
  endfacet
  facet normal -0.571316 -0.651461 -0.499195
    outer loop
      vertex 4.08617 2.59617 5.0194
      vertex 3.29234 3.29234 5.0194
      vertex 3.70856 3.70856 3.99987
    endloop
  endfacet
  facet normal -0.609345 -0.694825 -0.381992
    outer loop
      vertex 4.08617 2.59617 5.0194
      vertex 2.97377 2.97377 6.10704
      vertex 3.29234 3.29234 5.0194
    endloop
  endfacet
  facet normal 0.824381 -0.550847 0.130242
    outer loop
      vertex 53.0445 4.58647 54.7558
      vertex 52.403 3.62642 54.7558
      vertex 52.5249 3.53288 53.5886
    endloop
  endfacet
  facet normal 0.803254 -0.53673 0.25827
    outer loop
      vertex 53.0445 4.58647 54.7558
      vertex 52.1613 3.81191 55.893
      vertex 52.403 3.62642 54.7558
    endloop
  endfacet
  facet normal 0.866633 -0.426851 0.258352
    outer loop
      vertex 53.067 4.7 54.8679
      vertex 52.8478 4.7 55.6032
      vertex 53.0445 4.58647 54.7558
    endloop
  endfacet
  facet normal 0.86626 -0.427293 0.258873
    outer loop
      vertex 53.067 4.7 54.8679
      vertex 53.0445 4.58647 54.7558
      vertex 53.1005 4.7 54.7558
    endloop
  endfacet
  facet normal 0.720403 -0.481585 0.499094
    outer loop
      vertex 51.5076 4.7 58.0001
      vertex 51.3368 4.4445 58.0001
      vertex 51.8549 4.7 57.4988
    endloop
  endfacet
  facet normal 0.694803 -0.609385 0.381966
    outer loop
      vertex 52.1613 3.81191 55.893
      vertex 51.1077 3.29234 56.9806
      vertex 51.4262 2.97377 55.893
    endloop
  endfacet
  facet normal 0.694839 -0.609296 0.382043
    outer loop
      vertex 51.8038 4.08617 56.9806
      vertex 51.1077 3.29234 56.9806
      vertex 52.1613 3.81191 55.893
    endloop
  endfacet
  facet normal 0.338643 -0.506818 0.792752
    outer loop
      vertex 49.0125 4.29215 59.7666
      vertex 47.9001 4.66976 60.4832
      vertex 48.3671 3.86091 59.7666
    endloop
  endfacet
  facet normal 0.401898 -0.458214 0.792791
    outer loop
      vertex 49.4775 4.7 59.7666
      vertex 48.6995 4.7 60.161
      vertex 49.0125 4.29215 59.7666
    endloop
  endfacet
  facet normal 0.138106 -0.694291 0.706319
    outer loop
      vertex 47.1513 2.46401 58.9341
      vertex 46.1746 3.11665 59.7666
      vertex 46.2832 2.29133 58.9341
    endloop
  endfacet
  facet normal 0.0462999 -0.706375 0.706322
    outer loop
      vertex 46.1746 3.11665 59.7666
      vertex 45.4 2.23344 58.9341
      vertex 46.2832 2.29133 58.9341
    endloop
  endfacet
  facet normal -0.481406 -0.720446 0.499205
    outer loop
      vertex 5 2.53627 57.7754
      vertex 4.08617 2.59617 56.9806
      vertex 5 2.2 57.2901
    endloop
  endfacet
  facet normal -0.481491 -0.720421 0.499159
    outer loop
      vertex 5 2.2 57.2901
      vertex 4.96407 2.00957 56.9806
      vertex 5.07402 2.2 57.3615
    endloop
  endfacet
  facet normal -0.481405 -0.720466 0.499177
    outer loop
      vertex 4.96407 2.00957 56.9806
      vertex 5 2.2 57.2901
      vertex 4.08617 2.59617 56.9806
    endloop
  endfacet
  facet normal -0.513441 -0.768411 0.381999
    outer loop
      vertex 4.08617 2.59617 56.9806
      vertex 3.81191 2.23875 55.893
      vertex 4.96407 2.00957 56.9806
    endloop
  endfacet
  facet normal -0.169047 -0.849832 0.499209
    outer loop
      vertex 7.0632 1.77176 58.0001
      vertex 6.91085 1.20319 56.9806
      vertex 8.02324 1.58079 58.0001
    endloop
  endfacet
  facet normal -0.169045 -0.849833 0.499207
    outer loop
      vertex 8.02324 1.58079 58.0001
      vertex 6.91085 1.20319 56.9806
      vertex 7.94641 0.997201 56.9806
    endloop
  endfacet
  facet normal -0.154903 -0.778724 -0.607942
    outer loop
      vertex 8.02324 1.58079 3.99987
      vertex 7.0632 1.77176 3.99987
      vertex 8.11679 2.29133 3.06589
    endloop
  endfacet
  facet normal -0.154902 -0.778725 -0.607941
    outer loop
      vertex 8.11679 2.29133 3.06589
      vertex 7.0632 1.77176 3.99987
      vertex 7.24869 2.46401 3.06589
    endloop
  endfacet
  facet normal -0.523508 -0.59695 -0.607939
    outer loop
      vertex 4.88078 3.63173 3.06589
      vertex 3.70856 3.70856 3.99987
      vertex 4.21532 4.21532 3.06589
    endloop
  endfacet
  facet normal -0.466735 -0.532205 -0.706341
    outer loop
      vertex 5.38754 4.29215 2.23344
      vertex 4.7 4.7 2.38045
      vertex 4.92248 4.7 2.23344
    endloop
  endfacet
  facet normal -0.466731 -0.532196 -0.706349
    outer loop
      vertex 4.7 4.7 2.38045
      vertex 5.38754 4.29215 2.23344
      vertex 4.21532 4.21532 3.06589
    endloop
  endfacet
  facet normal -0.138105 -0.694266 -0.706344
    outer loop
      vertex 8.11679 2.29133 3.06589
      vertex 7.46414 3.26809 2.23344
      vertex 8.22544 3.11665 2.23344
    endloop
  endfacet
  facet normal -0.0462979 -0.706352 -0.706345
    outer loop
      vertex 9 2.23344 3.06589
      vertex 8.11679 2.29133 3.06589
      vertex 8.22544 3.11665 2.23344
    endloop
  endfacet
  facet normal 0.401943 -0.458265 -0.792739
    outer loop
      vertex 49.0125 4.29215 2.23344
      vertex 48.6995 4.7 1.83897
      vertex 49.4775 4.7 2.23344
    endloop
  endfacet
  facet normal 0.338664 -0.506827 -0.792738
    outer loop
      vertex 49.0125 4.29215 2.23344
      vertex 47.9453 4.7 1.51677
      vertex 48.6995 4.7 1.83897
    endloop
  endfacet
  facet normal 0.338866 -0.506506 -0.792856
    outer loop
      vertex 47.9453 4.7 1.51677
      vertex 49.0125 4.29215 2.23344
      vertex 47.9001 4.66976 1.51677
    endloop
  endfacet
  facet normal 0.0975401 -0.491208 0.865564
    outer loop
      vertex 46.2758 4.7 60.8311
      vertex 45.9661 4.7 60.866
      vertex 46.0526 4.04264 60.4832
    endloop
  endfacet
  facet normal 0.0329291 -0.499711 0.865566
    outer loop
      vertex 45.7453 4.7 60.8744
      vertex 46.0526 4.04264 60.4832
      vertex 45.9661 4.7 60.866
    endloop
  endfacet
  facet normal 0.0327542 -0.499775 0.865536
    outer loop
      vertex 46.0526 4.04264 60.4832
      vertex 45.7453 4.7 60.8744
      vertex 45.4 3.99987 60.4832
    endloop
  endfacet
  facet normal 0.221438 -0.44982 0.865233
    outer loop
      vertex 47.3344 4.7 60.6437
      vertex 47.9001 4.66976 60.4832
      vertex 47.8826 4.7 60.5034
    endloop
  endfacet
  facet normal 0.221545 -0.449247 0.865503
    outer loop
      vertex 47.9001 4.66976 60.4832
      vertex 47.3344 4.7 60.6437
      vertex 47.3135 4.38048 60.4832
    endloop
  endfacet
  facet normal 0.269597 -0.546686 0.792749
    outer loop
      vertex 47.9001 4.66976 60.4832
      vertex 47.3135 4.38048 60.4832
      vertex 47.6709 3.51759 59.7666
    endloop
  endfacet
  facet normal 0.596968 -0.523525 0.607907
    outer loop
      vertex 51.3368 4.4445 58.0001
      vertex 50.1847 4.21532 58.9341
      vertex 50.6914 3.70856 58.0001
    endloop
  endfacet
  facet normal 0.596754 -0.523828 0.607856
    outer loop
      vertex 50.6097 4.7 58.9341
      vertex 51.3368 4.4445 58.0001
      vertex 51.0039 4.7 58.5471
    endloop
  endfacet
  facet normal 0.596982 -0.523474 0.607937
    outer loop
      vertex 51.3368 4.4445 58.0001
      vertex 50.6097 4.7 58.9341
      vertex 50.1847 4.21532 58.9341
    endloop
  endfacet
  facet normal -0.278217 -0.416406 -0.865564
    outer loop
      vertex 6.49993 4.66976 1.51677
      vertex 6.45467 4.7 1.51677
      vertex 6.51739 4.7 1.49661
    endloop
  endfacet
  facet normal -0.338665 -0.506851 -0.792722
    outer loop
      vertex 6.03294 3.86091 2.23344
      vertex 5.38754 4.29215 2.23344
      vertex 6.49993 4.66976 1.51677
    endloop
  endfacet
  facet normal -0.195946 -0.57723 -0.792723
    outer loop
      vertex 7.70587 4.17024 1.51677
      vertex 6.72911 3.51759 2.23344
      vertex 7.08653 4.38048 1.51677
    endloop
  endfacet
  facet normal -0.269612 -0.546717 -0.792723
    outer loop
      vertex 6.72911 3.51759 2.23344
      vertex 6.49993 4.66976 1.51677
      vertex 7.08653 4.38048 1.51677
    endloop
  endfacet
  facet normal -0.651461 -0.571316 -0.499195
    outer loop
      vertex 3.29234 3.29234 5.0194
      vertex 2.59617 4.08617 5.0194
      vertex 3.70856 3.70856 3.99987
    endloop
  endfacet
  facet normal -0.694825 -0.609345 -0.381992
    outer loop
      vertex 2.97377 2.97377 6.10704
      vertex 2.59617 4.08617 5.0194
      vertex 3.29234 3.29234 5.0194
    endloop
  endfacet
  facet normal -0.427278 -0.86644 0.258293
    outer loop
      vertex 5.73863 1.12636 55.893
      vertex 4.58647 1.35553 54.7558
      vertex 5.62203 0.844852 54.7558
    endloop
  endfacet
  facet normal -0.310531 -0.914798 0.258293
    outer loop
      vertex 5.73863 1.12636 55.893
      vertex 5.62203 0.844852 54.7558
      vertex 6.71539 0.473707 54.7558
    endloop
  endfacet
  facet normal -0.351161 -0.71209 0.607958
    outer loop
      vertex 6.08027 2.2 58.1008
      vertex 5.90593 2.2 58.0001
      vertex 6.13629 2.0864 58.0001
    endloop
  endfacet
  facet normal -0.351167 -0.712096 0.607948
    outer loop
      vertex 5.61672 3.13999 58.9341
      vertex 5.33507 2.65215 58.2
      vertex 6.02511 2.31186 58.2
    endloop
  endfacet
  facet normal -0.441144 -0.660133 0.607961
    outer loop
      vertex 4.4445 3.06316 58.0001
      vertex 5 2.87604 58.2
      vertex 5.61672 3.13999 58.9341
    endloop
  endfacet
  facet normal -0.441141 -0.660202 0.607888
    outer loop
      vertex 5 2.87604 58.2
      vertex 4.4445 3.06316 58.0001
      vertex 5 2.69198 58.0001
    endloop
  endfacet
  facet normal -0.441115 -0.660165 0.607948
    outer loop
      vertex 5.61672 3.13999 58.9341
      vertex 5 2.87604 58.2
      vertex 5.33507 2.65215 58.2
    endloop
  endfacet
  facet normal -0.278521 -0.820505 -0.499198
    outer loop
      vertex 6.91085 1.20319 5.0194
      vertex 5.91103 1.54258 5.0194
      vertex 7.0632 1.77176 3.99987
    endloop
  endfacet
  facet normal -0.278521 -0.820505 -0.499197
    outer loop
      vertex 7.0632 1.77176 3.99987
      vertex 5.91103 1.54258 5.0194
      vertex 6.13629 2.0864 3.99987
    endloop
  endfacet
  facet normal -0.393268 -0.58857 -0.706346
    outer loop
      vertex 5.61672 3.13999 3.06589
      vertex 5.38754 4.29215 2.23344
      vertex 6.03294 3.86091 2.23344
    endloop
  endfacet
  facet normal -0.39327 -0.58857 -0.706345
    outer loop
      vertex 5.61672 3.13999 3.06589
      vertex 4.88078 3.63173 3.06589
      vertex 5.38754 4.29215 2.23344
    endloop
  endfacet
  facet normal 0.160952 -0.47419 0.865585
    outer loop
      vertex 46.9491 4.7 60.726
      vertex 46.6941 4.17024 60.4832
      vertex 47.3135 4.38048 60.4832
    endloop
  endfacet
  facet normal 0.161153 -0.474254 0.865513
    outer loop
      vertex 46.6941 4.17024 60.4832
      vertex 46.9491 4.7 60.726
      vertex 46.5522 4.7 60.7999
    endloop
  endfacet
  facet normal 0.0976998 -0.491254 0.86552
    outer loop
      vertex 46.2758 4.7 60.8311
      vertex 46.6941 4.17024 60.4832
      vertex 46.5522 4.7 60.7999
    endloop
  endfacet
  facet normal 0.097713 -0.491245 0.865523
    outer loop
      vertex 46.6941 4.17024 60.4832
      vertex 46.2758 4.7 60.8311
      vertex 46.0526 4.04264 60.4832
    endloop
  endfacet
  facet normal 0.278761 -0.416667 0.865264
    outer loop
      vertex 47.9453 4.7 60.4832
      vertex 47.8826 4.7 60.5034
      vertex 47.9001 4.66976 60.4832
    endloop
  endfacet
  facet normal -0.180296 -0.906405 0.381998
    outer loop
      vertex 6.91085 1.20319 56.9806
      vertex 6.79425 0.768022 55.893
      vertex 7.88761 0.550538 55.893
    endloop
  endfacet
  facet normal -0.180298 -0.906406 0.381997
    outer loop
      vertex 7.94641 0.997201 56.9806
      vertex 6.91085 1.20319 56.9806
      vertex 7.88761 0.550538 55.893
    endloop
  endfacet
  facet normal -0.401929 -0.458308 -0.792721
    outer loop
      vertex 5.38754 4.29215 2.23344
      vertex 4.92248 4.7 2.23344
      vertex 5.70049 4.7 1.83897
    endloop
  endfacet
  facet normal -0.532207 -0.46673 -0.706342
    outer loop
      vertex 4.21532 4.21532 3.06589
      vertex 3.79027 4.7 3.06589
      vertex 4.24709 4.7 2.72169
    endloop
  endfacet
  facet normal -0.278519 -0.820499 0.499209
    outer loop
      vertex 7.0632 1.77176 58.0001
      vertex 5.91103 1.54258 56.9806
      vertex 6.91085 1.20319 56.9806
    endloop
  endfacet
  facet normal -0.29706 -0.875119 0.381998
    outer loop
      vertex 6.91085 1.20319 56.9806
      vertex 5.91103 1.54258 56.9806
      vertex 6.79425 0.768022 55.893
    endloop
  endfacet
  facet normal -0.532191 -0.466736 -0.70635
    outer loop
      vertex 4.7 4.7 2.38045
      vertex 4.21532 4.21532 3.06589
      vertex 4.24709 4.7 2.72169
    endloop
  endfacet
  facet normal -0.408748 -0.828856 0.381998
    outer loop
      vertex 4.96407 2.00957 56.9806
      vertex 4.73881 1.61941 55.893
      vertex 5.91103 1.54258 56.9806
    endloop
  endfacet
  facet normal -0.408743 -0.828861 0.381993
    outer loop
      vertex 5.91103 1.54258 56.9806
      vertex 4.73881 1.61941 55.893
      vertex 5.73863 1.12636 55.893
    endloop
  endfacet
  facet normal -1 0 0
    outer loop
      vertex 16.2 0.238361 7
      vertex 16.2 2.33066 7.67338
      vertex 16.2 2.51109 7
    endloop
  endfacet
  facet normal -1 0 0
    outer loop
      vertex 16.2 0.172932 7.24419
      vertex 16.2 2.33066 7.67338
      vertex 16.2 0.238361 7
    endloop
  endfacet
  facet normal -1 -0 0
    outer loop
      vertex 16.2 2.33066 7.67338
      vertex 16.2 0.172932 7.24419
      vertex 16.2 2.21456 8.55526
    endloop
  endfacet
  facet normal -1 0 0
    outer loop
      vertex 16.2 2.21456 8.55526
      vertex 16.2 0.172932 7.24419
      vertex 16.2 0.019269 8.41137
    endloop
  endfacet
  facet normal -1 0 0
    outer loop
      vertex 16.2 0.019269 15
      vertex 16.2 2.21456 8.55526
      vertex 16.2 0.019269 8.41137
    endloop
  endfacet
  facet normal -1 0 0
    outer loop
      vertex 16.2 2.21456 8.55526
      vertex 16.2 0.019269 15
      vertex 16.2 2.21456 15
    endloop
  endfacet
  facet normal 0 0 -1
    outer loop
      vertex 14.2 0.019269 15
      vertex 16.2 2.21456 15
      vertex 16.2 0.019269 15
    endloop
  endfacet
  facet normal -0 0 -1
    outer loop
      vertex 16.2 2.21456 15
      vertex 14.2 0.019269 15
      vertex 14.2 2.21456 15
    endloop
  endfacet
  facet normal -0 0 1
    outer loop
      vertex 14.2 2.51109 7
      vertex 16.2 0.238361 7
      vertex 16.2 2.51109 7
    endloop
  endfacet
  facet normal 0 0 1
    outer loop
      vertex 16.2 0.238361 7
      vertex 14.2 2.51109 7
      vertex 14.2 0.238361 7
    endloop
  endfacet
  facet normal 1 -0 0
    outer loop
      vertex 14.2 0.019269 15
      vertex 14.2 2.21456 8.55526
      vertex 14.2 2.21456 15
    endloop
  endfacet
  facet normal 1 0 -0
    outer loop
      vertex 14.2 0.172932 7.24419
      vertex 14.2 2.21456 8.55526
      vertex 14.2 0.019269 8.41137
    endloop
  endfacet
  facet normal 1 0 0
    outer loop
      vertex 14.2 2.21456 8.55526
      vertex 14.2 0.019269 15
      vertex 14.2 0.019269 8.41137
    endloop
  endfacet
  facet normal 1 0 0
    outer loop
      vertex 14.2 2.21456 8.55526
      vertex 14.2 0.172932 7.24419
      vertex 14.2 0.238361 7
    endloop
  endfacet
  facet normal 1 0 0
    outer loop
      vertex 14.2 2.33066 7.67338
      vertex 14.2 0.238361 7
      vertex 14.2 2.51109 7
    endloop
  endfacet
  facet normal 1 0 0
    outer loop
      vertex 14.2 0.238361 7
      vertex 14.2 2.33066 7.67338
      vertex 14.2 2.21456 8.55526
    endloop
  endfacet
  facet normal -1 0 0
    outer loop
      vertex 22.2 0.238361 7
      vertex 22.2 2.33066 7.67338
      vertex 22.2 2.51109 7
    endloop
  endfacet
  facet normal -1 0 0
    outer loop
      vertex 22.2 0.172932 7.24419
      vertex 22.2 2.33066 7.67338
      vertex 22.2 0.238361 7
    endloop
  endfacet
  facet normal -1 -0 0
    outer loop
      vertex 22.2 2.33066 7.67338
      vertex 22.2 0.172932 7.24419
      vertex 22.2 2.21456 8.55526
    endloop
  endfacet
  facet normal -1 0 0
    outer loop
      vertex 22.2 2.21456 8.55526
      vertex 22.2 0.172932 7.24419
      vertex 22.2 0.019269 8.41137
    endloop
  endfacet
  facet normal -1 0 0
    outer loop
      vertex 22.2 0.019269 15
      vertex 22.2 2.21456 8.55526
      vertex 22.2 0.019269 8.41137
    endloop
  endfacet
  facet normal -1 0 0
    outer loop
      vertex 22.2 2.21456 8.55526
      vertex 22.2 0.019269 15
      vertex 22.2 2.21456 15
    endloop
  endfacet
  facet normal 0 0 -1
    outer loop
      vertex 20.2 0.019269 15
      vertex 22.2 2.21456 15
      vertex 22.2 0.019269 15
    endloop
  endfacet
  facet normal -0 0 -1
    outer loop
      vertex 22.2 2.21456 15
      vertex 20.2 0.019269 15
      vertex 20.2 2.21456 15
    endloop
  endfacet
  facet normal -0 0 1
    outer loop
      vertex 20.2 2.51109 7
      vertex 22.2 0.238361 7
      vertex 22.2 2.51109 7
    endloop
  endfacet
  facet normal 0 0 1
    outer loop
      vertex 22.2 0.238361 7
      vertex 20.2 2.51109 7
      vertex 20.2 0.238361 7
    endloop
  endfacet
  facet normal 1 -0 0
    outer loop
      vertex 20.2 0.019269 15
      vertex 20.2 2.21456 8.55526
      vertex 20.2 2.21456 15
    endloop
  endfacet
  facet normal 1 0 -0
    outer loop
      vertex 20.2 0.172932 7.24419
      vertex 20.2 2.21456 8.55526
      vertex 20.2 0.019269 8.41137
    endloop
  endfacet
  facet normal 1 0 0
    outer loop
      vertex 20.2 2.21456 8.55526
      vertex 20.2 0.019269 15
      vertex 20.2 0.019269 8.41137
    endloop
  endfacet
  facet normal 1 0 0
    outer loop
      vertex 20.2 2.21456 8.55526
      vertex 20.2 0.172932 7.24419
      vertex 20.2 0.238361 7
    endloop
  endfacet
  facet normal 1 0 0
    outer loop
      vertex 20.2 2.33066 7.67338
      vertex 20.2 0.238361 7
      vertex 20.2 2.51109 7
    endloop
  endfacet
  facet normal 1 0 0
    outer loop
      vertex 20.2 0.238361 7
      vertex 20.2 2.33066 7.67338
      vertex 20.2 2.21456 8.55526
    endloop
  endfacet
  facet normal -1 0 0
    outer loop
      vertex 28.2 0.238361 7
      vertex 28.2 2.33066 7.67338
      vertex 28.2 2.51109 7
    endloop
  endfacet
  facet normal -1 0 0
    outer loop
      vertex 28.2 0.172932 7.24419
      vertex 28.2 2.33066 7.67338
      vertex 28.2 0.238361 7
    endloop
  endfacet
  facet normal -1 -0 0
    outer loop
      vertex 28.2 2.33066 7.67338
      vertex 28.2 0.172932 7.24419
      vertex 28.2 2.21456 8.55526
    endloop
  endfacet
  facet normal -1 0 0
    outer loop
      vertex 28.2 2.21456 8.55526
      vertex 28.2 0.172932 7.24419
      vertex 28.2 0.019269 8.41137
    endloop
  endfacet
  facet normal -1 0 0
    outer loop
      vertex 28.2 0.019269 15
      vertex 28.2 2.21456 8.55526
      vertex 28.2 0.019269 8.41137
    endloop
  endfacet
  facet normal -1 0 0
    outer loop
      vertex 28.2 2.21456 8.55526
      vertex 28.2 0.019269 15
      vertex 28.2 2.21456 15
    endloop
  endfacet
  facet normal 0 0 -1
    outer loop
      vertex 26.2 0.019269 15
      vertex 28.2 2.21456 15
      vertex 28.2 0.019269 15
    endloop
  endfacet
  facet normal -0 0 -1
    outer loop
      vertex 28.2 2.21456 15
      vertex 26.2 0.019269 15
      vertex 26.2 2.21456 15
    endloop
  endfacet
  facet normal -0 0 1
    outer loop
      vertex 26.2 2.51109 7
      vertex 28.2 0.238361 7
      vertex 28.2 2.51109 7
    endloop
  endfacet
  facet normal 0 0 1
    outer loop
      vertex 28.2 0.238361 7
      vertex 26.2 2.51109 7
      vertex 26.2 0.238361 7
    endloop
  endfacet
  facet normal 1 -0 0
    outer loop
      vertex 26.2 0.019269 15
      vertex 26.2 2.21456 8.55526
      vertex 26.2 2.21456 15
    endloop
  endfacet
  facet normal 1 0 -0
    outer loop
      vertex 26.2 0.172932 7.24419
      vertex 26.2 2.21456 8.55526
      vertex 26.2 0.019269 8.41137
    endloop
  endfacet
  facet normal 1 0 0
    outer loop
      vertex 26.2 2.21456 8.55526
      vertex 26.2 0.019269 15
      vertex 26.2 0.019269 8.41137
    endloop
  endfacet
  facet normal 1 0 0
    outer loop
      vertex 26.2 2.21456 8.55526
      vertex 26.2 0.172932 7.24419
      vertex 26.2 0.238361 7
    endloop
  endfacet
  facet normal 1 0 0
    outer loop
      vertex 26.2 2.33066 7.67338
      vertex 26.2 0.238361 7
      vertex 26.2 2.51109 7
    endloop
  endfacet
  facet normal 1 0 0
    outer loop
      vertex 26.2 0.238361 7
      vertex 26.2 2.33066 7.67338
      vertex 26.2 2.21456 8.55526
    endloop
  endfacet
  facet normal -1 0 0
    outer loop
      vertex 34.2 0.238361 7
      vertex 34.2 2.33066 7.67338
      vertex 34.2 2.51109 7
    endloop
  endfacet
  facet normal -1 0 0
    outer loop
      vertex 34.2 0.172932 7.24419
      vertex 34.2 2.33066 7.67338
      vertex 34.2 0.238361 7
    endloop
  endfacet
  facet normal -1 -0 0
    outer loop
      vertex 34.2 2.33066 7.67338
      vertex 34.2 0.172932 7.24419
      vertex 34.2 2.21456 8.55526
    endloop
  endfacet
  facet normal -1 0 0
    outer loop
      vertex 34.2 2.21456 8.55526
      vertex 34.2 0.172932 7.24419
      vertex 34.2 0.019269 8.41137
    endloop
  endfacet
  facet normal -1 0 0
    outer loop
      vertex 34.2 0.019269 15
      vertex 34.2 2.21456 8.55526
      vertex 34.2 0.019269 8.41137
    endloop
  endfacet
  facet normal -1 0 0
    outer loop
      vertex 34.2 2.21456 8.55526
      vertex 34.2 0.019269 15
      vertex 34.2 2.21456 15
    endloop
  endfacet
  facet normal 0 0 -1
    outer loop
      vertex 32.2 0.019269 15
      vertex 34.2 2.21456 15
      vertex 34.2 0.019269 15
    endloop
  endfacet
  facet normal -0 0 -1
    outer loop
      vertex 34.2 2.21456 15
      vertex 32.2 0.019269 15
      vertex 32.2 2.21456 15
    endloop
  endfacet
  facet normal -0 0 1
    outer loop
      vertex 32.2 2.51109 7
      vertex 34.2 0.238361 7
      vertex 34.2 2.51109 7
    endloop
  endfacet
  facet normal 0 0 1
    outer loop
      vertex 34.2 0.238361 7
      vertex 32.2 2.51109 7
      vertex 32.2 0.238361 7
    endloop
  endfacet
  facet normal 1 -0 0
    outer loop
      vertex 32.2 0.019269 15
      vertex 32.2 2.21456 8.55526
      vertex 32.2 2.21456 15
    endloop
  endfacet
  facet normal 1 0 -0
    outer loop
      vertex 32.2 0.172932 7.24419
      vertex 32.2 2.21456 8.55526
      vertex 32.2 0.019269 8.41137
    endloop
  endfacet
  facet normal 1 0 0
    outer loop
      vertex 32.2 2.21456 8.55526
      vertex 32.2 0.019269 15
      vertex 32.2 0.019269 8.41137
    endloop
  endfacet
  facet normal 1 0 0
    outer loop
      vertex 32.2 2.21456 8.55526
      vertex 32.2 0.172932 7.24419
      vertex 32.2 0.238361 7
    endloop
  endfacet
  facet normal 1 0 0
    outer loop
      vertex 32.2 2.33066 7.67338
      vertex 32.2 0.238361 7
      vertex 32.2 2.51109 7
    endloop
  endfacet
  facet normal 1 0 0
    outer loop
      vertex 32.2 0.238361 7
      vertex 32.2 2.33066 7.67338
      vertex 32.2 2.21456 8.55526
    endloop
  endfacet
  facet normal -1 0 0
    outer loop
      vertex 40.2 0.238361 7
      vertex 40.2 2.33066 7.67338
      vertex 40.2 2.51109 7
    endloop
  endfacet
  facet normal -1 0 0
    outer loop
      vertex 40.2 0.172932 7.24419
      vertex 40.2 2.33066 7.67338
      vertex 40.2 0.238361 7
    endloop
  endfacet
  facet normal -1 -0 0
    outer loop
      vertex 40.2 2.33066 7.67338
      vertex 40.2 0.172932 7.24419
      vertex 40.2 2.21456 8.55526
    endloop
  endfacet
  facet normal -1 0 0
    outer loop
      vertex 40.2 2.21456 8.55526
      vertex 40.2 0.172932 7.24419
      vertex 40.2 0.019269 8.41137
    endloop
  endfacet
  facet normal -1 0 0
    outer loop
      vertex 40.2 0.019269 15
      vertex 40.2 2.21456 8.55526
      vertex 40.2 0.019269 8.41137
    endloop
  endfacet
  facet normal -1 0 0
    outer loop
      vertex 40.2 2.21456 8.55526
      vertex 40.2 0.019269 15
      vertex 40.2 2.21456 15
    endloop
  endfacet
  facet normal 0 0 -1
    outer loop
      vertex 38.2 0.019269 15
      vertex 40.2 2.21456 15
      vertex 40.2 0.019269 15
    endloop
  endfacet
  facet normal -0 0 -1
    outer loop
      vertex 40.2 2.21456 15
      vertex 38.2 0.019269 15
      vertex 38.2 2.21456 15
    endloop
  endfacet
  facet normal -0 0 1
    outer loop
      vertex 38.2 2.51109 7
      vertex 40.2 0.238361 7
      vertex 40.2 2.51109 7
    endloop
  endfacet
  facet normal 0 0 1
    outer loop
      vertex 40.2 0.238361 7
      vertex 38.2 2.51109 7
      vertex 38.2 0.238361 7
    endloop
  endfacet
  facet normal 1 -0 0
    outer loop
      vertex 38.2 0.019269 15
      vertex 38.2 2.21456 8.55526
      vertex 38.2 2.21456 15
    endloop
  endfacet
  facet normal 1 0 -0
    outer loop
      vertex 38.2 0.172932 7.24419
      vertex 38.2 2.21456 8.55526
      vertex 38.2 0.019269 8.41137
    endloop
  endfacet
  facet normal 1 0 0
    outer loop
      vertex 38.2 2.21456 8.55526
      vertex 38.2 0.019269 15
      vertex 38.2 0.019269 8.41137
    endloop
  endfacet
  facet normal 1 0 0
    outer loop
      vertex 38.2 2.21456 8.55526
      vertex 38.2 0.172932 7.24419
      vertex 38.2 0.238361 7
    endloop
  endfacet
  facet normal 1 0 0
    outer loop
      vertex 38.2 2.33066 7.67338
      vertex 38.2 0.238361 7
      vertex 38.2 2.51109 7
    endloop
  endfacet
  facet normal 1 0 0
    outer loop
      vertex 38.2 0.238361 7
      vertex 38.2 2.33066 7.67338
      vertex 38.2 2.21456 8.55526
    endloop
  endfacet
  facet normal 0 0.608802 -0.793322
    outer loop
      vertex 43.4 4.51645 58.1125
      vertex 11 4.51645 58.1125
      vertex 43.4 4.63047 58.2
    endloop
  endfacet
  facet normal 0 0.609104 -0.79309
    outer loop
      vertex 43.4 4.63047 58.2
      vertex 45.4 4.7 58.2534
      vertex 45.4 4.63047 58.2
    endloop
  endfacet
  facet normal 0 0.608802 -0.793322
    outer loop
      vertex 11 4.63047 58.2
      vertex 43.4 4.63047 58.2
      vertex 11 4.51645 58.1125
    endloop
  endfacet
  facet normal 0 0.609104 -0.79309
    outer loop
      vertex 43.4 4.63047 58.2
      vertex 11 4.63047 58.2
      vertex 45.4 4.7 58.2534
    endloop
  endfacet
  facet normal 0 0.609104 -0.79309
    outer loop
      vertex 9 4.7 58.2534
      vertex 11 4.63047 58.2
      vertex 9 4.63047 58.2
    endloop
  endfacet
  facet normal 0 0.609104 -0.79309
    outer loop
      vertex 11 4.63047 58.2
      vertex 9 4.7 58.2534
      vertex 45.4 4.7 58.2534
    endloop
  endfacet
  facet normal 0 0.793366 -0.608745
    outer loop
      vertex 43.4 3.34601 56.7779
      vertex 11 3.88749 57.4836
      vertex 43.4 3.88749 57.4836
    endloop
  endfacet
  facet normal 0 0.793366 -0.608745
    outer loop
      vertex 11 3.88749 57.4836
      vertex 43.4 3.34601 56.7779
      vertex 11 3.34601 56.7779
    endloop
  endfacet
  facet normal 0 0.866028 0.499996
    outer loop
      vertex 45.4 3.34601 5.22212
      vertex 9 2.90127 5.99244
      vertex 45.4 2.90127 5.99244
    endloop
  endfacet
  facet normal 0 0.866028 0.499996
    outer loop
      vertex 9 2.90127 5.99244
      vertex 45.4 3.34601 5.22212
      vertex 9 3.34601 5.22212
    endloop
  endfacet
  facet normal -0.351165 0.712112 0.60793
    outer loop
      vertex 48.227 4.1035 5.22212
      vertex 47.9563 4.57244 4.51645
      vertex 47.3565 4.27666 4.51645
    endloop
  endfacet
  facet normal -0.0462893 0.706349 0.706349
    outer loop
      vertex 45.9852 4.5548 3.88749
      vertex 45.4 4.51645 3.88749
      vertex 45.4 3.88749 4.51645
    endloop
  endfacet
  facet normal 0.278523 0.820504 0.499197
    outer loop
      vertex 7.42153 3.10907 5.99244
      vertex 6.83631 3.77639 5.22212
      vertex 6.66611 3.3655 5.99244
    endloop
  endfacet
  facet normal -0.0398457 0.607968 -0.792961
    outer loop
      vertex 45.4 4.63047 58.2
      vertex 45.8579 4.7 58.2303
      vertex 45.8907 4.66263 58.2
    endloop
  endfacet
  facet normal -0.0399776 0.608617 -0.792456
    outer loop
      vertex 45.8579 4.7 58.2303
      vertex 45.4 4.63047 58.2
      vertex 45.4 4.7 58.2534
    endloop
  endfacet
  facet normal 0 1 -0
    outer loop
      vertex 20.2 2.21456 8.55526
      vertex 16.2 2.21456 15
      vertex 20.2 2.21456 15
    endloop
  endfacet
  facet normal 0 1 0
    outer loop
      vertex 16.2 2.21456 15
      vertex 20.2 2.21456 8.55526
      vertex 16.2 2.21456 8.55526
    endloop
  endfacet
  facet normal 0 1 -0
    outer loop
      vertex 26.2 2.21456 8.55526
      vertex 22.2 2.21456 15
      vertex 26.2 2.21456 15
    endloop
  endfacet
  facet normal 0 1 0
    outer loop
      vertex 22.2 2.21456 15
      vertex 26.2 2.21456 8.55526
      vertex 22.2 2.21456 8.55526
    endloop
  endfacet
  facet normal 0 1 -0
    outer loop
      vertex 32.2 2.21456 8.55526
      vertex 28.2 2.21456 15
      vertex 32.2 2.21456 15
    endloop
  endfacet
  facet normal 0 1 0
    outer loop
      vertex 28.2 2.21456 15
      vertex 32.2 2.21456 8.55526
      vertex 28.2 2.21456 8.55526
    endloop
  endfacet
  facet normal 0 1 -0
    outer loop
      vertex 38.2 2.21456 8.55526
      vertex 34.2 2.21456 15
      vertex 38.2 2.21456 15
    endloop
  endfacet
  facet normal 0 1 0
    outer loop
      vertex 34.2 2.21456 15
      vertex 38.2 2.21456 8.55526
      vertex 34.2 2.21456 8.55526
    endloop
  endfacet
  facet normal 0 1 -0
    outer loop
      vertex 45.4 2.21456 8.55526
      vertex 43.4 2.21456 15.8
      vertex 45.4 2.21456 15.8
    endloop
  endfacet
  facet normal 0 1 0
    outer loop
      vertex 43.4 2.21456 15.8
      vertex 28.2 2.21456 15
      vertex 11 2.21456 15.8
    endloop
  endfacet
  facet normal 0 1 0
    outer loop
      vertex 43.4 2.21456 15.8
      vertex 40.2 2.21456 15
      vertex 38.2 2.21456 15
    endloop
  endfacet
  facet normal 0 1 0
    outer loop
      vertex 40.2 2.21456 8.55526
      vertex 43.4 2.21456 15.8
      vertex 45.4 2.21456 8.55526
    endloop
  endfacet
  facet normal 0 1 0
    outer loop
      vertex 43.4 2.21456 15.8
      vertex 40.2 2.21456 8.55526
      vertex 40.2 2.21456 15
    endloop
  endfacet
  facet normal 0 1 -0
    outer loop
      vertex 43.4 2.21456 15.8
      vertex 11 2.21456 19.6
      vertex 43.4 2.21456 19.6
    endloop
  endfacet
  facet normal 0 1 0
    outer loop
      vertex 11 2.21456 19.6
      vertex 43.4 2.21456 15.8
      vertex 11 2.21456 15.8
    endloop
  endfacet
  facet normal 0 1 0
    outer loop
      vertex 43.4 2.21456 15.8
      vertex 38.2 2.21456 15
      vertex 34.2 2.21456 15
    endloop
  endfacet
  facet normal 0 1 0
    outer loop
      vertex 43.4 2.21456 15.8
      vertex 34.2 2.21456 15
      vertex 32.2 2.21456 15
    endloop
  endfacet
  facet normal 0 1 0
    outer loop
      vertex 43.4 2.21456 15.8
      vertex 32.2 2.21456 15
      vertex 28.2 2.21456 15
    endloop
  endfacet
  facet normal 0 1 -0
    outer loop
      vertex 26.2 2.21456 15
      vertex 11 2.21456 15.8
      vertex 28.2 2.21456 15
    endloop
  endfacet
  facet normal 0 1 -0
    outer loop
      vertex 22.2 2.21456 15
      vertex 11 2.21456 15.8
      vertex 26.2 2.21456 15
    endloop
  endfacet
  facet normal 0 1 -0
    outer loop
      vertex 20.2 2.21456 15
      vertex 11 2.21456 15.8
      vertex 22.2 2.21456 15
    endloop
  endfacet
  facet normal 0 1 -0
    outer loop
      vertex 16.2 2.21456 15
      vertex 11 2.21456 15.8
      vertex 20.2 2.21456 15
    endloop
  endfacet
  facet normal 0 1 -0
    outer loop
      vertex 14.2 2.21456 15
      vertex 11 2.21456 15.8
      vertex 16.2 2.21456 15
    endloop
  endfacet
  facet normal 0 1 -0
    outer loop
      vertex 14.2 2.21456 8.55526
      vertex 11 2.21456 15.8
      vertex 14.2 2.21456 15
    endloop
  endfacet
  facet normal 0 1 0
    outer loop
      vertex 11 2.21456 15.8
      vertex 14.2 2.21456 8.55526
      vertex 9 2.21456 8.55526
    endloop
  endfacet
  facet normal 0 1 0
    outer loop
      vertex 11 2.21456 15.8
      vertex 9 2.21456 8.55526
      vertex 9 2.21456 15.8
    endloop
  endfacet
  facet normal 0 1 0
    outer loop
      vertex 45.4 2.21456 53.4447
      vertex 42.4554 2.21456 48.0054
      vertex 9 2.21456 53.4447
    endloop
  endfacet
  facet normal 0 1 0
    outer loop
      vertex 45.4 2.21456 53.4447
      vertex 42.4554 2.21456 31.9946
      vertex 42.4554 2.21456 48.0054
    endloop
  endfacet
  facet normal 0 1 -0
    outer loop
      vertex 43.4 2.21456 19.6
      vertex 42.4554 2.21456 31.9946
      vertex 45.4 2.21456 19.6
    endloop
  endfacet
  facet normal 0 1 -0
    outer loop
      vertex 45.4 2.21456 19.6
      vertex 42.4554 2.21456 31.9946
      vertex 45.4 2.21456 53.4447
    endloop
  endfacet
  facet normal 0 1 -0
    outer loop
      vertex 11.9446 2.21456 48.0054
      vertex 9 2.21456 53.4447
      vertex 42.4554 2.21456 48.0054
    endloop
  endfacet
  facet normal 0 1 -0
    outer loop
      vertex 11.9446 2.21456 31.9946
      vertex 9 2.21456 53.4447
      vertex 11.9446 2.21456 48.0054
    endloop
  endfacet
  facet normal 0 1 0
    outer loop
      vertex 42.4554 2.21456 31.9946
      vertex 43.4 2.21456 19.6
      vertex 11.9446 2.21456 31.9946
    endloop
  endfacet
  facet normal 0 1 0
    outer loop
      vertex 11 2.21456 19.6
      vertex 11.9446 2.21456 31.9946
      vertex 43.4 2.21456 19.6
    endloop
  endfacet
  facet normal 0 1 0
    outer loop
      vertex 9 2.21456 19.6
      vertex 11.9446 2.21456 31.9946
      vertex 11 2.21456 19.6
    endloop
  endfacet
  facet normal 0 1 0
    outer loop
      vertex 11.9446 2.21456 31.9946
      vertex 9 2.21456 19.6
      vertex 9 2.21456 53.4447
    endloop
  endfacet
  facet normal -0.318732 0.93885 0.130272
    outer loop
      vertex 47.9967 2.73107 8.55526
      vertex 47.9522 2.83833 7.67338
      vertex 47.1262 2.55791 7.67338
    endloop
  endfacet
  facet normal 0.321435 0.946932 -0
    outer loop
      vertex 7.2438 2.44577 8.55526
      vertex 6.40332 2.73107 15.8
      vertex 7.2438 2.44577 15.8
    endloop
  endfacet
  facet normal 0.321435 0.946932 0
    outer loop
      vertex 6.40332 2.73107 15.8
      vertex 7.2438 2.44577 8.55526
      vertex 6.40332 2.73107 8.55526
    endloop
  endfacet
  facet normal 0.321435 0.946932 -0
    outer loop
      vertex 7.2438 2.44577 21.8
      vertex 6.40332 2.73107 52.2
      vertex 7.2438 2.44577 52.2
    endloop
  endfacet
  facet normal 0.321435 0.946932 0
    outer loop
      vertex 6.40332 2.73107 52.2
      vertex 7.2438 2.44577 21.8
      vertex 6.40332 2.73107 21.8
    endloop
  endfacet
  facet normal 0 0.92388 -0.382683
    outer loop
      vertex 43.4 2.56087 55.1858
      vertex 11 2.90127 56.0076
      vertex 43.4 2.90127 56.0076
    endloop
  endfacet
  facet normal 0 0.92388 -0.382683
    outer loop
      vertex 11 2.90127 56.0076
      vertex 43.4 2.56087 55.1858
      vertex 11 2.56087 55.1858
    endloop
  endfacet
  facet normal -0.0654011 0.997859 0
    outer loop
      vertex 46.2857 2.27261 8.55526
      vertex 45.4 2.21456 15.8
      vertex 46.2857 2.27261 15.8
    endloop
  endfacet
  facet normal -0.0654011 0.997859 0
    outer loop
      vertex 45.4 2.21456 15.8
      vertex 46.2857 2.27261 8.55526
      vertex 45.4 2.21456 8.55526
    endloop
  endfacet
  facet normal -0.0653986 0.997859 0
    outer loop
      vertex 46.2857 2.27261 52.2
      vertex 46.2857 2.27261 21.8
      vertex 45.6 2.22767 52.2
    endloop
  endfacet
  facet normal -0.0654096 0.997858 0
    outer loop
      vertex 45.6 2.22767 52.2
      vertex 45.4 2.21456 53.4447
      vertex 45.6 2.22767 53.4447
    endloop
  endfacet
  facet normal -0.0653986 0.997859 0
    outer loop
      vertex 45.6 2.22767 21.8
      vertex 45.6 2.22767 52.2
      vertex 46.2857 2.27261 21.8
    endloop
  endfacet
  facet normal -0.0654096 0.997858 0
    outer loop
      vertex 45.6 2.22767 52.2
      vertex 45.6 2.22767 21.8
      vertex 45.4 2.21456 53.4447
    endloop
  endfacet
  facet normal -0.0654096 0.997858 0
    outer loop
      vertex 45.4 2.21456 19.6
      vertex 45.6 2.22767 21.8
      vertex 45.6 2.22767 19.6
    endloop
  endfacet
  facet normal -0.0654096 0.997858 0
    outer loop
      vertex 45.6 2.22767 21.8
      vertex 45.4 2.21456 19.6
      vertex 45.4 2.21456 53.4447
    endloop
  endfacet
  facet normal -0.571237 0.651532 0.499195
    outer loop
      vertex 48.8419 4.51439 5.22212
      vertex 49.2955 4.7 5.49893
      vertex 49.0536 4.7 5.22212
    endloop
  endfacet
  facet normal -0.571244 0.651497 0.499231
    outer loop
      vertex 49.2955 4.7 5.49893
      vertex 48.8419 4.51439 5.22212
      vertex 49.1127 4.16155 5.99244
    endloop
  endfacet
  facet normal -0.0566684 0.864635 0.499194
    outer loop
      vertex 46.196 2.95344 5.99244
      vertex 46.138 3.39438 5.22212
      vertex 45.4 2.90127 5.99244
    endloop
  endfacet
  facet normal -0.0398691 0.608297 0.792708
    outer loop
      vertex 45.4 4.51645 3.88749
      vertex 45.8579 4.7 3.76967
      vertex 45.4 4.7 3.74664
    endloop
  endfacet
  facet normal -0.0398629 0.608287 0.792716
    outer loop
      vertex 45.8579 4.7 3.76967
      vertex 45.4 4.51645 3.88749
      vertex 45.9852 4.5548 3.88749
    endloop
  endfacet
  facet normal -0.636963 0.726328 0.258315
    outer loop
      vertex 50.1159 4.28406 7.67338
      vertex 49.9531 4.44685 6.81421
      vertex 49.46 3.70886 7.67338
    endloop
  endfacet
  facet normal 0 0.707073 -0.707141
    outer loop
      vertex 43.4 3.88749 57.4836
      vertex 11 4.51645 58.1125
      vertex 43.4 4.51645 58.1125
    endloop
  endfacet
  facet normal 0 0.707073 -0.707141
    outer loop
      vertex 11 4.51645 58.1125
      vertex 43.4 3.88749 57.4836
      vertex 11 3.88749 57.4836
    endloop
  endfacet
  facet normal 0.745442 0.653718 0.130267
    outer loop
      vertex 3.86919 4.7 7.96013
      vertex 4.28406 4.28406 7.67338
      vertex 3.9193 4.7 7.67338
    endloop
  endfacet
  facet normal 0.745436 0.65373 0.130242
    outer loop
      vertex 4.28406 4.28406 7.67338
      vertex 3.86919 4.7 7.96013
      vertex 4.20197 4.20197 8.55526
    endloop
  endfacet
  facet normal 0 0.96595 -0.258727
    outer loop
      vertex 45.4 2.33066 54.3266
      vertex 43.4 2.35032 54.4
      vertex 45.4 2.35032 54.4
    endloop
  endfacet
  facet normal 0 0.96595 -0.258727
    outer loop
      vertex 43.4 2.35032 54.4
      vertex 45.4 2.33066 54.3266
      vertex 11 2.35032 54.4
    endloop
  endfacet
  facet normal 0 0.96595 -0.258727
    outer loop
      vertex 9 2.33066 54.3266
      vertex 11 2.35032 54.4
      vertex 45.4 2.33066 54.3266
    endloop
  endfacet
  facet normal 0 0.96595 -0.258727
    outer loop
      vertex 11 2.35032 54.4
      vertex 9 2.33066 54.3266
      vertex 9 2.35032 54.4
    endloop
  endfacet
  facet normal 0 0.965927 -0.258814
    outer loop
      vertex 43.4 2.35032 54.4
      vertex 11 2.56087 55.1858
      vertex 43.4 2.56087 55.1858
    endloop
  endfacet
  facet normal 0 0.965927 -0.258814
    outer loop
      vertex 11 2.56087 55.1858
      vertex 43.4 2.35032 54.4
      vertex 11 2.35032 54.4
    endloop
  endfacet
  facet normal 0 0.866022 -0.500006
    outer loop
      vertex 43.4 2.90127 56.0076
      vertex 11 3.34601 56.7779
      vertex 43.4 3.34601 56.7779
    endloop
  endfacet
  facet normal 0 0.866022 -0.500006
    outer loop
      vertex 11 3.34601 56.7779
      vertex 43.4 2.90127 56.0076
      vertex 11 2.90127 56.0076
    endloop
  endfacet
  facet normal -0.427247 0.866452 0.258303
    outer loop
      vertex 47.9522 2.83833 7.67338
      vertex 48.7347 3.22418 7.67338
      vertex 47.8641 3.05102 6.81421
    endloop
  endfacet
  facet normal -0.297089 0.875115 0.381984
    outer loop
      vertex 47.0666 2.78028 6.81421
      vertex 47.8641 3.05102 6.81421
      vertex 46.9785 3.10907 5.99244
    endloop
  endfacet
  facet normal 0.0631915 0.96402 -0.25821
    outer loop
      vertex 9 2.33066 54.3266
      vertex 8.8 2.36343 54.4
      vertex 9 2.35032 54.4
    endloop
  endfacet
  facet normal 0.0631915 0.96402 -0.25821
    outer loop
      vertex 8.8 2.36343 54.4
      vertex 9 2.33066 54.3266
      vertex 8.8 2.34377 54.3266
    endloop
  endfacet
  facet normal -0.0604402 0.922186 0.381995
    outer loop
      vertex 46.196 2.95344 5.99244
      vertex 45.4 2.90127 5.99244
      vertex 45.4 2.56087 6.81421
    endloop
  endfacet
  facet normal -0.138092 0.694268 0.706344
    outer loop
      vertex 46.0673 3.93123 4.51645
      vertex 46.7232 4.06169 4.51645
      vertex 45.9852 4.5548 3.88749
    endloop
  endfacet
  facet normal -0.310557 0.914786 0.258303
    outer loop
      vertex 47.9522 2.83833 7.67338
      vertex 47.8641 3.05102 6.81421
      vertex 47.0666 2.78028 6.81421
    endloop
  endfacet
  facet normal -0.313046 0.63487 0.706358
    outer loop
      vertex 47.3565 4.27666 4.51645
      vertex 47.5002 4.7 4.19964
      vertex 47.1811 4.7 4.05822
    endloop
  endfacet
  facet normal -0.188449 0.947505 0.258305
    outer loop
      vertex 47.1262 2.55791 7.67338
      vertex 47.0666 2.78028 6.81421
      vertex 46.2705 2.38772 7.67338
    endloop
  endfacet
  facet normal -0.255207 0.751839 0.607953
    outer loop
      vertex 46.8634 3.53866 5.22212
      vertex 47.3565 4.27666 4.51645
      vertex 46.7232 4.06169 4.51645
    endloop
  endfacet
  facet normal 0.193422 0.972431 0.130254
    outer loop
      vertex 8.11432 2.27261 8.55526
      vertex 8.12948 2.38772 7.67338
      vertex 7.27385 2.55791 7.67338
    endloop
  endfacet
  facet normal 0.0399785 0.608617 -0.792456
    outer loop
      vertex 9 4.63047 58.2
      vertex 8.54211 4.7 58.2303
      vertex 9 4.7 58.2534
    endloop
  endfacet
  facet normal 0.03985 0.607986 -0.792947
    outer loop
      vertex 8.54211 4.7 58.2303
      vertex 9 4.63047 58.2
      vertex 8.50934 4.66263 58.2
    endloop
  endfacet
  facet normal 0.0648495 0.989358 0.13025
    outer loop
      vertex 9 2.21456 8.55526
      vertex 9 2.33066 7.67338
      vertex 8.12948 2.38772 7.67338
    endloop
  endfacet
  facet normal 0.195093 0.980785 -0
    outer loop
      vertex 8.11432 2.27261 8.55526
      vertex 7.2438 2.44577 15.8
      vertex 8.11432 2.27261 15.8
    endloop
  endfacet
  facet normal 0.195093 0.980785 0
    outer loop
      vertex 7.2438 2.44577 15.8
      vertex 8.11432 2.27261 8.55526
      vertex 7.2438 2.44577 8.55526
    endloop
  endfacet
  facet normal 0.195093 0.980785 -0
    outer loop
      vertex 8.11432 2.27261 21.8
      vertex 7.2438 2.44577 52.2
      vertex 8.11432 2.27261 52.2
    endloop
  endfacet
  facet normal 0.195093 0.980785 0
    outer loop
      vertex 7.2438 2.44577 52.2
      vertex 8.11432 2.27261 21.8
      vertex 7.2438 2.44577 21.8
    endloop
  endfacet
  facet normal -0.0631915 0.96402 -0.25821
    outer loop
      vertex 45.6 2.34377 54.3266
      vertex 45.4 2.35032 54.4
      vertex 45.6 2.36343 54.4
    endloop
  endfacet
  facet normal -0.0631915 0.96402 -0.25821
    outer loop
      vertex 45.4 2.35032 54.4
      vertex 45.6 2.34377 54.3266
      vertex 45.4 2.33066 54.3266
    endloop
  endfacet
  facet normal -0.0648531 0.989368 -0.130175
    outer loop
      vertex 45.6 2.25434 53.6474
      vertex 45.6 2.22767 53.4447
      vertex 45.4 2.21456 53.4447
    endloop
  endfacet
  facet normal -0.427242 0.866457 0.258297
    outer loop
      vertex 48.7347 3.22418 7.67338
      vertex 48.6196 3.42355 6.81421
      vertex 47.8641 3.05102 6.81421
    endloop
  endfacet
  facet normal 0 0.991445 -0.130521
    outer loop
      vertex 45.4 2.21456 53.4447
      vertex 9 2.33066 54.3266
      vertex 45.4 2.33066 54.3266
    endloop
  endfacet
  facet normal 0 0.991445 -0.130521
    outer loop
      vertex 9 2.33066 54.3266
      vertex 45.4 2.21456 53.4447
      vertex 9 2.21456 53.4447
    endloop
  endfacet
  facet normal -0.064851 0.989358 0.13025
    outer loop
      vertex 46.2705 2.38772 7.67338
      vertex 45.4 2.33066 7.67338
      vertex 45.4 2.21456 8.55526
    endloop
  endfacet
  facet normal -0.523449 0.597027 0.607915
    outer loop
      vertex 48.8419 4.51439 5.22212
      vertex 49.0536 4.7 5.22212
      vertex 48.6995 4.7 4.91722
    endloop
  endfacet
  facet normal 0.0462877 0.706349 0.706349
    outer loop
      vertex 9 3.88749 4.51645
      vertex 9 4.51645 3.88749
      vertex 8.41478 4.5548 3.88749
    endloop
  endfacet
  facet normal 0 0.793353 0.608762
    outer loop
      vertex 45.4 3.88749 4.51645
      vertex 9 3.34601 5.22212
      vertex 45.4 3.34601 5.22212
    endloop
  endfacet
  facet normal 0 0.793353 0.608762
    outer loop
      vertex 9 3.34601 5.22212
      vertex 45.4 3.88749 4.51645
      vertex 9 3.88749 4.51645
    endloop
  endfacet
  facet normal 0 0.923875 0.382695
    outer loop
      vertex 45.4 2.90127 5.99244
      vertex 9 2.56087 6.81421
      vertex 45.4 2.56087 6.81421
    endloop
  endfacet
  facet normal 0 0.923875 0.382695
    outer loop
      vertex 9 2.56087 6.81421
      vertex 45.4 2.90127 5.99244
      vertex 9 2.90127 5.99244
    endloop
  endfacet
  facet normal -0.0631846 0.963998 0.258294
    outer loop
      vertex 46.2705 2.38772 7.67338
      vertex 46.2405 2.61596 6.81421
      vertex 45.4 2.56087 6.81421
    endloop
  endfacet
  facet normal -0.05667 0.864636 0.499193
    outer loop
      vertex 46.138 3.39438 5.22212
      vertex 45.4 3.34601 5.22212
      vertex 45.4 2.90127 5.99244
    endloop
  endfacet
  facet normal -0.0519278 0.792283 0.60794
    outer loop
      vertex 46.138 3.39438 5.22212
      vertex 45.4 3.88749 4.51645
      vertex 45.4 3.34601 5.22212
    endloop
  endfacet
  facet normal -0.0648439 0.989358 0.130256
    outer loop
      vertex 46.2857 2.27261 8.55526
      vertex 46.2705 2.38772 7.67338
      vertex 45.4 2.21456 8.55526
    endloop
  endfacet
  facet normal -0.0631886 0.963997 0.258298
    outer loop
      vertex 46.2705 2.38772 7.67338
      vertex 45.4 2.56087 6.81421
      vertex 45.4 2.33066 7.67338
    endloop
  endfacet
  facet normal -0.653736 0.745426 0.130268
    outer loop
      vertex 49.5307 3.61675 8.55526
      vertex 50.198 4.20197 8.55526
      vertex 49.46 3.70886 7.67338
    endloop
  endfacet
  facet normal -0.310561 0.914784 0.258307
    outer loop
      vertex 47.1262 2.55791 7.67338
      vertex 47.9522 2.83833 7.67338
      vertex 47.0666 2.78028 6.81421
    endloop
  endfacet
  facet normal 0.513444 0.768417 0.381982
    outer loop
      vertex 5.78044 3.42355 6.81421
      vertex 5.28732 4.16155 5.99244
      vertex 5.08011 3.8915 6.81421
    endloop
  endfacet
  facet normal -0 0.608781 0.793338
    outer loop
      vertex 9 4.7 3.74664
      vertex 45.4 4.51645 3.88749
      vertex 45.4 4.7 3.74664
    endloop
  endfacet
  facet normal 0 0.608781 0.793338
    outer loop
      vertex 45.4 4.51645 3.88749
      vertex 9 4.7 3.74664
      vertex 9 4.51645 3.88749
    endloop
  endfacet
  facet normal 0.653732 0.745432 -0.13025
    outer loop
      vertex 4.93996 3.70886 54.3266
      vertex 4.86928 3.61675 53.4447
      vertex 4.20197 4.20197 53.4447
    endloop
  endfacet
  facet normal -0.695475 0.608401 -0.382312
    outer loop
      vertex 50.0391 4.7 55.4333
      vertex 49.7125 4.68754 56.0076
      vertex 49.7234 4.7 56.0076
    endloop
  endfacet
  facet normal -0.694803 0.609422 -0.381907
    outer loop
      vertex 49.7125 4.68754 56.0076
      vertex 50.0391 4.7 55.4333
      vertex 49.9531 4.44685 55.1858
    endloop
  endfacet
  facet normal -0.118997 0.598934 -0.791908
    outer loop
      vertex 46.0568 4.7 58.2113
      vertex 46.132 4.7 58.2
      vertex 46.0486 4.68343 58.2
    endloop
  endfacet
  facet normal -0.318691 0.93887 0.130228
    outer loop
      vertex 47.1562 2.44577 8.55526
      vertex 47.9967 2.73107 8.55526
      vertex 47.1262 2.55791 7.67338
    endloop
  endfacet
  facet normal -0.694692 0.609485 -0.38201
    outer loop
      vertex 50.0391 4.7 55.4333
      vertex 50.1752 4.7 55.1858
      vertex 49.9531 4.44685 55.1858
    endloop
  endfacet
  facet normal -0.0648523 0.989356 -0.130268
    outer loop
      vertex 45.6 2.25434 53.6474
      vertex 45.4 2.33066 54.3266
      vertex 45.6 2.34377 54.3266
    endloop
  endfacet
  facet normal -0.0647787 0.989363 -0.130247
    outer loop
      vertex 45.4 2.33066 54.3266
      vertex 45.6 2.25434 53.6474
      vertex 45.4 2.21456 53.4447
    endloop
  endfacet
  facet normal -0.0399087 0.60857 -0.792496
    outer loop
      vertex 45.8907 4.66263 58.2
      vertex 45.9661 4.7 58.2249
      vertex 45.9703 4.66785 58.2
    endloop
  endfacet
  facet normal -0.0395695 0.608125 -0.792855
    outer loop
      vertex 45.9661 4.7 58.2249
      vertex 45.8907 4.66263 58.2
      vertex 45.8579 4.7 58.2303
    endloop
  endfacet
  facet normal -0.118914 0.597963 0.792654
    outer loop
      vertex 46.0568 4.7 3.78872
      vertex 46.5604 4.66922 3.88749
      vertex 46.5522 4.7 3.86304
    endloop
  endfacet
  facet normal -0.118931 0.597878 0.792715
    outer loop
      vertex 46.5604 4.66922 3.88749
      vertex 46.0568 4.7 3.78872
      vertex 45.9852 4.5548 3.88749
    endloop
  endfacet
  facet normal -0.75181 0.659379 0
    outer loop
      vertex 50.198 4.20197 8.55526
      vertex 50.6348 4.7 53.4447
      vertex 50.6348 4.7 8.55526
    endloop
  endfacet
  facet normal -0.75181 0.659379 0
    outer loop
      vertex 50.6348 4.7 53.4447
      vertex 50.198 4.20197 8.55526
      vertex 50.198 4.20197 53.4447
    endloop
  endfacet
  facet normal -0.726297 0.636997 0.258317
    outer loop
      vertex 50.1159 4.28406 7.67338
      vertex 50.332 4.7 7.25529
      vertex 49.9531 4.44685 6.81421
    endloop
  endfacet
  facet normal -0.726296 0.636998 0.258318
    outer loop
      vertex 50.332 4.7 7.25529
      vertex 50.1159 4.28406 7.67338
      vertex 50.4807 4.7 7.67338
    endloop
  endfacet
  facet normal -0.481408 0.720431 0.499224
    outer loop
      vertex 49.1127 4.16155 5.99244
      vertex 48.8419 4.51439 5.22212
      vertex 48.227 4.1035 5.22212
    endloop
  endfacet
  facet normal -0.154886 0.778725 0.607946
    outer loop
      vertex 46.138 3.39438 5.22212
      vertex 46.8634 3.53866 5.22212
      vertex 46.0673 3.93123 4.51645
    endloop
  endfacet
  facet normal -0.0519322 0.79228 0.607943
    outer loop
      vertex 46.138 3.39438 5.22212
      vertex 46.0673 3.93123 4.51645
      vertex 45.4 3.88749 4.51645
    endloop
  endfacet
  facet normal -0.297073 0.875128 0.381967
    outer loop
      vertex 47.8641 3.05102 6.81421
      vertex 47.7339 3.3655 5.99244
      vertex 46.9785 3.10907 5.99244
    endloop
  endfacet
  facet normal -0.408749 0.828873 0.38196
    outer loop
      vertex 47.8641 3.05102 6.81421
      vertex 48.4494 3.71834 5.99244
      vertex 47.7339 3.3655 5.99244
    endloop
  endfacet
  facet normal -0.0604441 0.922187 0.381992
    outer loop
      vertex 46.2405 2.61596 6.81421
      vertex 46.196 2.95344 5.99244
      vertex 45.4 2.56087 6.81421
    endloop
  endfacet
  facet normal 0 0.965926 0.258817
    outer loop
      vertex 45.4 2.33066 7.67338
      vertex 40.2 2.51109 7
      vertex 40.2 2.33066 7.67338
    endloop
  endfacet
  facet normal 0 0.965929 0.258808
    outer loop
      vertex 45.4 2.56087 6.81421
      vertex 38.2 2.51109 7
      vertex 40.2 2.51109 7
    endloop
  endfacet
  facet normal 0 0.965929 0.258808
    outer loop
      vertex 38.2 2.51109 7
      vertex 45.4 2.56087 6.81421
      vertex 34.2 2.51109 7
    endloop
  endfacet
  facet normal 0 0.965929 0.258808
    outer loop
      vertex 34.2 2.51109 7
      vertex 45.4 2.56087 6.81421
      vertex 32.2 2.51109 7
    endloop
  endfacet
  facet normal 0 0.965929 0.258808
    outer loop
      vertex 32.2 2.51109 7
      vertex 45.4 2.56087 6.81421
      vertex 28.2 2.51109 7
    endloop
  endfacet
  facet normal 0 0.965929 0.258808
    outer loop
      vertex 28.2 2.51109 7
      vertex 45.4 2.56087 6.81421
      vertex 26.2 2.51109 7
    endloop
  endfacet
  facet normal 0 0.965929 0.258808
    outer loop
      vertex 26.2 2.51109 7
      vertex 45.4 2.56087 6.81421
      vertex 22.2 2.51109 7
    endloop
  endfacet
  facet normal 0 0.965929 0.258808
    outer loop
      vertex 22.2 2.51109 7
      vertex 45.4 2.56087 6.81421
      vertex 20.2 2.51109 7
    endloop
  endfacet
  facet normal -0 0.965929 0.258808
    outer loop
      vertex 9 2.56087 6.81421
      vertex 20.2 2.51109 7
      vertex 45.4 2.56087 6.81421
    endloop
  endfacet
  facet normal 0 0.965929 0.258808
    outer loop
      vertex 20.2 2.51109 7
      vertex 9 2.56087 6.81421
      vertex 16.2 2.51109 7
    endloop
  endfacet
  facet normal 2.66643e-07 0.965927 0.258815
    outer loop
      vertex 45.4 2.56087 6.81421
      vertex 40.2 2.51109 7
      vertex 45.4 2.33066 7.67338
    endloop
  endfacet
  facet normal 0 0.965926 0.258817
    outer loop
      vertex 38.2 2.51109 7
      vertex 34.2 2.33066 7.67338
      vertex 38.2 2.33066 7.67338
    endloop
  endfacet
  facet normal 0 0.965926 0.258817
    outer loop
      vertex 34.2 2.33066 7.67338
      vertex 38.2 2.51109 7
      vertex 34.2 2.51109 7
    endloop
  endfacet
  facet normal 0 0.965926 0.258817
    outer loop
      vertex 32.2 2.51109 7
      vertex 28.2 2.33066 7.67338
      vertex 32.2 2.33066 7.67338
    endloop
  endfacet
  facet normal 0 0.965926 0.258817
    outer loop
      vertex 28.2 2.33066 7.67338
      vertex 32.2 2.51109 7
      vertex 28.2 2.51109 7
    endloop
  endfacet
  facet normal 0 0.965926 0.258817
    outer loop
      vertex 26.2 2.51109 7
      vertex 22.2 2.33066 7.67338
      vertex 26.2 2.33066 7.67338
    endloop
  endfacet
  facet normal 0 0.965926 0.258817
    outer loop
      vertex 22.2 2.33066 7.67338
      vertex 26.2 2.51109 7
      vertex 22.2 2.51109 7
    endloop
  endfacet
  facet normal 0 0.965926 0.258817
    outer loop
      vertex 20.2 2.51109 7
      vertex 16.2 2.33066 7.67338
      vertex 20.2 2.33066 7.67338
    endloop
  endfacet
  facet normal 0 0.965926 0.258817
    outer loop
      vertex 16.2 2.33066 7.67338
      vertex 20.2 2.51109 7
      vertex 16.2 2.51109 7
    endloop
  endfacet
  facet normal 0 0.965926 0.258817
    outer loop
      vertex 14.2 2.51109 7
      vertex 9 2.33066 7.67338
      vertex 14.2 2.33066 7.67338
    endloop
  endfacet
  facet normal -2.66643e-07 0.965927 0.258815
    outer loop
      vertex 14.2 2.51109 7
      vertex 9 2.56087 6.81421
      vertex 9 2.33066 7.67338
    endloop
  endfacet
  facet normal 0 0.965929 0.258808
    outer loop
      vertex 16.2 2.51109 7
      vertex 9 2.56087 6.81421
      vertex 14.2 2.51109 7
    endloop
  endfacet
  facet normal -0.193436 0.972431 0.130235
    outer loop
      vertex 47.1562 2.44577 8.55526
      vertex 47.1262 2.55791 7.67338
      vertex 46.2857 2.27261 8.55526
    endloop
  endfacet
  facet normal -0.193407 0.972433 0.130263
    outer loop
      vertex 46.2857 2.27261 8.55526
      vertex 47.1262 2.55791 7.67338
      vertex 46.2705 2.38772 7.67338
    endloop
  endfacet
  facet normal 0.427282 0.866435 0.258302
    outer loop
      vertex 6.44775 2.83833 7.67338
      vertex 6.53585 3.05102 6.81421
      vertex 5.66533 3.22418 7.67338
    endloop
  endfacet
  facet normal 0.063186 0.963997 0.258297
    outer loop
      vertex 9 2.56087 6.81421
      vertex 8.15952 2.61596 6.81421
      vertex 8.12948 2.38772 7.67338
    endloop
  endfacet
  facet normal -0.118867 0.597862 0.792737
    outer loop
      vertex 45.9852 4.5548 3.88749
      vertex 46.0568 4.7 3.78872
      vertex 45.9661 4.7 3.77512
    endloop
  endfacet
  facet normal 0.0648525 0.989359 -0.130238
    outer loop
      vertex 8.8 2.25434 53.6473
      vertex 9 2.21456 53.4447
      vertex 8.8 2.22767 53.4447
    endloop
  endfacet
  facet normal 0.74544 0.653716 -0.130289
    outer loop
      vertex 4.28406 4.28406 54.3266
      vertex 3.86919 4.7 54.0399
      vertex 3.9193 4.7 54.3266
    endloop
  endfacet
  facet normal 0.745428 0.653739 -0.130239
    outer loop
      vertex 3.86919 4.7 54.0399
      vertex 4.28406 4.28406 54.3266
      vertex 4.20197 4.20197 53.4447
    endloop
  endfacet
  facet normal -0.745406 0.653763 -0.130246
    outer loop
      vertex 50.5308 4.7 54.0399
      vertex 50.6348 4.7 53.4447
      vertex 50.198 4.20197 53.4447
    endloop
  endfacet
  facet normal -0.745405 0.653761 0.130261
    outer loop
      vertex 50.6348 4.7 8.55526
      vertex 50.5308 4.7 7.96013
      vertex 50.198 4.20197 8.55526
    endloop
  endfacet
  facet normal -0.408712 0.828878 0.38199
    outer loop
      vertex 48.6196 3.42355 6.81421
      vertex 48.4494 3.71834 5.99244
      vertex 47.8641 3.05102 6.81421
    endloop
  endfacet
  facet normal -0.653723 0.74544 0.130249
    outer loop
      vertex 50.198 4.20197 8.55526
      vertex 50.1159 4.28406 7.67338
      vertex 49.46 3.70886 7.67338
    endloop
  endfacet
  facet normal -0.44112 0.660178 0.607929
    outer loop
      vertex 48.1472 4.7 4.51645
      vertex 48.227 4.1035 5.22212
      vertex 48.4295 4.7 4.72129
    endloop
  endfacet
  facet normal -0.44113 0.660174 0.607927
    outer loop
      vertex 48.227 4.1035 5.22212
      vertex 48.1472 4.7 4.51645
      vertex 47.9563 4.57244 4.51645
    endloop
  endfacet
  facet normal -0.313129 0.634791 0.706392
    outer loop
      vertex 47.5002 4.7 4.19964
      vertex 47.9563 4.57244 4.51645
      vertex 47.8826 4.7 4.36915
    endloop
  endfacet
  facet normal -0.313074 0.634871 0.706345
    outer loop
      vertex 47.9563 4.57244 4.51645
      vertex 47.5002 4.7 4.19964
      vertex 47.3565 4.27666 4.51645
    endloop
  endfacet
  facet normal -0.15489 0.778722 0.607948
    outer loop
      vertex 46.8634 3.53866 5.22212
      vertex 46.7232 4.06169 4.51645
      vertex 46.0673 3.93123 4.51645
    endloop
  endfacet
  facet normal -0.0462999 0.706353 0.706344
    outer loop
      vertex 46.0673 3.93123 4.51645
      vertex 45.9852 4.5548 3.88749
      vertex 45.4 3.88749 4.51645
    endloop
  endfacet
  facet normal -0.169031 0.849843 0.499195
    outer loop
      vertex 46.9785 3.10907 5.99244
      vertex 46.8634 3.53866 5.22212
      vertex 46.138 3.39438 5.22212
    endloop
  endfacet
  facet normal -0.27853 0.820502 0.499197
    outer loop
      vertex 47.7339 3.3655 5.99244
      vertex 47.5637 3.77639 5.22212
      vertex 46.9785 3.10907 5.99244
    endloop
  endfacet
  facet normal -0.383231 0.777127 0.499207
    outer loop
      vertex 48.4494 3.71834 5.99244
      vertex 48.227 4.1035 5.22212
      vertex 47.7339 3.3655 5.99244
    endloop
  endfacet
  facet normal -0.637008 0.726305 0.258269
    outer loop
      vertex 49.46 3.70886 7.67338
      vertex 49.9531 4.44685 6.81421
      vertex 49.3199 3.8915 6.81421
    endloop
  endfacet
  facet normal -0.180295 0.906412 0.381984
    outer loop
      vertex 47.0666 2.78028 6.81421
      vertex 46.9785 3.10907 5.99244
      vertex 46.2405 2.61596 6.81421
    endloop
  endfacet
  facet normal -0.188469 0.947506 0.258287
    outer loop
      vertex 46.2705 2.38772 7.67338
      vertex 47.0666 2.78028 6.81421
      vertex 46.2405 2.61596 6.81421
    endloop
  endfacet
  facet normal 0 0.991445 0.130524
    outer loop
      vertex 14.2 2.33066 7.67338
      vertex 9 2.21456 8.55526
      vertex 14.2 2.21456 8.55526
    endloop
  endfacet
  facet normal 0 0.991445 0.130524
    outer loop
      vertex 9 2.21456 8.55526
      vertex 14.2 2.33066 7.67338
      vertex 9 2.33066 7.67338
    endloop
  endfacet
  facet normal 0 0.991445 0.130524
    outer loop
      vertex 45.4 2.33066 7.67338
      vertex 40.2 2.21456 8.55526
      vertex 45.4 2.21456 8.55526
    endloop
  endfacet
  facet normal 0 0.991445 0.130524
    outer loop
      vertex 40.2 2.21456 8.55526
      vertex 45.4 2.33066 7.67338
      vertex 40.2 2.33066 7.67338
    endloop
  endfacet
  facet normal 0 0.991445 0.130524
    outer loop
      vertex 20.2 2.33066 7.67338
      vertex 16.2 2.21456 8.55526
      vertex 20.2 2.21456 8.55526
    endloop
  endfacet
  facet normal 0 0.991445 0.130524
    outer loop
      vertex 16.2 2.21456 8.55526
      vertex 20.2 2.33066 7.67338
      vertex 16.2 2.33066 7.67338
    endloop
  endfacet
  facet normal 0 0.991445 0.130524
    outer loop
      vertex 26.2 2.33066 7.67338
      vertex 22.2 2.21456 8.55526
      vertex 26.2 2.21456 8.55526
    endloop
  endfacet
  facet normal 0 0.991445 0.130524
    outer loop
      vertex 22.2 2.21456 8.55526
      vertex 26.2 2.33066 7.67338
      vertex 22.2 2.33066 7.67338
    endloop
  endfacet
  facet normal 0 0.991445 0.130524
    outer loop
      vertex 32.2 2.33066 7.67338
      vertex 28.2 2.21456 8.55526
      vertex 32.2 2.21456 8.55526
    endloop
  endfacet
  facet normal 0 0.991445 0.130524
    outer loop
      vertex 28.2 2.21456 8.55526
      vertex 32.2 2.33066 7.67338
      vertex 28.2 2.33066 7.67338
    endloop
  endfacet
  facet normal 0 0.991445 0.130524
    outer loop
      vertex 38.2 2.33066 7.67338
      vertex 34.2 2.21456 8.55526
      vertex 38.2 2.21456 8.55526
    endloop
  endfacet
  facet normal 0 0.991445 0.130524
    outer loop
      vertex 34.2 2.21456 8.55526
      vertex 38.2 2.33066 7.67338
      vertex 34.2 2.33066 7.67338
    endloop
  endfacet
  facet normal -0.195098 0.980784 0
    outer loop
      vertex 47.1562 2.44577 8.55526
      vertex 46.2857 2.27261 15.8
      vertex 47.1562 2.44577 15.8
    endloop
  endfacet
  facet normal -0.195098 0.980784 0
    outer loop
      vertex 46.2857 2.27261 15.8
      vertex 47.1562 2.44577 8.55526
      vertex 46.2857 2.27261 8.55526
    endloop
  endfacet
  facet normal -0.195098 0.980784 0
    outer loop
      vertex 47.1562 2.44577 21.8
      vertex 46.2857 2.27261 52.2
      vertex 47.1562 2.44577 52.2
    endloop
  endfacet
  facet normal -0.195098 0.980784 0
    outer loop
      vertex 46.2857 2.27261 52.2
      vertex 47.1562 2.44577 21.8
      vertex 46.2857 2.27261 21.8
    endloop
  endfacet
  facet normal -0.321428 0.946934 0
    outer loop
      vertex 47.9967 2.73107 8.55526
      vertex 47.1562 2.44577 15.8
      vertex 47.9967 2.73107 15.8
    endloop
  endfacet
  facet normal -0.321428 0.946934 0
    outer loop
      vertex 47.1562 2.44577 15.8
      vertex 47.9967 2.73107 8.55526
      vertex 47.1562 2.44577 8.55526
    endloop
  endfacet
  facet normal -0.321428 0.946934 0
    outer loop
      vertex 47.9967 2.73107 21.8
      vertex 47.1562 2.44577 52.2
      vertex 47.9967 2.73107 52.2
    endloop
  endfacet
  facet normal -0.321428 0.946934 0
    outer loop
      vertex 47.1562 2.44577 52.2
      vertex 47.9967 2.73107 21.8
      vertex 47.1562 2.44577 21.8
    endloop
  endfacet
  facet normal 0.318697 0.938865 0.130246
    outer loop
      vertex 7.2438 2.44577 8.55526
      vertex 7.27385 2.55791 7.67338
      vertex 6.40332 2.73107 8.55526
    endloop
  endfacet
  facet normal 0.0648453 0.989358 0.130254
    outer loop
      vertex 9 2.21456 8.55526
      vertex 8.12948 2.38772 7.67338
      vertex 8.11432 2.27261 8.55526
    endloop
  endfacet
  facet normal 0.550861 0.82437 -0.130255
    outer loop
      vertex 5 3.55229 53.5896
      vertex 4.93996 3.70886 54.3266
      vertex 5 3.66874 54.3266
    endloop
  endfacet
  facet normal 0.550882 0.824357 -0.13025
    outer loop
      vertex 4.93996 3.70886 54.3266
      vertex 5 3.55229 53.5896
      vertex 4.86928 3.61675 53.4447
    endloop
  endfacet
  facet normal 0.154891 0.778729 0.60794
    outer loop
      vertex 8.33268 3.93123 4.51645
      vertex 7.67678 4.06169 4.51645
      vertex 7.53664 3.53866 5.22212
    endloop
  endfacet
  facet normal 0.138101 0.694261 0.70635
    outer loop
      vertex 8.41478 4.5548 3.88749
      vertex 7.83957 4.66922 3.88749
      vertex 7.67678 4.06169 4.51645
    endloop
  endfacet
  facet normal -0.227528 0.670297 0.706352
    outer loop
      vertex 46.7232 4.06169 4.51645
      vertex 47.3565 4.27666 4.51645
      vertex 46.5604 4.66922 3.88749
    endloop
  endfacet
  facet normal -0.138103 0.694259 0.706351
    outer loop
      vertex 46.7232 4.06169 4.51645
      vertex 46.5604 4.66922 3.88749
      vertex 45.9852 4.5548 3.88749
    endloop
  endfacet
  facet normal 0.0648524 0.989358 -0.130249
    outer loop
      vertex 9 2.33066 54.3266
      vertex 8.8 2.25434 53.6473
      vertex 8.8 2.34377 54.3266
    endloop
  endfacet
  facet normal 0.0648436 0.989359 -0.130247
    outer loop
      vertex 8.8 2.25434 53.6473
      vertex 9 2.33066 54.3266
      vertex 9 2.21456 53.4447
    endloop
  endfacet
  facet normal 0.726326 0.636981 -0.258273
    outer loop
      vertex 4.22484 4.7 55.1858
      vertex 4.44685 4.44685 55.1858
      vertex 4.06799 4.7 54.7447
    endloop
  endfacet
  facet normal -0.653724 0.74544 -0.130246
    outer loop
      vertex 50.1159 4.28406 54.3266
      vertex 50.198 4.20197 53.4447
      vertex 49.46 3.70886 54.3266
    endloop
  endfacet
  facet normal -0.570953 0.651155 -0.50001
    outer loop
      vertex 49.4 4.41353 56.0076
      vertex 49.7 4.7 56.0381
      vertex 49.7125 4.68754 56.0076
    endloop
  endfacet
  facet normal -0.571301 0.651437 -0.499244
    outer loop
      vertex 49.7 4.7 56.0381
      vertex 49.4 4.41353 56.0076
      vertex 49.4 4.7 56.3814
    endloop
  endfacet
  facet normal -0.726222 0.637148 -0.258154
    outer loop
      vertex 50.1752 4.7 55.1858
      vertex 50.332 4.7 54.7447
      vertex 49.9531 4.44685 55.1858
    endloop
  endfacet
  facet normal -0.745409 0.653761 0.130235
    outer loop
      vertex 50.1159 4.28406 7.67338
      vertex 50.5308 4.7 7.96013
      vertex 50.4807 4.7 7.67338
    endloop
  endfacet
  facet normal -0.745413 0.653754 0.13025
    outer loop
      vertex 50.5308 4.7 7.96013
      vertex 50.1159 4.28406 7.67338
      vertex 50.198 4.20197 8.55526
    endloop
  endfacet
  facet normal -0.19582 0.577436 0.792605
    outer loop
      vertex 46.5604 4.66922 3.88749
      vertex 46.5709 4.7 3.86766
      vertex 46.5522 4.7 3.86304
    endloop
  endfacet
  facet normal -0.0399301 0.608249 0.792742
    outer loop
      vertex 45.9852 4.5548 3.88749
      vertex 45.9661 4.7 3.77512
      vertex 45.8579 4.7 3.76967
    endloop
  endfacet
  facet normal -0.442312 0.896861 0
    outer loop
      vertex 48.7927 3.12364 8.55526
      vertex 47.9967 2.73107 15.8
      vertex 48.7927 3.12364 15.8
    endloop
  endfacet
  facet normal -0.442312 0.896861 0
    outer loop
      vertex 47.9967 2.73107 15.8
      vertex 48.7927 3.12364 8.55526
      vertex 47.9967 2.73107 8.55526
    endloop
  endfacet
  facet normal -0.442312 0.896861 0
    outer loop
      vertex 48.7927 3.12364 21.8
      vertex 47.9967 2.73107 52.2
      vertex 48.7927 3.12364 52.2
    endloop
  endfacet
  facet normal -0.442312 0.896861 0
    outer loop
      vertex 47.9967 2.73107 52.2
      vertex 48.7927 3.12364 21.8
      vertex 47.9967 2.73107 21.8
    endloop
  endfacet
  facet normal -0.53674 0.803246 0.258275
    outer loop
      vertex 49.46 3.70886 7.67338
      vertex 49.3199 3.8915 6.81421
      vertex 48.6196 3.42355 6.81421
    endloop
  endfacet
  facet normal -0.651896 0.570278 0.499815
    outer loop
      vertex 49.7125 4.68754 5.99244
      vertex 49.7234 4.7 5.99244
      vertex 49.7 4.7 5.96192
    endloop
  endfacet
  facet normal -0.571087 0.651225 0.499766
    outer loop
      vertex 49.7 4.7 5.96192
      vertex 49.1127 4.16155 5.99244
      vertex 49.7125 4.68754 5.99244
    endloop
  endfacet
  facet normal -0.57134 0.651467 0.499162
    outer loop
      vertex 49.1127 4.16155 5.99244
      vertex 49.7 4.7 5.96192
      vertex 49.2955 4.7 5.49893
    endloop
  endfacet
  facet normal -0.60938 0.694804 0.381974
    outer loop
      vertex 49.3199 3.8915 6.81421
      vertex 49.9531 4.44685 6.81421
      vertex 49.1127 4.16155 5.99244
    endloop
  endfacet
  facet normal -0.513461 0.768408 0.381978
    outer loop
      vertex 49.3199 3.8915 6.81421
      vertex 49.1127 4.16155 5.99244
      vertex 48.6196 3.42355 6.81421
    endloop
  endfacet
  facet normal -0.441143 0.660174 0.607917
    outer loop
      vertex 48.6995 4.7 4.91722
      vertex 48.227 4.1035 5.22212
      vertex 48.8419 4.51439 5.22212
    endloop
  endfacet
  facet normal -0.441144 0.660175 0.607916
    outer loop
      vertex 48.227 4.1035 5.22212
      vertex 48.6995 4.7 4.91722
      vertex 48.4295 4.7 4.72129
    endloop
  endfacet
  facet normal -0.393248 0.588515 0.706404
    outer loop
      vertex 47.9563 4.57244 4.51645
      vertex 48.1472 4.7 4.51645
      vertex 47.8826 4.7 4.36915
    endloop
  endfacet
  facet normal -0.351175 0.712099 0.60794
    outer loop
      vertex 47.5637 3.77639 5.22212
      vertex 48.227 4.1035 5.22212
      vertex 47.3565 4.27666 4.51645
    endloop
  endfacet
  facet normal -0.383244 0.777127 0.499197
    outer loop
      vertex 47.7339 3.3655 5.99244
      vertex 48.227 4.1035 5.22212
      vertex 47.5637 3.77639 5.22212
    endloop
  endfacet
  facet normal -0.180274 0.906409 0.382001
    outer loop
      vertex 46.2405 2.61596 6.81421
      vertex 46.9785 3.10907 5.99244
      vertex 46.196 2.95344 5.99244
    endloop
  endfacet
  facet normal -0.169025 0.849848 0.499189
    outer loop
      vertex 46.196 2.95344 5.99244
      vertex 46.9785 3.10907 5.99244
      vertex 46.138 3.39438 5.22212
    endloop
  endfacet
  facet normal 0.0604457 0.922189 0.381987
    outer loop
      vertex 9 2.56087 6.81421
      vertex 8.20395 2.95344 5.99244
      vertex 8.15952 2.61596 6.81421
    endloop
  endfacet
  facet normal 0.193432 0.97243 0.130246
    outer loop
      vertex 8.11432 2.27261 8.55526
      vertex 7.27385 2.55791 7.67338
      vertex 7.2438 2.44577 8.55526
    endloop
  endfacet
  facet normal 0.255229 0.751843 0.607939
    outer loop
      vertex 7.53664 3.53866 5.22212
      vertex 7.67678 4.06169 4.51645
      vertex 7.04353 4.27666 4.51645
    endloop
  endfacet
  facet normal 0.408752 0.82886 0.381986
    outer loop
      vertex 6.53585 3.05102 6.81421
      vertex 5.95063 3.71834 5.99244
      vertex 5.78044 3.42355 6.81421
    endloop
  endfacet
  facet normal 0.0631871 0.963997 0.258298
    outer loop
      vertex 9 2.33066 7.67338
      vertex 9 2.56087 6.81421
      vertex 8.12948 2.38772 7.67338
    endloop
  endfacet
  facet normal 0.75184 0.659345 0
    outer loop
      vertex 4.20197 4.20197 53.4447
      vertex 3.76521 4.7 8.55526
      vertex 3.76521 4.7 53.4447
    endloop
  endfacet
  facet normal 0.75184 0.659345 0
    outer loop
      vertex 3.76521 4.7 8.55526
      vertex 4.20197 4.20197 53.4447
      vertex 4.20197 4.20197 8.55526
    endloop
  endfacet
  facet normal 0.118854 0.597858 0.792741
    outer loop
      vertex 8.41478 4.5548 3.88749
      vertex 8.43389 4.7 3.77512
      vertex 8.34318 4.7 3.78872
    endloop
  endfacet
  facet normal -0.195965 0.577454 0.792556
    outer loop
      vertex 46.6511 4.7 3.88749
      vertex 46.5709 4.7 3.86766
      vertex 46.5604 4.66922 3.88749
    endloop
  endfacet
  facet normal -0.227539 0.670293 0.706353
    outer loop
      vertex 46.6511 4.7 3.88749
      vertex 47.3565 4.27666 4.51645
      vertex 47.1811 4.7 4.05822
    endloop
  endfacet
  facet normal -0.227487 0.670339 0.706325
    outer loop
      vertex 47.3565 4.27666 4.51645
      vertex 46.6511 4.7 3.88749
      vertex 46.5604 4.66922 3.88749
    endloop
  endfacet
  facet normal 0.442295 0.89687 -0
    outer loop
      vertex 6.40332 2.73107 8.55526
      vertex 5.60728 3.12364 15.8
      vertex 6.40332 2.73107 15.8
    endloop
  endfacet
  facet normal 0.442295 0.89687 0
    outer loop
      vertex 5.60728 3.12364 15.8
      vertex 6.40332 2.73107 8.55526
      vertex 5.60728 3.12364 8.55526
    endloop
  endfacet
  facet normal 0.442295 0.89687 -0
    outer loop
      vertex 6.40332 2.73107 21.8
      vertex 5.60728 3.12364 52.2
      vertex 6.40332 2.73107 52.2
    endloop
  endfacet
  facet normal 0.442295 0.89687 0
    outer loop
      vertex 5.60728 3.12364 52.2
      vertex 6.40332 2.73107 21.8
      vertex 5.60728 3.12364 21.8
    endloop
  endfacet
  facet normal 0.0654025 0.997859 -0
    outer loop
      vertex 9 2.21456 8.55526
      vertex 8.11432 2.27261 15.8
      vertex 9 2.21456 15.8
    endloop
  endfacet
  facet normal 0.0654025 0.997859 0
    outer loop
      vertex 8.11432 2.27261 15.8
      vertex 9 2.21456 8.55526
      vertex 8.11432 2.27261 8.55526
    endloop
  endfacet
  facet normal 0.0654096 0.997858 0
    outer loop
      vertex 9 2.21456 53.4447
      vertex 8.8 2.22767 52.2
      vertex 8.8 2.22767 53.4447
    endloop
  endfacet
  facet normal 0.0654005 0.997859 0
    outer loop
      vertex 8.8 2.22767 52.2
      vertex 8.8 2.22767 21.8
      vertex 8.11432 2.27261 52.2
    endloop
  endfacet
  facet normal 0.0654096 0.997858 0
    outer loop
      vertex 9 2.21456 53.4447
      vertex 8.8 2.22767 21.8
      vertex 8.8 2.22767 52.2
    endloop
  endfacet
  facet normal 0.0654096 0.997858 -0
    outer loop
      vertex 9 2.21456 19.6
      vertex 8.8 2.22767 21.8
      vertex 9 2.21456 53.4447
    endloop
  endfacet
  facet normal 0.0654096 0.997858 0
    outer loop
      vertex 8.8 2.22767 21.8
      vertex 9 2.21456 19.6
      vertex 8.8 2.22767 19.6
    endloop
  endfacet
  facet normal 0.0654005 0.997859 0
    outer loop
      vertex 8.11432 2.27261 52.2
      vertex 8.8 2.22767 21.8
      vertex 8.11432 2.27261 21.8
    endloop
  endfacet
  facet normal 0.0395612 0.608149 -0.792837
    outer loop
      vertex 8.50934 4.66263 58.2
      vertex 8.43389 4.7 58.2249
      vertex 8.54211 4.7 58.2303
    endloop
  endfacet
  facet normal 0.0398674 0.608551 -0.792512
    outer loop
      vertex 8.43389 4.7 58.2249
      vertex 8.50934 4.66263 58.2
      vertex 8.42966 4.66785 58.2
    endloop
  endfacet
  facet normal -0.119029 0.598203 -0.792455
    outer loop
      vertex 45.9661 4.7 58.2249
      vertex 46.0486 4.68343 58.2
      vertex 45.9703 4.66785 58.2
    endloop
  endfacet
  facet normal -0.118755 0.598871 -0.791992
    outer loop
      vertex 46.0486 4.68343 58.2
      vertex 45.9661 4.7 58.2249
      vertex 46.0568 4.7 58.2113
    endloop
  endfacet
  facet normal -0.537003 0.803096 -0.258194
    outer loop
      vertex 49.4 3.68848 54.388
      vertex 49.46 3.70886 54.3266
      vertex 49.4 3.66874 54.3266
    endloop
  endfacet
  facet normal -0.636964 0.72633 -0.258306
    outer loop
      vertex 49.9531 4.44685 55.1858
      vertex 50.1159 4.28406 54.3266
      vertex 49.46 3.70886 54.3266
    endloop
  endfacet
  facet normal -0.637005 0.726298 -0.258294
    outer loop
      vertex 49.9531 4.44685 55.1858
      vertex 49.4 3.7871 54.6947
      vertex 49.4 3.96175 55.1858
    endloop
  endfacet
  facet normal -0.637057 0.726281 -0.258212
    outer loop
      vertex 49.4 3.7871 54.6947
      vertex 49.9531 4.44685 55.1858
      vertex 49.46 3.70886 54.3266
    endloop
  endfacet
  facet normal -0.726297 0.636999 -0.258312
    outer loop
      vertex 50.1159 4.28406 54.3266
      vertex 50.332 4.7 54.7447
      vertex 50.4807 4.7 54.3266
    endloop
  endfacet
  facet normal -0.726301 0.636996 -0.258308
    outer loop
      vertex 50.332 4.7 54.7447
      vertex 50.1159 4.28406 54.3266
      vertex 49.9531 4.44685 55.1858
    endloop
  endfacet
  facet normal -0.745407 0.653759 -0.130258
    outer loop
      vertex 50.5308 4.7 54.0399
      vertex 50.1159 4.28406 54.3266
      vertex 50.4807 4.7 54.3266
    endloop
  endfacet
  facet normal -0.745405 0.653764 -0.130247
    outer loop
      vertex 50.1159 4.28406 54.3266
      vertex 50.5308 4.7 54.0399
      vertex 50.198 4.20197 53.4447
    endloop
  endfacet
  facet normal -0.60935 0.694857 0.381925
    outer loop
      vertex 49.9531 4.44685 6.81421
      vertex 49.7125 4.68754 5.99244
      vertex 49.1127 4.16155 5.99244
    endloop
  endfacet
  facet normal -0.695466 0.608394 0.38234
    outer loop
      vertex 49.7125 4.68754 5.99244
      vertex 50.0391 4.7 6.56669
      vertex 49.7234 4.7 5.99244
    endloop
  endfacet
  facet normal -0.694769 0.609453 0.38192
    outer loop
      vertex 50.0391 4.7 6.56669
      vertex 49.7125 4.68754 5.99244
      vertex 49.9531 4.44685 6.81421
    endloop
  endfacet
  facet normal -0.55561 0.831443 0
    outer loop
      vertex 49.5307 3.61675 53.4447
      vertex 49.4 3.52941 52.2
      vertex 49.4 3.52941 53.4447
    endloop
  endfacet
  facet normal -0.555556 0.831479 0
    outer loop
      vertex 49.4 3.52941 52.2
      vertex 49.4 3.52941 21.8
      vertex 48.7927 3.12364 52.2
    endloop
  endfacet
  facet normal -0.55561 0.831443 0
    outer loop
      vertex 49.5307 3.61675 53.4447
      vertex 49.4 3.52941 21.8
      vertex 49.4 3.52941 52.2
    endloop
  endfacet
  facet normal -0.55561 0.831443 0
    outer loop
      vertex 49.5307 3.61675 8.55526
      vertex 49.4 3.52941 21.8
      vertex 49.5307 3.61675 53.4447
    endloop
  endfacet
  facet normal -0.55561 0.831443 0
    outer loop
      vertex 49.4 3.52941 21.8
      vertex 49.5307 3.61675 8.55526
      vertex 49.4 3.52941 15.8
    endloop
  endfacet
  facet normal -0.555566 0.831473 1.15749e-06
    outer loop
      vertex 48.7927 3.12364 8.55526
      vertex 49.4 3.52941 15.8
      vertex 49.5307 3.61675 8.55526
    endloop
  endfacet
  facet normal -0.555556 0.831479 0
    outer loop
      vertex 49.4 3.52941 15.8
      vertex 48.7927 3.12364 8.55526
      vertex 48.7927 3.12364 15.8
    endloop
  endfacet
  facet normal -0.555556 0.831479 0
    outer loop
      vertex 48.7927 3.12364 52.2
      vertex 49.4 3.52941 21.8
      vertex 48.7927 3.12364 21.8
    endloop
  endfacet
  facet normal -0.438486 0.889245 0.130282
    outer loop
      vertex 47.9967 2.73107 8.55526
      vertex 48.7347 3.22418 7.67338
      vertex 47.9522 2.83833 7.67338
    endloop
  endfacet
  facet normal -0.481397 0.720449 0.499209
    outer loop
      vertex 48.4494 3.71834 5.99244
      vertex 49.1127 4.16155 5.99244
      vertex 48.227 4.1035 5.22212
    endloop
  endfacet
  facet normal -0.513445 0.768412 0.381991
    outer loop
      vertex 48.6196 3.42355 6.81421
      vertex 49.1127 4.16155 5.99244
      vertex 48.4494 3.71834 5.99244
    endloop
  endfacet
  facet normal -0.278535 0.820502 0.499194
    outer loop
      vertex 46.9785 3.10907 5.99244
      vertex 47.5637 3.77639 5.22212
      vertex 46.8634 3.53866 5.22212
    endloop
  endfacet
  facet normal -0.255227 0.751841 0.607942
    outer loop
      vertex 47.5637 3.77639 5.22212
      vertex 47.3565 4.27666 4.51645
      vertex 46.8634 3.53866 5.22212
    endloop
  endfacet
  facet normal 0 0.707107 0.707107
    outer loop
      vertex 45.4 4.51645 3.88749
      vertex 9 3.88749 4.51645
      vertex 45.4 3.88749 4.51645
    endloop
  endfacet
  facet normal 0 0.707107 0.707107
    outer loop
      vertex 9 3.88749 4.51645
      vertex 45.4 4.51645 3.88749
      vertex 9 4.51645 3.88749
    endloop
  endfacet
  facet normal 0.255216 0.751842 0.607947
    outer loop
      vertex 7.53664 3.53866 5.22212
      vertex 7.04353 4.27666 4.51645
      vertex 6.83631 3.77639 5.22212
    endloop
  endfacet
  facet normal 0.609345 0.69483 0.381982
    outer loop
      vertex 5.08011 3.8915 6.81421
      vertex 5.28732 4.16155 5.99244
      vertex 4.44685 4.44685 6.81421
    endloop
  endfacet
  facet normal 0.188464 0.947503 0.258301
    outer loop
      vertex 8.12948 2.38772 7.67338
      vertex 7.33343 2.78028 6.81421
      vertex 7.27385 2.55791 7.67338
    endloop
  endfacet
  facet normal 0.550824 0.824407 -0.130176
    outer loop
      vertex 5 3.55229 53.5896
      vertex 5 3.52941 53.4447
      vertex 4.86928 3.61675 53.4447
    endloop
  endfacet
  facet normal 0.745438 0.653731 -0.130226
    outer loop
      vertex 3.86919 4.7 54.0399
      vertex 4.20197 4.20197 53.4447
      vertex 3.76521 4.7 53.4447
    endloop
  endfacet
  facet normal 0.227526 0.670311 0.70634
    outer loop
      vertex 7.04353 4.27666 4.51645
      vertex 7.7489 4.7 3.88749
      vertex 7.21888 4.7 4.05822
    endloop
  endfacet
  facet normal 0.227546 0.670293 0.70635
    outer loop
      vertex 7.7489 4.7 3.88749
      vertex 7.04353 4.27666 4.51645
      vertex 7.83957 4.66922 3.88749
    endloop
  endfacet
  facet normal 0.659349 0.751837 -0
    outer loop
      vertex 4.86928 3.61675 8.55526
      vertex 4.20197 4.20197 53.4447
      vertex 4.86928 3.61675 53.4447
    endloop
  endfacet
  facet normal 0.659349 0.751837 0
    outer loop
      vertex 4.20197 4.20197 53.4447
      vertex 4.86928 3.61675 8.55526
      vertex 4.20197 4.20197 8.55526
    endloop
  endfacet
  facet normal 0.653724 0.745441 0.130242
    outer loop
      vertex 4.93996 3.70886 7.67338
      vertex 4.28406 4.28406 7.67338
      vertex 4.20197 4.20197 8.55526
    endloop
  endfacet
  facet normal 0.694811 0.609342 -0.38202
    outer loop
      vertex 4.36092 4.7 55.4333
      vertex 4.44685 4.44685 55.1858
      vertex 4.22484 4.7 55.1858
    endloop
  endfacet
  facet normal 0.653724 0.745441 -0.130239
    outer loop
      vertex 4.28406 4.28406 54.3266
      vertex 4.93996 3.70886 54.3266
      vertex 4.20197 4.20197 53.4447
    endloop
  endfacet
  facet normal 0.119087 0.598815 -0.791984
    outer loop
      vertex 8.34318 4.7 58.2113
      vertex 8.35135 4.68343 58.2
      vertex 8.26803 4.7 58.2
    endloop
  endfacet
  facet normal 0.119001 0.598137 -0.792509
    outer loop
      vertex 8.35135 4.68343 58.2
      vertex 8.43389 4.7 58.2249
      vertex 8.42966 4.66785 58.2
    endloop
  endfacet
  facet normal 0.118758 0.59873 -0.792098
    outer loop
      vertex 8.43389 4.7 58.2249
      vertex 8.35135 4.68343 58.2
      vertex 8.34318 4.7 58.2113
    endloop
  endfacet
  facet normal -0.609375 0.694796 -0.381996
    outer loop
      vertex 49.4 4.25908 55.7266
      vertex 49.9531 4.44685 55.1858
      vertex 49.4 3.96175 55.1858
    endloop
  endfacet
  facet normal -0.609302 0.69489 -0.381942
    outer loop
      vertex 49.7125 4.68754 56.0076
      vertex 49.4 4.25908 55.7266
      vertex 49.4 4.41353 56.0076
    endloop
  endfacet
  facet normal -0.609324 0.694887 -0.381912
    outer loop
      vertex 49.4 4.25908 55.7266
      vertex 49.7125 4.68754 56.0076
      vertex 49.9531 4.44685 55.1858
    endloop
  endfacet
  facet normal -0.550876 0.824359 -0.130258
    outer loop
      vertex 49.4 3.55229 53.5895
      vertex 49.5307 3.61675 53.4447
      vertex 49.4 3.52941 53.4447
    endloop
  endfacet
  facet normal -0.653736 0.745426 -0.130265
    outer loop
      vertex 50.198 4.20197 53.4447
      vertex 49.5307 3.61675 53.4447
      vertex 49.46 3.70886 54.3266
    endloop
  endfacet
  facet normal -0.551118 0.824205 -0.130211
    outer loop
      vertex 49.46 3.70886 54.3266
      vertex 49.4 3.55229 53.5895
      vertex 49.4 3.66874 54.3266
    endloop
  endfacet
  facet normal -0.55088 0.824356 -0.130263
    outer loop
      vertex 49.4 3.55229 53.5895
      vertex 49.46 3.70886 54.3266
      vertex 49.5307 3.61675 53.4447
    endloop
  endfacet
  facet normal -0.72622 0.637146 0.258165
    outer loop
      vertex 50.332 4.7 7.25529
      vertex 50.1752 4.7 6.81421
      vertex 49.9531 4.44685 6.81421
    endloop
  endfacet
  facet normal -0.6947 0.609492 0.381984
    outer loop
      vertex 50.1752 4.7 6.81421
      vertex 50.0391 4.7 6.56669
      vertex 49.9531 4.44685 6.81421
    endloop
  endfacet
  facet normal -0.550876 0.824359 0.130266
    outer loop
      vertex 49.5307 3.61675 8.55526
      vertex 49.46 3.70886 7.67338
      vertex 48.7347 3.22418 7.67338
    endloop
  endfacet
  facet normal -0.536756 0.803229 0.258296
    outer loop
      vertex 48.7347 3.22418 7.67338
      vertex 49.46 3.70886 7.67338
      vertex 48.6196 3.42355 6.81421
    endloop
  endfacet
  facet normal -0.438546 0.889224 0.13022
    outer loop
      vertex 48.7927 3.12364 8.55526
      vertex 48.7347 3.22418 7.67338
      vertex 47.9967 2.73107 8.55526
    endloop
  endfacet
  facet normal -0.550836 0.824393 0.130214
    outer loop
      vertex 48.7927 3.12364 8.55526
      vertex 49.5307 3.61675 8.55526
      vertex 48.7347 3.22418 7.67338
    endloop
  endfacet
  facet normal 0.609345 0.694829 0.381983
    outer loop
      vertex 5.28732 4.16155 5.99244
      vertex 4.68754 4.68754 5.99244
      vertex 4.44685 4.44685 6.81421
    endloop
  endfacet
  facet normal 0.351169 0.712096 0.607947
    outer loop
      vertex 6.83631 3.77639 5.22212
      vertex 7.04353 4.27666 4.51645
      vertex 6.173 4.1035 5.22212
    endloop
  endfacet
  facet normal 0.31308 0.634878 0.706336
    outer loop
      vertex 6.44374 4.57244 4.51645
      vertex 6.89982 4.7 4.19964
      vertex 6.51739 4.7 4.36915
    endloop
  endfacet
  facet normal 0.313082 0.634875 0.706338
    outer loop
      vertex 6.89982 4.7 4.19964
      vertex 6.44374 4.57244 4.51645
      vertex 7.04353 4.27666 4.51645
    endloop
  endfacet
  facet normal 0.408753 0.82886 0.381985
    outer loop
      vertex 6.53585 3.05102 6.81421
      vertex 6.66611 3.3655 5.99244
      vertex 5.95063 3.71834 5.99244
    endloop
  endfacet
  facet normal 0.138092 0.694268 0.706344
    outer loop
      vertex 8.33268 3.93123 4.51645
      vertex 8.41478 4.5548 3.88749
      vertex 7.67678 4.06169 4.51645
    endloop
  endfacet
  facet normal 0.154895 0.778726 0.607943
    outer loop
      vertex 8.262 3.39438 5.22212
      vertex 8.33268 3.93123 4.51645
      vertex 7.53664 3.53866 5.22212
    endloop
  endfacet
  facet normal 0.188471 0.947503 0.258296
    outer loop
      vertex 8.12948 2.38772 7.67338
      vertex 8.15952 2.61596 6.81421
      vertex 7.33343 2.78028 6.81421
    endloop
  endfacet
  facet normal 0.38324 0.777129 0.499198
    outer loop
      vertex 6.66611 3.3655 5.99244
      vertex 6.83631 3.77639 5.22212
      vertex 6.173 4.1035 5.22212
    endloop
  endfacet
  facet normal 0.180297 0.906411 0.381984
    outer loop
      vertex 8.15952 2.61596 6.81421
      vertex 7.42153 3.10907 5.99244
      vertex 7.33343 2.78028 6.81421
    endloop
  endfacet
  facet normal 0.427282 0.866435 0.258302
    outer loop
      vertex 6.53585 3.05102 6.81421
      vertex 5.78044 3.42355 6.81421
      vertex 5.66533 3.22418 7.67338
    endloop
  endfacet
  facet normal 0.550833 0.82439 0.130245
    outer loop
      vertex 5.60728 3.12364 8.55526
      vertex 5.66533 3.22418 7.67338
      vertex 4.86928 3.61675 8.55526
    endloop
  endfacet
  facet normal 0.726324 0.636979 0.258284
    outer loop
      vertex 4.44685 4.44685 6.81421
      vertex 4.22484 4.7 6.81421
      vertex 4.06799 4.7 7.25529
    endloop
  endfacet
  facet normal 0.571301 0.651437 -0.499244
    outer loop
      vertex 5 4.41353 56.0076
      vertex 4.7 4.7 56.0381
      vertex 5 4.7 56.3814
    endloop
  endfacet
  facet normal 0.571208 0.651362 -0.49945
    outer loop
      vertex 4.7 4.7 56.0381
      vertex 5 4.41353 56.0076
      vertex 4.68754 4.68754 56.0076
    endloop
  endfacet
  facet normal 0.72634 0.636955 -0.258299
    outer loop
      vertex 4.28406 4.28406 54.3266
      vertex 4.06799 4.7 54.7447
      vertex 4.44685 4.44685 55.1858
    endloop
  endfacet
  facet normal 0.726333 0.63696 -0.258308
    outer loop
      vertex 4.06799 4.7 54.7447
      vertex 4.28406 4.28406 54.3266
      vertex 3.9193 4.7 54.3266
    endloop
  endfacet
  facet normal 0.555569 0.831471 0
    outer loop
      vertex 5.60728 3.12364 15.8
      vertex 5.60728 3.12364 8.55526
      vertex 5 3.52941 15.8
    endloop
  endfacet
  facet normal 0.555569 0.831471 0
    outer loop
      vertex 5.60728 3.12364 52.2
      vertex 5.60728 3.12364 21.8
      vertex 5 3.52941 52.2
    endloop
  endfacet
  facet normal 0.555551 0.831482 -0
    outer loop
      vertex 5 3.52941 52.2
      vertex 4.86928 3.61675 53.4447
      vertex 5 3.52941 53.4447
    endloop
  endfacet
  facet normal 0.555569 0.831471 -0
    outer loop
      vertex 5 3.52941 21.8
      vertex 5 3.52941 52.2
      vertex 5.60728 3.12364 21.8
    endloop
  endfacet
  facet normal 0.555551 0.831482 0
    outer loop
      vertex 5 3.52941 52.2
      vertex 5 3.52941 21.8
      vertex 4.86928 3.61675 53.4447
    endloop
  endfacet
  facet normal 0.555551 0.831482 0
    outer loop
      vertex 4.86928 3.61675 8.55526
      vertex 5 3.52941 21.8
      vertex 5 3.52941 15.8
    endloop
  endfacet
  facet normal 0.555551 0.831482 0
    outer loop
      vertex 5 3.52941 21.8
      vertex 4.86928 3.61675 8.55526
      vertex 4.86928 3.61675 53.4447
    endloop
  endfacet
  facet normal 0.555566 0.831473 -3.76219e-07
    outer loop
      vertex 4.86928 3.61675 8.55526
      vertex 5 3.52941 15.8
      vertex 5.60728 3.12364 8.55526
    endloop
  endfacet
  facet normal -0.537029 0.803068 -0.258228
    outer loop
      vertex 49.4 3.7871 54.6947
      vertex 49.46 3.70886 54.3266
      vertex 49.4 3.68848 54.388
    endloop
  endfacet
  facet normal -0.659354 0.751832 0
    outer loop
      vertex 50.198 4.20197 8.55526
      vertex 49.5307 3.61675 53.4447
      vertex 50.198 4.20197 53.4447
    endloop
  endfacet
  facet normal -0.659354 0.751832 0
    outer loop
      vertex 49.5307 3.61675 53.4447
      vertex 50.198 4.20197 8.55526
      vertex 49.5307 3.61675 8.55526
    endloop
  endfacet
  facet normal 0.726332 0.636959 0.258313
    outer loop
      vertex 4.28406 4.28406 7.67338
      vertex 4.06799 4.7 7.25529
      vertex 3.9193 4.7 7.67338
    endloop
  endfacet
  facet normal 0.726336 0.636956 0.258308
    outer loop
      vertex 4.06799 4.7 7.25529
      vertex 4.28406 4.28406 7.67338
      vertex 4.44685 4.44685 6.81421
    endloop
  endfacet
  facet normal 0.310528 0.914797 0.258301
    outer loop
      vertex 7.27385 2.55791 7.67338
      vertex 7.33343 2.78028 6.81421
      vertex 6.44775 2.83833 7.67338
    endloop
  endfacet
  facet normal 0.745436 0.653729 0.130241
    outer loop
      vertex 4.20197 4.20197 8.55526
      vertex 3.86919 4.7 7.96013
      vertex 3.76521 4.7 8.55526
    endloop
  endfacet
  facet normal 0.694819 0.60935 0.381993
    outer loop
      vertex 4.44685 4.44685 6.81421
      vertex 4.36092 4.7 6.56669
      vertex 4.22484 4.7 6.81421
    endloop
  endfacet
  facet normal 0.0519278 0.792283 0.60794
    outer loop
      vertex 9 3.34601 5.22212
      vertex 9 3.88749 4.51645
      vertex 8.262 3.39438 5.22212
    endloop
  endfacet
  facet normal 0.05667 0.864636 0.499193
    outer loop
      vertex 9 2.90127 5.99244
      vertex 9 3.34601 5.22212
      vertex 8.262 3.39438 5.22212
    endloop
  endfacet
  facet normal 0.0399228 0.608248 0.792743
    outer loop
      vertex 8.54211 4.7 3.76967
      vertex 8.43389 4.7 3.77512
      vertex 8.41478 4.5548 3.88749
    endloop
  endfacet
  facet normal 0.03987 0.608297 0.792708
    outer loop
      vertex 8.54211 4.7 3.76967
      vertex 9 4.51645 3.88749
      vertex 9 4.7 3.74664
    endloop
  endfacet
  facet normal 0.0398613 0.608282 0.792719
    outer loop
      vertex 9 4.51645 3.88749
      vertex 8.54211 4.7 3.76967
      vertex 8.41478 4.5548 3.88749
    endloop
  endfacet
  facet normal 0.227545 0.670294 0.706349
    outer loop
      vertex 7.67678 4.06169 4.51645
      vertex 7.83957 4.66922 3.88749
      vertex 7.04353 4.27666 4.51645
    endloop
  endfacet
  facet normal 0.278524 0.820504 0.499197
    outer loop
      vertex 7.42153 3.10907 5.99244
      vertex 7.53664 3.53866 5.22212
      vertex 6.83631 3.77639 5.22212
    endloop
  endfacet
  facet normal 0.16904 0.84984 0.499197
    outer loop
      vertex 8.20395 2.95344 5.99244
      vertex 8.262 3.39438 5.22212
      vertex 7.42153 3.10907 5.99244
    endloop
  endfacet
  facet normal 0.653732 0.745432 0.130253
    outer loop
      vertex 4.86928 3.61675 8.55526
      vertex 4.93996 3.70886 7.67338
      vertex 4.20197 4.20197 8.55526
    endloop
  endfacet
  facet normal 0.383242 0.777129 0.499196
    outer loop
      vertex 6.66611 3.3655 5.99244
      vertex 6.173 4.1035 5.22212
      vertex 5.95063 3.71834 5.99244
    endloop
  endfacet
  facet normal 0.16904 0.84984 0.499196
    outer loop
      vertex 8.262 3.39438 5.22212
      vertex 7.53664 3.53866 5.22212
      vertex 7.42153 3.10907 5.99244
    endloop
  endfacet
  facet normal 0.180293 0.906411 0.381987
    outer loop
      vertex 8.15952 2.61596 6.81421
      vertex 8.20395 2.95344 5.99244
      vertex 7.42153 3.10907 5.99244
    endloop
  endfacet
  facet normal 0.695003 0.609104 -0.382052
    outer loop
      vertex 4.68754 4.68754 56.0076
      vertex 4.36092 4.7 55.4333
      vertex 4.67662 4.7 56.0076
    endloop
  endfacet
  facet normal 0.694866 0.609312 -0.381969
    outer loop
      vertex 4.36092 4.7 55.4333
      vertex 4.68754 4.68754 56.0076
      vertex 4.44685 4.44685 55.1858
    endloop
  endfacet
  facet normal 0.636971 0.726325 -0.258303
    outer loop
      vertex 5 3.7871 54.6947
      vertex 4.44685 4.44685 55.1858
      vertex 5 3.96175 55.1858
    endloop
  endfacet
  facet normal 0.636987 0.72632 -0.258278
    outer loop
      vertex 4.44685 4.44685 55.1858
      vertex 5 3.7871 54.6947
      vertex 4.93996 3.70886 54.3266
    endloop
  endfacet
  facet normal 0.60934 0.694819 -0.382009
    outer loop
      vertex 5 4.25908 55.7266
      vertex 5 3.96175 55.1858
      vertex 4.44685 4.44685 55.1858
    endloop
  endfacet
  facet normal -0.651789 0.570184 -0.500061
    outer loop
      vertex 49.7234 4.7 56.0076
      vertex 49.7125 4.68754 56.0076
      vertex 49.7 4.7 56.0381
    endloop
  endfacet
  facet normal 0.441121 0.660173 0.607934
    outer loop
      vertex 6.173 4.1035 5.22212
      vertex 5.70049 4.7 4.91722
      vertex 5.55807 4.51439 5.22212
    endloop
  endfacet
  facet normal 0.441114 0.660171 0.607941
    outer loop
      vertex 5.70049 4.7 4.91722
      vertex 6.173 4.1035 5.22212
      vertex 5.97052 4.7 4.72129
    endloop
  endfacet
  facet normal 0.571311 0.651459 0.499204
    outer loop
      vertex 5.28732 4.16155 5.99244
      vertex 4.7 4.7 5.96192
      vertex 4.68754 4.68754 5.99244
    endloop
  endfacet
  facet normal 0.571313 0.651461 0.4992
    outer loop
      vertex 4.7 4.7 5.96192
      vertex 5.28732 4.16155 5.99244
      vertex 5.10455 4.7 5.49893
    endloop
  endfacet
  facet normal 0.0462985 0.706353 0.706344
    outer loop
      vertex 9 3.88749 4.51645
      vertex 8.41478 4.5548 3.88749
      vertex 8.33268 3.93123 4.51645
    endloop
  endfacet
  facet normal 0.0519307 0.792281 0.607942
    outer loop
      vertex 9 3.88749 4.51645
      vertex 8.33268 3.93123 4.51645
      vertex 8.262 3.39438 5.22212
    endloop
  endfacet
  facet normal 0.118937 0.597836 0.792746
    outer loop
      vertex 7.83957 4.66922 3.88749
      vertex 8.34318 4.7 3.78872
      vertex 7.84782 4.7 3.86304
    endloop
  endfacet
  facet normal 0.118929 0.597878 0.792716
    outer loop
      vertex 8.34318 4.7 3.78872
      vertex 7.83957 4.66922 3.88749
      vertex 8.41478 4.5548 3.88749
    endloop
  endfacet
  facet normal 0.351165 0.712101 0.607943
    outer loop
      vertex 7.04353 4.27666 4.51645
      vertex 6.44374 4.57244 4.51645
      vertex 6.173 4.1035 5.22212
    endloop
  endfacet
  facet normal 0.39327 0.588579 0.706338
    outer loop
      vertex 6.44374 4.57244 4.51645
      vertex 6.51739 4.7 4.36915
      vertex 6.25283 4.7 4.51645
    endloop
  endfacet
  facet normal 0.53672 0.80325 0.258304
    outer loop
      vertex 5.78044 3.42355 6.81421
      vertex 5.08011 3.8915 6.81421
      vertex 4.93996 3.70886 7.67338
    endloop
  endfacet
  facet normal 0.536719 0.803251 0.258303
    outer loop
      vertex 5.66533 3.22418 7.67338
      vertex 5.78044 3.42355 6.81421
      vertex 4.93996 3.70886 7.67338
    endloop
  endfacet
  facet normal 0.318698 0.938865 0.130247
    outer loop
      vertex 7.27385 2.55791 7.67338
      vertex 6.44775 2.83833 7.67338
      vertex 6.40332 2.73107 8.55526
    endloop
  endfacet
  facet normal 0.438524 0.889231 0.130247
    outer loop
      vertex 6.40332 2.73107 8.55526
      vertex 6.44775 2.83833 7.67338
      vertex 5.66533 3.22418 7.67338
    endloop
  endfacet
  facet normal 0.438527 0.88923 0.130244
    outer loop
      vertex 6.40332 2.73107 8.55526
      vertex 5.66533 3.22418 7.67338
      vertex 5.60728 3.12364 8.55526
    endloop
  endfacet
  facet normal 0.0566647 0.864634 0.499197
    outer loop
      vertex 9 2.90127 5.99244
      vertex 8.262 3.39438 5.22212
      vertex 8.20395 2.95344 5.99244
    endloop
  endfacet
  facet normal 0.0604365 0.922186 0.381995
    outer loop
      vertex 9 2.56087 6.81421
      vertex 9 2.90127 5.99244
      vertex 8.20395 2.95344 5.99244
    endloop
  endfacet
  facet normal 0.636965 0.726331 -0.2583
    outer loop
      vertex 4.44685 4.44685 55.1858
      vertex 4.93996 3.70886 54.3266
      vertex 4.28406 4.28406 54.3266
    endloop
  endfacet
  facet normal 0.609351 0.694857 -0.381924
    outer loop
      vertex 5 4.25908 55.7266
      vertex 4.68754 4.68754 56.0076
      vertex 5 4.41353 56.0076
    endloop
  endfacet
  facet normal 0.609316 0.694862 -0.38197
    outer loop
      vertex 4.68754 4.68754 56.0076
      vertex 5 4.25908 55.7266
      vertex 4.44685 4.44685 55.1858
    endloop
  endfacet
  facet normal 0.694994 0.609096 0.38208
    outer loop
      vertex 4.36092 4.7 6.56669
      vertex 4.68754 4.68754 5.99244
      vertex 4.67662 4.7 5.99244
    endloop
  endfacet
  facet normal 0.694831 0.609343 0.381982
    outer loop
      vertex 4.68754 4.68754 5.99244
      vertex 4.36092 4.7 6.56669
      vertex 4.44685 4.44685 6.81421
    endloop
  endfacet
  facet normal 0.651646 0.571105 0.499196
    outer loop
      vertex 4.68754 4.68754 5.99244
      vertex 4.7 4.7 5.96192
      vertex 4.67662 4.7 5.99244
    endloop
  endfacet
  facet normal 0.195856 0.577223 0.792751
    outer loop
      vertex 7.83957 4.66922 3.88749
      vertex 7.84782 4.7 3.86304
      vertex 7.82912 4.7 3.86766
    endloop
  endfacet
  facet normal 0.441107 0.660174 0.607943
    outer loop
      vertex 6.25283 4.7 4.51645
      vertex 6.173 4.1035 5.22212
      vertex 6.44374 4.57244 4.51645
    endloop
  endfacet
  facet normal 0.441114 0.660171 0.607942
    outer loop
      vertex 6.173 4.1035 5.22212
      vertex 6.25283 4.7 4.51645
      vertex 5.97052 4.7 4.72129
    endloop
  endfacet
  facet normal 0.523495 0.596967 0.607934
    outer loop
      vertex 5.55807 4.51439 5.22212
      vertex 5.70049 4.7 4.91722
      vertex 5.34641 4.7 5.22212
    endloop
  endfacet
  facet normal 0.313078 0.634875 0.70634
    outer loop
      vertex 7.04353 4.27666 4.51645
      vertex 7.21888 4.7 4.05822
      vertex 6.89982 4.7 4.19964
    endloop
  endfacet
  facet normal 0.297064 0.875123 0.381985
    outer loop
      vertex 7.42153 3.10907 5.99244
      vertex 6.66611 3.3655 5.99244
      vertex 6.53585 3.05102 6.81421
    endloop
  endfacet
  facet normal 0.55084 0.824384 0.130253
    outer loop
      vertex 5.66533 3.22418 7.67338
      vertex 4.93996 3.70886 7.67338
      vertex 4.86928 3.61675 8.55526
    endloop
  endfacet
  facet normal 0.636964 0.726329 0.258308
    outer loop
      vertex 4.93996 3.70886 7.67338
      vertex 4.44685 4.44685 6.81421
      vertex 4.28406 4.28406 7.67338
    endloop
  endfacet
  facet normal 0.636967 0.726327 0.258304
    outer loop
      vertex 4.93996 3.70886 7.67338
      vertex 5.08011 3.8915 6.81421
      vertex 4.44685 4.44685 6.81421
    endloop
  endfacet
  facet normal 0.536774 0.803222 -0.258278
    outer loop
      vertex 5 3.7871 54.6947
      vertex 5 3.68848 54.388
      vertex 4.93996 3.70886 54.3266
    endloop
  endfacet
  facet normal 0.536749 0.80325 -0.258244
    outer loop
      vertex 5 3.68848 54.388
      vertex 5 3.66874 54.3266
      vertex 4.93996 3.70886 54.3266
    endloop
  endfacet
  facet normal 0.4814 0.720454 0.4992
    outer loop
      vertex 6.173 4.1035 5.22212
      vertex 5.55807 4.51439 5.22212
      vertex 5.28732 4.16155 5.99244
    endloop
  endfacet
  facet normal 0.571312 0.651461 0.499201
    outer loop
      vertex 5.55807 4.51439 5.22212
      vertex 5.10455 4.7 5.49893
      vertex 5.28732 4.16155 5.99244
    endloop
  endfacet
  facet normal 0.571306 0.651488 0.499173
    outer loop
      vertex 5.10455 4.7 5.49893
      vertex 5.55807 4.51439 5.22212
      vertex 5.34641 4.7 5.22212
    endloop
  endfacet
  facet normal 0.195956 0.577236 0.792717
    outer loop
      vertex 7.83957 4.66922 3.88749
      vertex 7.82912 4.7 3.86766
      vertex 7.7489 4.7 3.88749
    endloop
  endfacet
  facet normal 0.513441 0.768418 0.381986
    outer loop
      vertex 5.78044 3.42355 6.81421
      vertex 5.95063 3.71834 5.99244
      vertex 5.28732 4.16155 5.99244
    endloop
  endfacet
  facet normal 0.481396 0.720459 0.499195
    outer loop
      vertex 5.95063 3.71834 5.99244
      vertex 6.173 4.1035 5.22212
      vertex 5.28732 4.16155 5.99244
    endloop
  endfacet
  facet normal 0.297062 0.875124 0.381984
    outer loop
      vertex 7.33343 2.78028 6.81421
      vertex 7.42153 3.10907 5.99244
      vertex 6.53585 3.05102 6.81421
    endloop
  endfacet
  facet normal 0.310529 0.914796 0.258302
    outer loop
      vertex 7.33343 2.78028 6.81421
      vertex 6.53585 3.05102 6.81421
      vertex 6.44775 2.83833 7.67338
    endloop
  endfacet
  facet normal 0.651539 0.571012 -0.499442
    outer loop
      vertex 4.7 4.7 56.0381
      vertex 4.68754 4.68754 56.0076
      vertex 4.67662 4.7 56.0076
    endloop
  endfacet
  facet normal 0 -0.703898 -0.710301
    outer loop
      vertex 44.6309 0.019269 50.1809
      vertex 11.9446 2.21456 48.0054
      vertex 42.4554 2.21456 48.0054
    endloop
  endfacet
  facet normal 0 -0.703898 -0.710301
    outer loop
      vertex 11.9446 2.21456 48.0054
      vertex 44.6309 0.019269 50.1809
      vertex 9.7691 0.019269 50.1809
    endloop
  endfacet
  facet normal -0.710301 -0.703898 0
    outer loop
      vertex 44.6309 0.019269 29.8191
      vertex 42.4554 2.21456 48.0054
      vertex 42.4554 2.21456 31.9946
    endloop
  endfacet
  facet normal -0.710301 -0.703898 0
    outer loop
      vertex 42.4554 2.21456 48.0054
      vertex 44.6309 0.019269 29.8191
      vertex 44.6309 0.019269 50.1809
    endloop
  endfacet
  facet normal 0.710301 -0.703898 0
    outer loop
      vertex 9.7691 0.019269 50.1809
      vertex 11.9446 2.21456 31.9946
      vertex 11.9446 2.21456 48.0054
    endloop
  endfacet
  facet normal 0.710301 -0.703898 0
    outer loop
      vertex 11.9446 2.21456 31.9946
      vertex 9.7691 0.019269 50.1809
      vertex 9.7691 0.019269 29.8191
    endloop
  endfacet
  facet normal 0 -0.703898 0.710301
    outer loop
      vertex 11.9446 2.21456 31.9946
      vertex 44.6309 0.019269 29.8191
      vertex 42.4554 2.21456 31.9946
    endloop
  endfacet
  facet normal 0 -0.703898 0.710301
    outer loop
      vertex 44.6309 0.019269 29.8191
      vertex 11.9446 2.21456 31.9946
      vertex 9.7691 0.019269 29.8191
    endloop
  endfacet
  facet normal 1 -0 0
    outer loop
      vertex 11 2.21456 19.6
      vertex 11 4.7 15.8
      vertex 11 4.7 19.6
    endloop
  endfacet
  facet normal 1 0 0
    outer loop
      vertex 11 4.7 15.8
      vertex 11 2.21456 19.6
      vertex 11 2.21456 15.8
    endloop
  endfacet
  facet normal 0 0 1
    outer loop
      vertex 8.8 4.7 21.8
      vertex 8.11432 2.27261 21.8
      vertex 8.8 2.22767 21.8
    endloop
  endfacet
  facet normal 0 0 1
    outer loop
      vertex 8.8 4.7 21.8
      vertex 7.2438 2.44577 21.8
      vertex 8.11432 2.27261 21.8
    endloop
  endfacet
  facet normal 0 0 1
    outer loop
      vertex 8.8 4.7 21.8
      vertex 6.40332 2.73107 21.8
      vertex 7.2438 2.44577 21.8
    endloop
  endfacet
  facet normal -0 0 1
    outer loop
      vertex 5 4.7 21.8
      vertex 6.40332 2.73107 21.8
      vertex 8.8 4.7 21.8
    endloop
  endfacet
  facet normal 0 0 1
    outer loop
      vertex 6.40332 2.73107 21.8
      vertex 5 4.7 21.8
      vertex 5.60728 3.12364 21.8
    endloop
  endfacet
  facet normal 0 0 1
    outer loop
      vertex 5.60728 3.12364 21.8
      vertex 5 4.7 21.8
      vertex 5 3.52941 21.8
    endloop
  endfacet
  facet normal 0 0 -1
    outer loop
      vertex 9 2.21456 15.8
      vertex 11 4.7 15.8
      vertex 11 2.21456 15.8
    endloop
  endfacet
  facet normal 0 0 -1
    outer loop
      vertex 8.11432 2.27261 15.8
      vertex 11 4.7 15.8
      vertex 9 2.21456 15.8
    endloop
  endfacet
  facet normal 0 0 -1
    outer loop
      vertex 7.2438 2.44577 15.8
      vertex 11 4.7 15.8
      vertex 8.11432 2.27261 15.8
    endloop
  endfacet
  facet normal 0 0 -1
    outer loop
      vertex 5 4.7 15.8
      vertex 7.2438 2.44577 15.8
      vertex 6.40332 2.73107 15.8
    endloop
  endfacet
  facet normal 0 0 -1
    outer loop
      vertex 5 4.7 15.8
      vertex 6.40332 2.73107 15.8
      vertex 5.60728 3.12364 15.8
    endloop
  endfacet
  facet normal 0 0 -1
    outer loop
      vertex 5 4.7 15.8
      vertex 5.60728 3.12364 15.8
      vertex 5 3.52941 15.8
    endloop
  endfacet
  facet normal 0 0 -1
    outer loop
      vertex 7.2438 2.44577 15.8
      vertex 5 4.7 15.8
      vertex 11 4.7 15.8
    endloop
  endfacet
  facet normal -1 0 0
    outer loop
      vertex 5 3.52941 15.8
      vertex 5 4.7 21.8
      vertex 5 4.7 15.8
    endloop
  endfacet
  facet normal -1 -0 0
    outer loop
      vertex 5 4.7 21.8
      vertex 5 3.52941 15.8
      vertex 5 3.52941 21.8
    endloop
  endfacet
  facet normal 0 0 1
    outer loop
      vertex 11 4.7 19.6
      vertex 9 2.21456 19.6
      vertex 11 2.21456 19.6
    endloop
  endfacet
  facet normal -0 0 1
    outer loop
      vertex 8.8 4.7 19.6
      vertex 9 2.21456 19.6
      vertex 11 4.7 19.6
    endloop
  endfacet
  facet normal 0 0 1
    outer loop
      vertex 9 2.21456 19.6
      vertex 8.8 4.7 19.6
      vertex 8.8 2.22767 19.6
    endloop
  endfacet
  facet normal 1 -0 0
    outer loop
      vertex 8.8 2.22767 21.8
      vertex 8.8 4.7 19.6
      vertex 8.8 4.7 21.8
    endloop
  endfacet
  facet normal 1 0 0
    outer loop
      vertex 8.8 4.7 19.6
      vertex 8.8 2.22767 21.8
      vertex 8.8 2.22767 19.6
    endloop
  endfacet
  facet normal 1 0 0
    outer loop
      vertex 11 4.51645 58.1125
      vertex 11 4.7 58.2
      vertex 11 4.63047 58.2
    endloop
  endfacet
  facet normal 1 0 0
    outer loop
      vertex 11 3.88749 57.4836
      vertex 11 4.7 58.2
      vertex 11 4.51645 58.1125
    endloop
  endfacet
  facet normal 1 0 0
    outer loop
      vertex 11 4.7 58.2
      vertex 11 3.88749 57.4836
      vertex 11 4.7 54.4
    endloop
  endfacet
  facet normal 1 -0 0
    outer loop
      vertex 11 3.34601 56.7779
      vertex 11 4.7 54.4
      vertex 11 3.88749 57.4836
    endloop
  endfacet
  facet normal 1 -0 0
    outer loop
      vertex 11 2.90127 56.0076
      vertex 11 4.7 54.4
      vertex 11 3.34601 56.7779
    endloop
  endfacet
  facet normal 1 -0 0
    outer loop
      vertex 11 2.56087 55.1858
      vertex 11 4.7 54.4
      vertex 11 2.90127 56.0076
    endloop
  endfacet
  facet normal 1 0 0
    outer loop
      vertex 11 4.7 54.4
      vertex 11 2.56087 55.1858
      vertex 11 2.35032 54.4
    endloop
  endfacet
  facet normal 0 0 1
    outer loop
      vertex 5 2.2 58.2
      vertex 6.02511 2.31186 58.2
      vertex 5.33507 2.65215 58.2
    endloop
  endfacet
  facet normal 0 0 1
    outer loop
      vertex 6.19498 2.22809 58.2
      vertex 5 2.2 58.2
      vertex 6.27773 2.2 58.2
    endloop
  endfacet
  facet normal 0 0 1
    outer loop
      vertex 6.02511 2.31186 58.2
      vertex 5 2.2 58.2
      vertex 6.19498 2.22809 58.2
    endloop
  endfacet
  facet normal 0 0 1
    outer loop
      vertex 5 2.2 58.2
      vertex 5.33507 2.65215 58.2
      vertex 5 2.87604 58.2
    endloop
  endfacet
  facet normal 0 0 1
    outer loop
      vertex 11 4.7 58.2
      vertex 9 4.63047 58.2
      vertex 11 4.63047 58.2
    endloop
  endfacet
  facet normal -0 0 1
    outer loop
      vertex 8.26803 4.7 58.2
      vertex 9 4.63047 58.2
      vertex 11 4.7 58.2
    endloop
  endfacet
  facet normal 0 0 1
    outer loop
      vertex 9 4.63047 58.2
      vertex 8.26803 4.7 58.2
      vertex 8.50934 4.66263 58.2
    endloop
  endfacet
  facet normal 0 0 1
    outer loop
      vertex 8.50934 4.66263 58.2
      vertex 8.35135 4.68343 58.2
      vertex 8.42966 4.66785 58.2
    endloop
  endfacet
  facet normal 0 0 1
    outer loop
      vertex 8.50934 4.66263 58.2
      vertex 8.26803 4.7 58.2
      vertex 8.35135 4.68343 58.2
    endloop
  endfacet
  facet normal 0 0 -1
    outer loop
      vertex 8.11432 2.27261 52.2
      vertex 8.8 4.7 52.2
      vertex 8.8 2.22767 52.2
    endloop
  endfacet
  facet normal 0 0 -1
    outer loop
      vertex 7.2438 2.44577 52.2
      vertex 8.8 4.7 52.2
      vertex 8.11432 2.27261 52.2
    endloop
  endfacet
  facet normal 0 0 -1
    outer loop
      vertex 6.40332 2.73107 52.2
      vertex 8.8 4.7 52.2
      vertex 7.2438 2.44577 52.2
    endloop
  endfacet
  facet normal 0 0 -1
    outer loop
      vertex 5 4.7 52.2
      vertex 6.40332 2.73107 52.2
      vertex 5.60728 3.12364 52.2
    endloop
  endfacet
  facet normal 0 0 -1
    outer loop
      vertex 5 4.7 52.2
      vertex 5.60728 3.12364 52.2
      vertex 5 3.52941 52.2
    endloop
  endfacet
  facet normal 0 0 -1
    outer loop
      vertex 6.40332 2.73107 52.2
      vertex 5 4.7 52.2
      vertex 8.8 4.7 52.2
    endloop
  endfacet
  facet normal -1 0 0
    outer loop
      vertex 5 2.69198 58.0001
      vertex 5 2.2 58.2
      vertex 5 2.87604 58.2
    endloop
  endfacet
  facet normal -1 0 0
    outer loop
      vertex 5 2.53627 57.7754
      vertex 5 2.2 58.2
      vertex 5 2.69198 58.0001
    endloop
  endfacet
  facet normal -1 0 0
    outer loop
      vertex 5 2.2 58.2
      vertex 5 2.53627 57.7754
      vertex 5 2.2 57.2901
    endloop
  endfacet
  facet normal -1 0 0
    outer loop
      vertex 5 4.25908 55.7266
      vertex 5 4.7 56.3814
      vertex 5 4.7 52.2
    endloop
  endfacet
  facet normal -1 0 0
    outer loop
      vertex 5 4.7 56.3814
      vertex 5 4.25908 55.7266
      vertex 5 4.41353 56.0076
    endloop
  endfacet
  facet normal -1 0 0
    outer loop
      vertex 5 4.7 52.2
      vertex 5 3.96175 55.1858
      vertex 5 4.25908 55.7266
    endloop
  endfacet
  facet normal -1 0 0
    outer loop
      vertex 5 4.7 52.2
      vertex 5 3.7871 54.6947
      vertex 5 3.96175 55.1858
    endloop
  endfacet
  facet normal -1 0 0
    outer loop
      vertex 5 4.7 52.2
      vertex 5 3.68848 54.388
      vertex 5 3.7871 54.6947
    endloop
  endfacet
  facet normal -1 0 0
    outer loop
      vertex 5 4.7 52.2
      vertex 5 3.66874 54.3266
      vertex 5 3.68848 54.388
    endloop
  endfacet
  facet normal -1 0 0
    outer loop
      vertex 5 4.7 52.2
      vertex 5 3.55229 53.5896
      vertex 5 3.66874 54.3266
    endloop
  endfacet
  facet normal -1 0 0
    outer loop
      vertex 5 3.52941 53.4447
      vertex 5 4.7 52.2
      vertex 5 3.52941 52.2
    endloop
  endfacet
  facet normal -1 0 0
    outer loop
      vertex 5 4.7 52.2
      vertex 5 3.52941 53.4447
      vertex 5 3.55229 53.5896
    endloop
  endfacet
  facet normal 0 -1 0
    outer loop
      vertex 5 2.2 58.2
      vertex 6.18335 2.2 58.1604
      vertex 6.27773 2.2 58.2
    endloop
  endfacet
  facet normal 0 -1 0
    outer loop
      vertex 5 2.2 58.2
      vertex 6.08027 2.2 58.1008
      vertex 6.18335 2.2 58.1604
    endloop
  endfacet
  facet normal 0 -1 0
    outer loop
      vertex 5 2.2 58.2
      vertex 5.90593 2.2 58.0001
      vertex 6.08027 2.2 58.1008
    endloop
  endfacet
  facet normal 0 -1 0
    outer loop
      vertex 5 2.2 58.2
      vertex 5.47176 2.2 57.6668
      vertex 5.90593 2.2 58.0001
    endloop
  endfacet
  facet normal 0 -1 0
    outer loop
      vertex 5 2.2 58.2
      vertex 5.07402 2.2 57.3615
      vertex 5.47176 2.2 57.6668
    endloop
  endfacet
  facet normal -0 -1 0
    outer loop
      vertex 5.07402 2.2 57.3615
      vertex 5 2.2 58.2
      vertex 5 2.2 57.2901
    endloop
  endfacet
  facet normal 0 0 -1
    outer loop
      vertex 9 2.35032 54.4
      vertex 11 4.7 54.4
      vertex 11 2.35032 54.4
    endloop
  endfacet
  facet normal 0 0 -1
    outer loop
      vertex 8.8 4.7 54.4
      vertex 9 2.35032 54.4
      vertex 8.8 2.36343 54.4
    endloop
  endfacet
  facet normal 0 0 -1
    outer loop
      vertex 9 2.35032 54.4
      vertex 8.8 4.7 54.4
      vertex 11 4.7 54.4
    endloop
  endfacet
  facet normal 1 0 0
    outer loop
      vertex 8.8 2.34377 54.3266
      vertex 8.8 4.7 54.4
      vertex 8.8 2.36343 54.4
    endloop
  endfacet
  facet normal 1 0 0
    outer loop
      vertex 8.8 2.25434 53.6473
      vertex 8.8 4.7 54.4
      vertex 8.8 2.34377 54.3266
    endloop
  endfacet
  facet normal 1 0 0
    outer loop
      vertex 8.8 2.22767 53.4447
      vertex 8.8 4.7 54.4
      vertex 8.8 2.25434 53.6473
    endloop
  endfacet
  facet normal 1 0 0
    outer loop
      vertex 8.8 4.7 54.4
      vertex 8.8 2.22767 53.4447
      vertex 8.8 4.7 52.2
    endloop
  endfacet
  facet normal 1 0 0
    outer loop
      vertex 8.8 4.7 52.2
      vertex 8.8 2.22767 53.4447
      vertex 8.8 2.22767 52.2
    endloop
  endfacet
  facet normal 1 -0 0
    outer loop
      vertex 49.4 3.52941 21.8
      vertex 49.4 4.7 15.8
      vertex 49.4 4.7 21.8
    endloop
  endfacet
  facet normal 1 0 0
    outer loop
      vertex 49.4 4.7 15.8
      vertex 49.4 3.52941 21.8
      vertex 49.4 3.52941 15.8
    endloop
  endfacet
  facet normal 0 0 1
    outer loop
      vertex 49.4 4.7 21.8
      vertex 48.7927 3.12364 21.8
      vertex 49.4 3.52941 21.8
    endloop
  endfacet
  facet normal 0 0 1
    outer loop
      vertex 49.4 4.7 21.8
      vertex 47.9967 2.73107 21.8
      vertex 48.7927 3.12364 21.8
    endloop
  endfacet
  facet normal -0 0 1
    outer loop
      vertex 45.6 4.7 21.8
      vertex 47.9967 2.73107 21.8
      vertex 49.4 4.7 21.8
    endloop
  endfacet
  facet normal 0 0 1
    outer loop
      vertex 47.9967 2.73107 21.8
      vertex 45.6 4.7 21.8
      vertex 47.1562 2.44577 21.8
    endloop
  endfacet
  facet normal 0 0 1
    outer loop
      vertex 47.1562 2.44577 21.8
      vertex 45.6 4.7 21.8
      vertex 46.2857 2.27261 21.8
    endloop
  endfacet
  facet normal 0 0 1
    outer loop
      vertex 46.2857 2.27261 21.8
      vertex 45.6 4.7 21.8
      vertex 45.6 2.22767 21.8
    endloop
  endfacet
  facet normal 0 0 -1
    outer loop
      vertex 48.7927 3.12364 15.8
      vertex 49.4 4.7 15.8
      vertex 49.4 3.52941 15.8
    endloop
  endfacet
  facet normal 0 0 -1
    outer loop
      vertex 47.9967 2.73107 15.8
      vertex 49.4 4.7 15.8
      vertex 48.7927 3.12364 15.8
    endloop
  endfacet
  facet normal 0 0 -1
    outer loop
      vertex 47.1562 2.44577 15.8
      vertex 49.4 4.7 15.8
      vertex 47.9967 2.73107 15.8
    endloop
  endfacet
  facet normal 0 0 -1
    outer loop
      vertex 43.4 4.7 15.8
      vertex 47.1562 2.44577 15.8
      vertex 46.2857 2.27261 15.8
    endloop
  endfacet
  facet normal 0 0 -1
    outer loop
      vertex 43.4 4.7 15.8
      vertex 46.2857 2.27261 15.8
      vertex 45.4 2.21456 15.8
    endloop
  endfacet
  facet normal 0 0 -1
    outer loop
      vertex 43.4 4.7 15.8
      vertex 45.4 2.21456 15.8
      vertex 43.4 2.21456 15.8
    endloop
  endfacet
  facet normal 0 0 -1
    outer loop
      vertex 47.1562 2.44577 15.8
      vertex 43.4 4.7 15.8
      vertex 49.4 4.7 15.8
    endloop
  endfacet
  facet normal -1 0 0
    outer loop
      vertex 43.4 2.21456 15.8
      vertex 43.4 4.7 19.6
      vertex 43.4 4.7 15.8
    endloop
  endfacet
  facet normal -1 -0 0
    outer loop
      vertex 43.4 4.7 19.6
      vertex 43.4 2.21456 15.8
      vertex 43.4 2.21456 19.6
    endloop
  endfacet
  facet normal -1 0 0
    outer loop
      vertex 45.6 2.22767 19.6
      vertex 45.6 4.7 21.8
      vertex 45.6 4.7 19.6
    endloop
  endfacet
  facet normal -1 -0 0
    outer loop
      vertex 45.6 4.7 21.8
      vertex 45.6 2.22767 19.6
      vertex 45.6 2.22767 21.8
    endloop
  endfacet
  facet normal 0 0 1
    outer loop
      vertex 45.6 4.7 19.6
      vertex 45.4 2.21456 19.6
      vertex 45.6 2.22767 19.6
    endloop
  endfacet
  facet normal -0 0 1
    outer loop
      vertex 43.4 4.7 19.6
      vertex 45.4 2.21456 19.6
      vertex 45.6 4.7 19.6
    endloop
  endfacet
  facet normal 0 0 1
    outer loop
      vertex 45.4 2.21456 19.6
      vertex 43.4 4.7 19.6
      vertex 43.4 2.21456 19.6
    endloop
  endfacet
  facet normal 1 -0 0
    outer loop
      vertex 49.4 2.2 58.2
      vertex 49.4 2.69198 58.0001
      vertex 49.4 2.87604 58.2
    endloop
  endfacet
  facet normal 1 0 0
    outer loop
      vertex 49.4 2.2 58.2
      vertex 49.4 2.53627 57.7754
      vertex 49.4 2.69198 58.0001
    endloop
  endfacet
  facet normal 1 0 0
    outer loop
      vertex 49.4 2.53627 57.7754
      vertex 49.4 2.2 58.2
      vertex 49.4 2.2 57.2901
    endloop
  endfacet
  facet normal 1 0 0
    outer loop
      vertex 49.4 4.25908 55.7266
      vertex 49.4 4.7 56.3814
      vertex 49.4 4.41353 56.0076
    endloop
  endfacet
  facet normal 1 0 0
    outer loop
      vertex 49.4 4.7 56.3814
      vertex 49.4 4.25908 55.7266
      vertex 49.4 4.7 52.2
    endloop
  endfacet
  facet normal 1 -0 0
    outer loop
      vertex 49.4 3.96175 55.1858
      vertex 49.4 4.7 52.2
      vertex 49.4 4.25908 55.7266
    endloop
  endfacet
  facet normal 1 -0 0
    outer loop
      vertex 49.4 3.7871 54.6947
      vertex 49.4 4.7 52.2
      vertex 49.4 3.96175 55.1858
    endloop
  endfacet
  facet normal 1 -0 0
    outer loop
      vertex 49.4 3.68848 54.388
      vertex 49.4 4.7 52.2
      vertex 49.4 3.7871 54.6947
    endloop
  endfacet
  facet normal 1 -0 0
    outer loop
      vertex 49.4 3.66874 54.3266
      vertex 49.4 4.7 52.2
      vertex 49.4 3.68848 54.388
    endloop
  endfacet
  facet normal 1 -0 0
    outer loop
      vertex 49.4 3.55229 53.5895
      vertex 49.4 4.7 52.2
      vertex 49.4 3.66874 54.3266
    endloop
  endfacet
  facet normal 1 -0 0
    outer loop
      vertex 49.4 3.52941 53.4447
      vertex 49.4 4.7 52.2
      vertex 49.4 3.55229 53.5895
    endloop
  endfacet
  facet normal 1 0 0
    outer loop
      vertex 49.4 4.7 52.2
      vertex 49.4 3.52941 53.4447
      vertex 49.4 3.52941 52.2
    endloop
  endfacet
  facet normal -0 0 1
    outer loop
      vertex 49.2224 2.75738 58.2
      vertex 49.4 2.2 58.2
      vertex 49.4 2.87604 58.2
    endloop
  endfacet
  facet normal -0 0 1
    outer loop
      vertex 49.0649 2.65215 58.2
      vertex 49.4 2.2 58.2
      vertex 49.2224 2.75738 58.2
    endloop
  endfacet
  facet normal -0 0 1
    outer loop
      vertex 48.8951 2.56838 58.2
      vertex 49.4 2.2 58.2
      vertex 49.0649 2.65215 58.2
    endloop
  endfacet
  facet normal -0 0 1
    outer loop
      vertex 48.205 2.22809 58.2
      vertex 49.4 2.2 58.2
      vertex 48.8951 2.56838 58.2
    endloop
  endfacet
  facet normal 0 0 1
    outer loop
      vertex 49.4 2.2 58.2
      vertex 48.205 2.22809 58.2
      vertex 48.1223 2.2 58.2
    endloop
  endfacet
  facet normal 0 0 1
    outer loop
      vertex 45.8907 4.66263 58.2
      vertex 46.0486 4.68343 58.2
      vertex 46.132 4.7 58.2
    endloop
  endfacet
  facet normal 0 0 1
    outer loop
      vertex 46.0486 4.68343 58.2
      vertex 45.8907 4.66263 58.2
      vertex 45.9703 4.66785 58.2
    endloop
  endfacet
  facet normal 0 0 1
    outer loop
      vertex 46.132 4.7 58.2
      vertex 45.4 4.63047 58.2
      vertex 45.8907 4.66263 58.2
    endloop
  endfacet
  facet normal -0 0 1
    outer loop
      vertex 43.4 4.7 58.2
      vertex 45.4 4.63047 58.2
      vertex 46.132 4.7 58.2
    endloop
  endfacet
  facet normal 0 0 1
    outer loop
      vertex 45.4 4.63047 58.2
      vertex 43.4 4.7 58.2
      vertex 43.4 4.63047 58.2
    endloop
  endfacet
  facet normal 0 0 -1
    outer loop
      vertex 48.7927 3.12364 52.2
      vertex 49.4 4.7 52.2
      vertex 49.4 3.52941 52.2
    endloop
  endfacet
  facet normal 0 0 -1
    outer loop
      vertex 47.9967 2.73107 52.2
      vertex 49.4 4.7 52.2
      vertex 48.7927 3.12364 52.2
    endloop
  endfacet
  facet normal 0 0 -1
    outer loop
      vertex 45.6 4.7 52.2
      vertex 47.9967 2.73107 52.2
      vertex 47.1562 2.44577 52.2
    endloop
  endfacet
  facet normal 0 0 -1
    outer loop
      vertex 45.6 4.7 52.2
      vertex 47.1562 2.44577 52.2
      vertex 46.2857 2.27261 52.2
    endloop
  endfacet
  facet normal 0 0 -1
    outer loop
      vertex 45.6 4.7 52.2
      vertex 46.2857 2.27261 52.2
      vertex 45.6 2.22767 52.2
    endloop
  endfacet
  facet normal 0 0 -1
    outer loop
      vertex 47.9967 2.73107 52.2
      vertex 45.6 4.7 52.2
      vertex 49.4 4.7 52.2
    endloop
  endfacet
  facet normal -1 0 0
    outer loop
      vertex 43.4 3.88749 57.4836
      vertex 43.4 4.7 58.2
      vertex 43.4 4.7 54.4
    endloop
  endfacet
  facet normal -1 -0 0
    outer loop
      vertex 43.4 4.7 58.2
      vertex 43.4 4.51645 58.1125
      vertex 43.4 4.63047 58.2
    endloop
  endfacet
  facet normal -1 0 0
    outer loop
      vertex 43.4 4.7 58.2
      vertex 43.4 3.88749 57.4836
      vertex 43.4 4.51645 58.1125
    endloop
  endfacet
  facet normal -1 0 0
    outer loop
      vertex 43.4 4.7 54.4
      vertex 43.4 3.34601 56.7779
      vertex 43.4 3.88749 57.4836
    endloop
  endfacet
  facet normal -1 0 0
    outer loop
      vertex 43.4 4.7 54.4
      vertex 43.4 2.90127 56.0076
      vertex 43.4 3.34601 56.7779
    endloop
  endfacet
  facet normal -1 0 0
    outer loop
      vertex 43.4 4.7 54.4
      vertex 43.4 2.56087 55.1858
      vertex 43.4 2.90127 56.0076
    endloop
  endfacet
  facet normal -1 0 -0
    outer loop
      vertex 43.4 2.56087 55.1858
      vertex 43.4 4.7 54.4
      vertex 43.4 2.35032 54.4
    endloop
  endfacet
  facet normal 0 -1 0
    outer loop
      vertex 48.2167 2.2 58.1604
      vertex 49.4 2.2 58.2
      vertex 48.1223 2.2 58.2
    endloop
  endfacet
  facet normal 0 -1 0
    outer loop
      vertex 48.4941 2.2 58.0001
      vertex 49.4 2.2 58.2
      vertex 48.2167 2.2 58.1604
    endloop
  endfacet
  facet normal 0 -1 0
    outer loop
      vertex 48.9282 2.2 57.6668
      vertex 49.4 2.2 58.2
      vertex 48.4941 2.2 58.0001
    endloop
  endfacet
  facet normal 0 -1 0
    outer loop
      vertex 49.326 2.2 57.3615
      vertex 49.4 2.2 58.2
      vertex 48.9282 2.2 57.6668
    endloop
  endfacet
  facet normal 0 -1 -0
    outer loop
      vertex 49.4 2.2 58.2
      vertex 49.326 2.2 57.3615
      vertex 49.4 2.2 57.2901
    endloop
  endfacet
  facet normal -1 0 0
    outer loop
      vertex 45.6 2.22767 53.4447
      vertex 45.6 4.7 54.4
      vertex 45.6 4.7 52.2
    endloop
  endfacet
  facet normal -1 -0 0
    outer loop
      vertex 45.6 4.7 54.4
      vertex 45.6 2.34377 54.3266
      vertex 45.6 2.36343 54.4
    endloop
  endfacet
  facet normal -1 0 0
    outer loop
      vertex 45.6 4.7 54.4
      vertex 45.6 2.25434 53.6474
      vertex 45.6 2.34377 54.3266
    endloop
  endfacet
  facet normal -1 0 0
    outer loop
      vertex 45.6 2.22767 53.4447
      vertex 45.6 4.7 52.2
      vertex 45.6 2.22767 52.2
    endloop
  endfacet
  facet normal -1 0 0
    outer loop
      vertex 45.6 4.7 54.4
      vertex 45.6 2.22767 53.4447
      vertex 45.6 2.25434 53.6474
    endloop
  endfacet
  facet normal 0 0 -1
    outer loop
      vertex 45.4 2.35032 54.4
      vertex 45.6 4.7 54.4
      vertex 45.6 2.36343 54.4
    endloop
  endfacet
  facet normal 0 0 -1
    outer loop
      vertex 43.4 4.7 54.4
      vertex 45.4 2.35032 54.4
      vertex 43.4 2.35032 54.4
    endloop
  endfacet
  facet normal 0 0 -1
    outer loop
      vertex 45.4 2.35032 54.4
      vertex 43.4 4.7 54.4
      vertex 45.6 4.7 54.4
    endloop
  endfacet
  facet normal 0 1 -0
    outer loop
      vertex 49.4 4.7 52.2
      vertex 45.6 4.7 54.4
      vertex 49.4 4.7 56.3814
    endloop
  endfacet
  facet normal 0 1 0
    outer loop
      vertex 45.6 4.7 54.4
      vertex 49.4 4.7 52.2
      vertex 45.6 4.7 52.2
    endloop
  endfacet
  facet normal 0 1 0
    outer loop
      vertex 51.5076 4.7 58.0001
      vertex 49.7 4.7 56.0381
      vertex 49.4 4.7 56.3814
    endloop
  endfacet
  facet normal 0 1 0
    outer loop
      vertex 52.214 4.7 56.9806
      vertex 49.7234 4.7 56.0076
      vertex 49.7 4.7 56.0381
    endloop
  endfacet
  facet normal 0 1 0
    outer loop
      vertex 50.1752 4.7 55.1858
      vertex 52.3379 4.7 56.7313
      vertex 52.7547 4.7 55.893
    endloop
  endfacet
  facet normal 0 1 0
    outer loop
      vertex 50.332 4.7 54.7447
      vertex 52.7547 4.7 55.893
      vertex 52.8478 4.7 55.6032
    endloop
  endfacet
  facet normal 0 1 0
    outer loop
      vertex 52.214 4.7 56.9806
      vertex 50.0391 4.7 55.4333
      vertex 49.7234 4.7 56.0076
    endloop
  endfacet
  facet normal 0 1 0
    outer loop
      vertex 52.3379 4.7 56.7313
      vertex 50.1752 4.7 55.1858
      vertex 50.0391 4.7 55.4333
    endloop
  endfacet
  facet normal 0 1 0
    outer loop
      vertex 50.4807 4.7 54.3266
      vertex 52.8478 4.7 55.6032
      vertex 53.067 4.7 54.8679
    endloop
  endfacet
  facet normal 0 1 0
    outer loop
      vertex 53.1203 4.7 54.6201
      vertex 53.067 4.7 54.8679
      vertex 53.1005 4.7 54.7558
    endloop
  endfacet
  facet normal 0 1 0
    outer loop
      vertex 52.7547 4.7 55.893
      vertex 50.332 4.7 54.7447
      vertex 50.1752 4.7 55.1858
    endloop
  endfacet
  facet normal 0 1 0
    outer loop
      vertex 53.067 4.7 54.8679
      vertex 53.1203 4.7 54.6201
      vertex 50.4807 4.7 54.3266
    endloop
  endfacet
  facet normal 0 1 0
    outer loop
      vertex 52.8478 4.7 55.6032
      vertex 50.4807 4.7 54.3266
      vertex 50.332 4.7 54.7447
    endloop
  endfacet
  facet normal 0 1 0
    outer loop
      vertex 53.1203 4.7 54.6201
      vertex 50.5308 4.7 54.0399
      vertex 50.4807 4.7 54.3266
    endloop
  endfacet
  facet normal 0 1 0
    outer loop
      vertex 50.6348 4.7 53.4447
      vertex 53.1203 4.7 54.6201
      vertex 53.2714 4.7 53.5886
    endloop
  endfacet
  facet normal 0 1 0
    outer loop
      vertex 53.1203 4.7 54.6201
      vertex 50.6348 4.7 53.4447
      vertex 50.5308 4.7 54.0399
    endloop
  endfacet
  facet normal 0 1 0
    outer loop
      vertex 53.2714 4.7 53.5886
      vertex 50.6348 4.7 8.55526
      vertex 50.6348 4.7 53.4447
    endloop
  endfacet
  facet normal 0 1 -0
    outer loop
      vertex 53.2714 4.7 8.41137
      vertex 50.6348 4.7 8.55526
      vertex 53.2714 4.7 53.5886
    endloop
  endfacet
  facet normal 0 1 -0
    outer loop
      vertex 53.1203 4.7 7.37985
      vertex 50.6348 4.7 8.55526
      vertex 53.2714 4.7 8.41137
    endloop
  endfacet
  facet normal 0 1 0
    outer loop
      vertex 50.6348 4.7 8.55526
      vertex 53.1203 4.7 7.37985
      vertex 50.5308 4.7 7.96013
    endloop
  endfacet
  facet normal 0 1 0
    outer loop
      vertex 50.5308 4.7 7.96013
      vertex 53.1203 4.7 7.37985
      vertex 50.4807 4.7 7.67338
    endloop
  endfacet
  facet normal 0 1 -0
    outer loop
      vertex 53.067 4.7 7.13213
      vertex 50.4807 4.7 7.67338
      vertex 53.1203 4.7 7.37985
    endloop
  endfacet
  facet normal 0 1 0
    outer loop
      vertex 53.067 4.7 7.13213
      vertex 53.1203 4.7 7.37985
      vertex 53.1005 4.7 7.24419
    endloop
  endfacet
  facet normal 0 1 -0
    outer loop
      vertex 52.8478 4.7 6.39676
      vertex 50.4807 4.7 7.67338
      vertex 53.067 4.7 7.13213
    endloop
  endfacet
  facet normal 0 1 0
    outer loop
      vertex 50.4807 4.7 7.67338
      vertex 52.8478 4.7 6.39676
      vertex 50.332 4.7 7.25529
    endloop
  endfacet
  facet normal 0 1 -0
    outer loop
      vertex 52.7547 4.7 6.10704
      vertex 50.332 4.7 7.25529
      vertex 52.8478 4.7 6.39676
    endloop
  endfacet
  facet normal 0 1 0
    outer loop
      vertex 50.332 4.7 7.25529
      vertex 52.7547 4.7 6.10704
      vertex 50.1752 4.7 6.81421
    endloop
  endfacet
  facet normal 0 1 -0
    outer loop
      vertex 52.3379 4.7 5.26869
      vertex 50.1752 4.7 6.81421
      vertex 52.7547 4.7 6.10704
    endloop
  endfacet
  facet normal 0 1 0
    outer loop
      vertex 50.1752 4.7 6.81421
      vertex 52.3379 4.7 5.26869
      vertex 50.0391 4.7 6.56669
    endloop
  endfacet
  facet normal 0 1 -0
    outer loop
      vertex 52.214 4.7 5.0194
      vertex 50.0391 4.7 6.56669
      vertex 52.3379 4.7 5.26869
    endloop
  endfacet
  facet normal 0 1 0
    outer loop
      vertex 50.0391 4.7 6.56669
      vertex 52.214 4.7 5.0194
      vertex 49.7234 4.7 5.99244
    endloop
  endfacet
  facet normal 0 1 -0
    outer loop
      vertex 51.8549 4.7 4.50122
      vertex 49.7234 4.7 5.99244
      vertex 52.214 4.7 5.0194
    endloop
  endfacet
  facet normal 0 1 0
    outer loop
      vertex 49.7234 4.7 5.99244
      vertex 51.8549 4.7 4.50122
      vertex 49.7 4.7 5.96192
    endloop
  endfacet
  facet normal 0 1 -0
    outer loop
      vertex 51.5076 4.7 3.99987
      vertex 49.7 4.7 5.96192
      vertex 51.8549 4.7 4.50122
    endloop
  endfacet
  facet normal 0 1 0
    outer loop
      vertex 49.7 4.7 5.96192
      vertex 51.5076 4.7 3.99987
      vertex 49.2955 4.7 5.49893
    endloop
  endfacet
  facet normal 0 1 -0
    outer loop
      vertex 51.3201 4.7 3.79629
      vertex 49.2955 4.7 5.49893
      vertex 51.5076 4.7 3.99987
    endloop
  endfacet
  facet normal 0 1 -0
    outer loop
      vertex 51.0039 4.7 3.4529
      vertex 49.2955 4.7 5.49893
      vertex 51.3201 4.7 3.79629
    endloop
  endfacet
  facet normal 0 1 0
    outer loop
      vertex 49.2955 4.7 5.49893
      vertex 51.0039 4.7 3.4529
      vertex 49.0536 4.7 5.22212
    endloop
  endfacet
  facet normal 0 1 -0
    outer loop
      vertex 50.6097 4.7 3.06589
      vertex 49.0536 4.7 5.22212
      vertex 51.0039 4.7 3.4529
    endloop
  endfacet
  facet normal 0 1 0
    outer loop
      vertex 49.0536 4.7 5.22212
      vertex 50.6097 4.7 3.06589
      vertex 48.6995 4.7 4.91722
    endloop
  endfacet
  facet normal 0 1 -0
    outer loop
      vertex 50.1529 4.7 2.72169
      vertex 48.6995 4.7 4.91722
      vertex 50.6097 4.7 3.06589
    endloop
  endfacet
  facet normal 0 1 0
    outer loop
      vertex 48.6995 4.7 4.91722
      vertex 50.1529 4.7 2.72169
      vertex 48.4295 4.7 4.72129
    endloop
  endfacet
  facet normal 0 1 -0
    outer loop
      vertex 49.7 4.7 2.38045
      vertex 48.4295 4.7 4.72129
      vertex 50.1529 4.7 2.72169
    endloop
  endfacet
  facet normal 0 1 0
    outer loop
      vertex 48.4295 4.7 4.72129
      vertex 49.7 4.7 2.38045
      vertex 48.1472 4.7 4.51645
    endloop
  endfacet
  facet normal 0 1 -0
    outer loop
      vertex 49.4775 4.7 2.23344
      vertex 48.1472 4.7 4.51645
      vertex 49.7 4.7 2.38045
    endloop
  endfacet
  facet normal 0 1 0
    outer loop
      vertex 48.1472 4.7 4.51645
      vertex 49.4775 4.7 2.23344
      vertex 47.8826 4.7 4.36915
    endloop
  endfacet
  facet normal 0 1 -0
    outer loop
      vertex 48.6995 4.7 1.83897
      vertex 47.8826 4.7 4.36915
      vertex 49.4775 4.7 2.23344
    endloop
  endfacet
  facet normal 0 1 0
    outer loop
      vertex 47.8826 4.7 4.36915
      vertex 48.6995 4.7 1.83897
      vertex 47.5002 4.7 4.19964
    endloop
  endfacet
  facet normal 0 1 0
    outer loop
      vertex 47.5002 4.7 4.19964
      vertex 48.6995 4.7 1.83897
      vertex 47.1811 4.7 4.05822
    endloop
  endfacet
  facet normal 0 1 -0
    outer loop
      vertex 47.9453 4.7 1.51677
      vertex 47.1811 4.7 4.05822
      vertex 48.6995 4.7 1.83897
    endloop
  endfacet
  facet normal 0 1 0
    outer loop
      vertex 47.1811 4.7 4.05822
      vertex 47.8826 4.7 1.49661
      vertex 46.6511 4.7 3.88749
    endloop
  endfacet
  facet normal 0 1 -0
    outer loop
      vertex 47.8826 4.7 1.49661
      vertex 47.1811 4.7 4.05822
      vertex 47.9453 4.7 1.51677
    endloop
  endfacet
  facet normal 0 1 -0
    outer loop
      vertex 8.8 4.7 54.4
      vertex 8.26803 4.7 58.2
      vertex 11 4.7 58.2
    endloop
  endfacet
  facet normal 0 1 0
    outer loop
      vertex 8.26803 4.7 58.2
      vertex 5 4.7 56.3814
      vertex 2.89244 4.7 58.0001
    endloop
  endfacet
  facet normal 0 1 -0
    outer loop
      vertex 4.7 4.7 56.0381
      vertex 2.89244 4.7 58.0001
      vertex 5 4.7 56.3814
    endloop
  endfacet
  facet normal 0 1 0
    outer loop
      vertex 2.89244 4.7 58.0001
      vertex 4.7 4.7 56.0381
      vertex 2.55593 4.7 57.5145
    endloop
  endfacet
  facet normal 0 1 -0
    outer loop
      vertex 4.67662 4.7 56.0076
      vertex 2.55593 4.7 57.5145
      vertex 4.7 4.7 56.0381
    endloop
  endfacet
  facet normal 0 1 0
    outer loop
      vertex 8.8 4.7 54.4
      vertex 11 4.7 58.2
      vertex 11 4.7 54.4
    endloop
  endfacet
  facet normal 0 1 0
    outer loop
      vertex 8.26803 4.7 58.2
      vertex 8.8 4.7 54.4
      vertex 5 4.7 56.3814
    endloop
  endfacet
  facet normal 0 1 0
    outer loop
      vertex 5 4.7 52.2
      vertex 8.8 4.7 54.4
      vertex 8.8 4.7 52.2
    endloop
  endfacet
  facet normal 0 1 0
    outer loop
      vertex 8.8 4.7 54.4
      vertex 5 4.7 52.2
      vertex 5 4.7 56.3814
    endloop
  endfacet
  facet normal 0 1 0
    outer loop
      vertex 45.4 4.7 58.2534
      vertex 45.4 4.7 60.8874
      vertex 45.7453 4.7 60.8744
    endloop
  endfacet
  facet normal 0 1 0
    outer loop
      vertex 45.4 4.7 60.8874
      vertex 45.4 4.7 58.2534
      vertex 9 4.7 60.8874
    endloop
  endfacet
  facet normal 0 1 -0
    outer loop
      vertex 45.8579 4.7 58.2303
      vertex 45.7453 4.7 60.8744
      vertex 45.9661 4.7 60.866
    endloop
  endfacet
  facet normal 0 1 0
    outer loop
      vertex 9 4.7 58.2534
      vertex 9 4.7 60.8874
      vertex 45.4 4.7 58.2534
    endloop
  endfacet
  facet normal 0 1 0
    outer loop
      vertex 45.8579 4.7 58.2303
      vertex 45.9661 4.7 60.866
      vertex 46.2758 4.7 60.8311
    endloop
  endfacet
  facet normal 0 1 0
    outer loop
      vertex 9 4.7 60.8874
      vertex 9 4.7 58.2534
      vertex 8.65473 4.7 60.8744
    endloop
  endfacet
  facet normal 0 1 0
    outer loop
      vertex 46.0568 4.7 58.2113
      vertex 46.2758 4.7 60.8311
      vertex 46.5522 4.7 60.7999
    endloop
  endfacet
  facet normal 0 1 0
    outer loop
      vertex 8.54211 4.7 58.2303
      vertex 8.65473 4.7 60.8744
      vertex 9 4.7 58.2534
    endloop
  endfacet
  facet normal 0 1 0
    outer loop
      vertex 46.132 4.7 58.2
      vertex 46.5522 4.7 60.7999
      vertex 46.9491 4.7 60.726
    endloop
  endfacet
  facet normal 0 1 0
    outer loop
      vertex 8.65473 4.7 60.8744
      vertex 8.54211 4.7 58.2303
      vertex 8.43389 4.7 60.866
    endloop
  endfacet
  facet normal 0 1 0
    outer loop
      vertex 46.132 4.7 58.2
      vertex 46.9491 4.7 60.726
      vertex 47.1811 4.7 60.6829
    endloop
  endfacet
  facet normal 0 1 0
    outer loop
      vertex 8.43389 4.7 60.866
      vertex 8.54211 4.7 58.2303
      vertex 8.12421 4.7 60.8311
    endloop
  endfacet
  facet normal 0 1 0
    outer loop
      vertex 46.132 4.7 58.2
      vertex 47.1811 4.7 60.6829
      vertex 47.3344 4.7 60.6437
    endloop
  endfacet
  facet normal 0 1 -0
    outer loop
      vertex 8.43389 4.7 58.2249
      vertex 8.12421 4.7 60.8311
      vertex 8.54211 4.7 58.2303
    endloop
  endfacet
  facet normal 0 1 0
    outer loop
      vertex 46.132 4.7 58.2
      vertex 47.3344 4.7 60.6437
      vertex 47.8826 4.7 60.5034
    endloop
  endfacet
  facet normal 0 1 -0
    outer loop
      vertex 8.34318 4.7 58.2113
      vertex 8.12421 4.7 60.8311
      vertex 8.43389 4.7 58.2249
    endloop
  endfacet
  facet normal 0 1 0
    outer loop
      vertex 46.132 4.7 58.2
      vertex 47.8826 4.7 60.5034
      vertex 47.9453 4.7 60.4832
    endloop
  endfacet
  facet normal 0 1 0
    outer loop
      vertex 8.12421 4.7 60.8311
      vertex 8.34318 4.7 58.2113
      vertex 7.84782 4.7 60.7999
    endloop
  endfacet
  facet normal 0 1 0
    outer loop
      vertex 46.132 4.7 58.2
      vertex 47.9453 4.7 60.4832
      vertex 48.6995 4.7 60.161
    endloop
  endfacet
  facet normal 0 1 -0
    outer loop
      vertex 8.26803 4.7 58.2
      vertex 7.84782 4.7 60.7999
      vertex 8.34318 4.7 58.2113
    endloop
  endfacet
  facet normal 0 1 0
    outer loop
      vertex 46.132 4.7 58.2
      vertex 48.6995 4.7 60.161
      vertex 49.4775 4.7 59.7666
    endloop
  endfacet
  facet normal 0 1 0
    outer loop
      vertex 7.84782 4.7 60.7999
      vertex 8.26803 4.7 58.2
      vertex 7.45087 4.7 60.726
    endloop
  endfacet
  facet normal 0 1 0
    outer loop
      vertex 49.4 4.7 56.3814
      vertex 49.4775 4.7 59.7666
      vertex 49.7 4.7 59.6196
    endloop
  endfacet
  facet normal 0 1 0
    outer loop
      vertex 7.45087 4.7 60.726
      vertex 8.26803 4.7 58.2
      vertex 7.21888 4.7 60.6829
    endloop
  endfacet
  facet normal 0 1 0
    outer loop
      vertex 49.4 4.7 56.3814
      vertex 49.7 4.7 59.6196
      vertex 50.1529 4.7 59.2783
    endloop
  endfacet
  facet normal 0 1 0
    outer loop
      vertex 7.21888 4.7 60.6829
      vertex 8.26803 4.7 58.2
      vertex 7.06559 4.7 60.6437
    endloop
  endfacet
  facet normal 0 1 0
    outer loop
      vertex 49.4 4.7 56.3814
      vertex 50.1529 4.7 59.2783
      vertex 50.6097 4.7 58.9341
    endloop
  endfacet
  facet normal 0 1 0
    outer loop
      vertex 7.06559 4.7 60.6437
      vertex 8.26803 4.7 58.2
      vertex 6.51739 4.7 60.5034
    endloop
  endfacet
  facet normal 0 1 0
    outer loop
      vertex 6.45467 4.7 60.4832
      vertex 8.26803 4.7 58.2
      vertex 5.70049 4.7 60.161
    endloop
  endfacet
  facet normal 0 1 0
    outer loop
      vertex 49.4 4.7 56.3814
      vertex 50.6097 4.7 58.9341
      vertex 51.0039 4.7 58.5471
    endloop
  endfacet
  facet normal 0 1 0
    outer loop
      vertex 6.51739 4.7 60.5034
      vertex 8.26803 4.7 58.2
      vertex 6.45467 4.7 60.4832
    endloop
  endfacet
  facet normal 0 1 0
    outer loop
      vertex 5.70049 4.7 60.161
      vertex 8.26803 4.7 58.2
      vertex 4.92248 4.7 59.7666
    endloop
  endfacet
  facet normal 0 1 0
    outer loop
      vertex 45.7453 4.7 60.8744
      vertex 45.8579 4.7 58.2303
      vertex 45.4 4.7 58.2534
    endloop
  endfacet
  facet normal 0 1 0
    outer loop
      vertex 46.2758 4.7 60.8311
      vertex 45.9661 4.7 58.2249
      vertex 45.8579 4.7 58.2303
    endloop
  endfacet
  facet normal 0 1 0
    outer loop
      vertex 46.2758 4.7 60.8311
      vertex 46.0568 4.7 58.2113
      vertex 45.9661 4.7 58.2249
    endloop
  endfacet
  facet normal 0 1 0
    outer loop
      vertex 49.4 4.7 56.3814
      vertex 51.0039 4.7 58.5471
      vertex 51.3201 4.7 58.2037
    endloop
  endfacet
  facet normal 0 1 0
    outer loop
      vertex 46.5522 4.7 60.7999
      vertex 46.132 4.7 58.2
      vertex 46.0568 4.7 58.2113
    endloop
  endfacet
  facet normal 0 1 0
    outer loop
      vertex 49.4 4.7 56.3814
      vertex 51.3201 4.7 58.2037
      vertex 51.5076 4.7 58.0001
    endloop
  endfacet
  facet normal 0 1 0
    outer loop
      vertex 49.4775 4.7 59.7666
      vertex 49.4 4.7 56.3814
      vertex 46.132 4.7 58.2
    endloop
  endfacet
  facet normal 0 1 0
    outer loop
      vertex 49.7 4.7 56.0381
      vertex 51.5076 4.7 58.0001
      vertex 51.8549 4.7 57.4988
    endloop
  endfacet
  facet normal 0 1 0
    outer loop
      vertex 49.7 4.7 56.0381
      vertex 51.8549 4.7 57.4988
      vertex 52.214 4.7 56.9806
    endloop
  endfacet
  facet normal 0 1 0
    outer loop
      vertex 50.0391 4.7 55.4333
      vertex 52.214 4.7 56.9806
      vertex 52.3379 4.7 56.7313
    endloop
  endfacet
  facet normal 0 1 0
    outer loop
      vertex 45.6 4.7 54.4
      vertex 46.132 4.7 58.2
      vertex 49.4 4.7 56.3814
    endloop
  endfacet
  facet normal 0 1 0
    outer loop
      vertex 46.132 4.7 58.2
      vertex 45.6 4.7 54.4
      vertex 43.4 4.7 58.2
    endloop
  endfacet
  facet normal 0 1 0
    outer loop
      vertex 43.4 4.7 58.2
      vertex 45.6 4.7 54.4
      vertex 43.4 4.7 54.4
    endloop
  endfacet
  facet normal 0 1 0
    outer loop
      vertex 4.92248 4.7 59.7666
      vertex 8.26803 4.7 58.2
      vertex 4.7 4.7 59.6196
    endloop
  endfacet
  facet normal 0 1 0
    outer loop
      vertex 4.7 4.7 59.6196
      vertex 8.26803 4.7 58.2
      vertex 4.24709 4.7 59.2783
    endloop
  endfacet
  facet normal 0 1 0
    outer loop
      vertex 4.24709 4.7 59.2783
      vertex 8.26803 4.7 58.2
      vertex 3.79027 4.7 58.9341
    endloop
  endfacet
  facet normal 0 1 0
    outer loop
      vertex 3.79027 4.7 58.9341
      vertex 8.26803 4.7 58.2
      vertex 3.64358 4.7 58.7901
    endloop
  endfacet
  facet normal 0 1 0
    outer loop
      vertex 3.64358 4.7 58.7901
      vertex 8.26803 4.7 58.2
      vertex 3.39613 4.7 58.5471
    endloop
  endfacet
  facet normal 0 1 0
    outer loop
      vertex 3.39613 4.7 58.5471
      vertex 8.26803 4.7 58.2
      vertex 3.0799 4.7 58.2037
    endloop
  endfacet
  facet normal 0 1 0
    outer loop
      vertex 3.0799 4.7 58.2037
      vertex 8.26803 4.7 58.2
      vertex 2.89244 4.7 58.0001
    endloop
  endfacet
  facet normal 0 1 0
    outer loop
      vertex 2.55593 4.7 57.5145
      vertex 4.67662 4.7 56.0076
      vertex 2.18602 4.7 56.9806
    endloop
  endfacet
  facet normal 0 1 -0
    outer loop
      vertex 4.36092 4.7 55.4333
      vertex 2.18602 4.7 56.9806
      vertex 4.67662 4.7 56.0076
    endloop
  endfacet
  facet normal 0 1 0
    outer loop
      vertex 2.18602 4.7 56.9806
      vertex 4.36092 4.7 55.4333
      vertex 2.0621 4.7 56.7313
    endloop
  endfacet
  facet normal 0 1 -0
    outer loop
      vertex 4.22484 4.7 55.1858
      vertex 2.0621 4.7 56.7313
      vertex 4.36092 4.7 55.4333
    endloop
  endfacet
  facet normal 0 1 0
    outer loop
      vertex 2.0621 4.7 56.7313
      vertex 4.22484 4.7 55.1858
      vertex 1.64534 4.7 55.893
    endloop
  endfacet
  facet normal 0 1 -0
    outer loop
      vertex 4.06799 4.7 54.7447
      vertex 1.64534 4.7 55.893
      vertex 4.22484 4.7 55.1858
    endloop
  endfacet
  facet normal 0 1 0
    outer loop
      vertex 1.64534 4.7 55.893
      vertex 4.06799 4.7 54.7447
      vertex 1.55218 4.7 55.6032
    endloop
  endfacet
  facet normal 0 1 -0
    outer loop
      vertex 3.9193 4.7 54.3266
      vertex 1.55218 4.7 55.6032
      vertex 4.06799 4.7 54.7447
    endloop
  endfacet
  facet normal 0 1 0
    outer loop
      vertex 1.55218 4.7 55.6032
      vertex 3.9193 4.7 54.3266
      vertex 1.33295 4.7 54.8679
    endloop
  endfacet
  facet normal -0 1 0
    outer loop
      vertex 1.27967 4.7 54.6201
      vertex 1.33295 4.7 54.8679
      vertex 3.9193 4.7 54.3266
    endloop
  endfacet
  facet normal 0 1 0
    outer loop
      vertex 1.33295 4.7 54.8679
      vertex 1.27967 4.7 54.6201
      vertex 1.29955 4.7 54.7558
    endloop
  endfacet
  facet normal 0 1 -0
    outer loop
      vertex 3.86919 4.7 54.0399
      vertex 1.27967 4.7 54.6201
      vertex 3.9193 4.7 54.3266
    endloop
  endfacet
  facet normal 0 1 -0
    outer loop
      vertex 3.76521 4.7 53.4447
      vertex 1.27967 4.7 54.6201
      vertex 3.86919 4.7 54.0399
    endloop
  endfacet
  facet normal 0 1 0
    outer loop
      vertex 1.27967 4.7 54.6201
      vertex 3.76521 4.7 53.4447
      vertex 1.12858 4.7 53.5886
    endloop
  endfacet
  facet normal 0 1 -0
    outer loop
      vertex 3.76521 4.7 8.55526
      vertex 1.12858 4.7 53.5886
      vertex 3.76521 4.7 53.4447
    endloop
  endfacet
  facet normal 0 1 0
    outer loop
      vertex 3.76521 4.7 8.55526
      vertex 1.12858 4.7 8.41137
      vertex 1.12858 4.7 53.5886
    endloop
  endfacet
  facet normal 0 1 0
    outer loop
      vertex 1.27967 4.7 7.37985
      vertex 3.76521 4.7 8.55526
      vertex 3.86919 4.7 7.96013
    endloop
  endfacet
  facet normal 0 1 0
    outer loop
      vertex 1.27967 4.7 7.37985
      vertex 3.86919 4.7 7.96013
      vertex 3.9193 4.7 7.67338
    endloop
  endfacet
  facet normal 0 1 0
    outer loop
      vertex 3.76521 4.7 8.55526
      vertex 1.27967 4.7 7.37985
      vertex 1.12858 4.7 8.41137
    endloop
  endfacet
  facet normal 0 1 0
    outer loop
      vertex 1.55218 4.7 6.39676
      vertex 3.9193 4.7 7.67338
      vertex 4.06799 4.7 7.25529
    endloop
  endfacet
  facet normal 0 1 0
    outer loop
      vertex 3.9193 4.7 7.67338
      vertex 1.33295 4.7 7.13213
      vertex 1.27967 4.7 7.37985
    endloop
  endfacet
  facet normal 0 1 0
    outer loop
      vertex 1.27967 4.7 7.37985
      vertex 1.33295 4.7 7.13213
      vertex 1.29955 4.7 7.24419
    endloop
  endfacet
  facet normal 0 1 0
    outer loop
      vertex 1.64534 4.7 6.10704
      vertex 4.06799 4.7 7.25529
      vertex 4.22484 4.7 6.81421
    endloop
  endfacet
  facet normal 0 1 0
    outer loop
      vertex 2.0621 4.7 5.26869
      vertex 4.22484 4.7 6.81421
      vertex 4.36092 4.7 6.56669
    endloop
  endfacet
  facet normal 0 1 0
    outer loop
      vertex 3.9193 4.7 7.67338
      vertex 1.55218 4.7 6.39676
      vertex 1.33295 4.7 7.13213
    endloop
  endfacet
  facet normal 0 1 0
    outer loop
      vertex 4.06799 4.7 7.25529
      vertex 1.64534 4.7 6.10704
      vertex 1.55218 4.7 6.39676
    endloop
  endfacet
  facet normal 0 1 0
    outer loop
      vertex 2.18602 4.7 5.0194
      vertex 4.36092 4.7 6.56669
      vertex 4.67662 4.7 5.99244
    endloop
  endfacet
  facet normal 0 1 0
    outer loop
      vertex 2.55593 4.7 4.48552
      vertex 4.67662 4.7 5.99244
      vertex 4.7 4.7 5.96192
    endloop
  endfacet
  facet normal 0 1 0
    outer loop
      vertex 2.89244 4.7 3.99987
      vertex 4.7 4.7 5.96192
      vertex 5.10455 4.7 5.49893
    endloop
  endfacet
  facet normal 0 1 0
    outer loop
      vertex 4.22484 4.7 6.81421
      vertex 2.0621 4.7 5.26869
      vertex 1.64534 4.7 6.10704
    endloop
  endfacet
  facet normal 0 1 0
    outer loop
      vertex 3.39613 4.7 3.4529
      vertex 5.10455 4.7 5.49893
      vertex 5.34641 4.7 5.22212
    endloop
  endfacet
  facet normal 0 1 0
    outer loop
      vertex 4.36092 4.7 6.56669
      vertex 2.18602 4.7 5.0194
      vertex 2.0621 4.7 5.26869
    endloop
  endfacet
  facet normal 0 1 0
    outer loop
      vertex 3.79027 4.7 3.06589
      vertex 5.34641 4.7 5.22212
      vertex 5.70049 4.7 4.91722
    endloop
  endfacet
  facet normal 0 1 0
    outer loop
      vertex 4.24709 4.7 2.72169
      vertex 5.70049 4.7 4.91722
      vertex 5.97052 4.7 4.72129
    endloop
  endfacet
  facet normal 0 1 0
    outer loop
      vertex 4.7 4.7 2.38045
      vertex 5.97052 4.7 4.72129
      vertex 6.25283 4.7 4.51645
    endloop
  endfacet
  facet normal 0 1 0
    outer loop
      vertex 4.67662 4.7 5.99244
      vertex 2.55593 4.7 4.48552
      vertex 2.18602 4.7 5.0194
    endloop
  endfacet
  facet normal 0 1 0
    outer loop
      vertex 4.92248 4.7 2.23344
      vertex 6.25283 4.7 4.51645
      vertex 6.51739 4.7 4.36915
    endloop
  endfacet
  facet normal 0 1 0
    outer loop
      vertex 5.70049 4.7 1.83897
      vertex 6.51739 4.7 4.36915
      vertex 6.89982 4.7 4.19964
    endloop
  endfacet
  facet normal 0 1 0
    outer loop
      vertex 5.70049 4.7 1.83897
      vertex 6.89982 4.7 4.19964
      vertex 7.21888 4.7 4.05822
    endloop
  endfacet
  facet normal 0 1 0
    outer loop
      vertex 4.7 4.7 5.96192
      vertex 2.89244 4.7 3.99987
      vertex 2.55593 4.7 4.48552
    endloop
  endfacet
  facet normal 0 1 0
    outer loop
      vertex 6.51739 4.7 1.49661
      vertex 7.21888 4.7 4.05822
      vertex 7.7489 4.7 3.88749
    endloop
  endfacet
  facet normal 0 1 0
    outer loop
      vertex 7.06559 4.7 1.35633
      vertex 7.7489 4.7 3.88749
      vertex 7.82912 4.7 3.86766
    endloop
  endfacet
  facet normal 0 1 0
    outer loop
      vertex 7.21888 4.7 1.3171
      vertex 7.82912 4.7 3.86766
      vertex 7.84782 4.7 3.86304
    endloop
  endfacet
  facet normal 0 1 0
    outer loop
      vertex 5.10455 4.7 5.49893
      vertex 3.0799 4.7 3.79629
      vertex 2.89244 4.7 3.99987
    endloop
  endfacet
  facet normal 0 1 0
    outer loop
      vertex 7.45087 4.7 1.27395
      vertex 7.84782 4.7 3.86304
      vertex 8.34318 4.7 3.78872
    endloop
  endfacet
  facet normal 0 1 0
    outer loop
      vertex 8.12421 4.7 1.16893
      vertex 8.34318 4.7 3.78872
      vertex 8.43389 4.7 3.77512
    endloop
  endfacet
  facet normal 0 1 0
    outer loop
      vertex 8.12421 4.7 1.16893
      vertex 8.43389 4.7 3.77512
      vertex 8.54211 4.7 3.76967
    endloop
  endfacet
  facet normal 0 1 -0
    outer loop
      vertex 8.65473 4.7 1.12562
      vertex 8.54211 4.7 3.76967
      vertex 9 4.7 3.74664
    endloop
  endfacet
  facet normal 0 1 0
    outer loop
      vertex 5.10455 4.7 5.49893
      vertex 3.39613 4.7 3.4529
      vertex 3.0799 4.7 3.79629
    endloop
  endfacet
  facet normal 0 1 0
    outer loop
      vertex 45.4 4.7 3.74664
      vertex 45.4 4.7 1.11255
      vertex 9 4.7 3.74664
    endloop
  endfacet
  facet normal -0 1 0
    outer loop
      vertex 8.65473 4.7 1.12562
      vertex 9 4.7 3.74664
      vertex 9 4.7 1.11255
    endloop
  endfacet
  facet normal 0 1 -0
    outer loop
      vertex 47.3344 4.7 1.35633
      vertex 46.6511 4.7 3.88749
      vertex 47.8826 4.7 1.49661
    endloop
  endfacet
  facet normal 0 1 0
    outer loop
      vertex 9 4.7 3.74664
      vertex 45.4 4.7 1.11255
      vertex 9 4.7 1.11255
    endloop
  endfacet
  facet normal 0 1 0
    outer loop
      vertex 46.6511 4.7 3.88749
      vertex 47.3344 4.7 1.35633
      vertex 46.5709 4.7 3.86766
    endloop
  endfacet
  facet normal 0 1 0
    outer loop
      vertex 5.70049 4.7 4.91722
      vertex 4.24709 4.7 2.72169
      vertex 3.79027 4.7 3.06589
    endloop
  endfacet
  facet normal 0 1 -0
    outer loop
      vertex 47.1811 4.7 1.3171
      vertex 46.5709 4.7 3.86766
      vertex 47.3344 4.7 1.35633
    endloop
  endfacet
  facet normal 0 1 0
    outer loop
      vertex 5.34641 4.7 5.22212
      vertex 3.64358 4.7 3.20993
      vertex 3.39613 4.7 3.4529
    endloop
  endfacet
  facet normal 0 1 0
    outer loop
      vertex 46.5709 4.7 3.86766
      vertex 47.1811 4.7 1.3171
      vertex 46.5522 4.7 3.86304
    endloop
  endfacet
  facet normal 0 1 0
    outer loop
      vertex 5.34641 4.7 5.22212
      vertex 3.79027 4.7 3.06589
      vertex 3.64358 4.7 3.20993
    endloop
  endfacet
  facet normal 0 1 -0
    outer loop
      vertex 46.9491 4.7 1.27395
      vertex 46.5522 4.7 3.86304
      vertex 47.1811 4.7 1.3171
    endloop
  endfacet
  facet normal 0 1 0
    outer loop
      vertex 7.84782 4.7 3.86304
      vertex 7.45087 4.7 1.27395
      vertex 7.21888 4.7 1.3171
    endloop
  endfacet
  facet normal 0 1 0
    outer loop
      vertex 46.5522 4.7 3.86304
      vertex 46.9491 4.7 1.27395
      vertex 46.0568 4.7 3.78872
    endloop
  endfacet
  facet normal 0 1 0
    outer loop
      vertex 5.97052 4.7 4.72129
      vertex 4.7 4.7 2.38045
      vertex 4.24709 4.7 2.72169
    endloop
  endfacet
  facet normal 0 1 -0
    outer loop
      vertex 46.5522 4.7 1.20013
      vertex 46.0568 4.7 3.78872
      vertex 46.9491 4.7 1.27395
    endloop
  endfacet
  facet normal 0 1 0
    outer loop
      vertex 6.25283 4.7 4.51645
      vertex 4.92248 4.7 2.23344
      vertex 4.7 4.7 2.38045
    endloop
  endfacet
  facet normal 0 1 -0
    outer loop
      vertex 46.2758 4.7 1.16893
      vertex 46.0568 4.7 3.78872
      vertex 46.5522 4.7 1.20013
    endloop
  endfacet
  facet normal 0 1 0
    outer loop
      vertex 6.51739 4.7 4.36915
      vertex 5.70049 4.7 1.83897
      vertex 4.92248 4.7 2.23344
    endloop
  endfacet
  facet normal 0 1 0
    outer loop
      vertex 46.0568 4.7 3.78872
      vertex 46.2758 4.7 1.16893
      vertex 45.9661 4.7 3.77512
    endloop
  endfacet
  facet normal 0 1 0
    outer loop
      vertex 7.21888 4.7 4.05822
      vertex 6.45467 4.7 1.51677
      vertex 5.70049 4.7 1.83897
    endloop
  endfacet
  facet normal 0 1 0
    outer loop
      vertex 45.9661 4.7 3.77512
      vertex 46.2758 4.7 1.16893
      vertex 45.8579 4.7 3.76967
    endloop
  endfacet
  facet normal 0 1 0
    outer loop
      vertex 7.21888 4.7 4.05822
      vertex 6.51739 4.7 1.49661
      vertex 6.45467 4.7 1.51677
    endloop
  endfacet
  facet normal 0 1 -0
    outer loop
      vertex 45.9661 4.7 1.13397
      vertex 45.8579 4.7 3.76967
      vertex 46.2758 4.7 1.16893
    endloop
  endfacet
  facet normal 0 1 0
    outer loop
      vertex 7.7489 4.7 3.88749
      vertex 7.06559 4.7 1.35633
      vertex 6.51739 4.7 1.49661
    endloop
  endfacet
  facet normal 0 1 0
    outer loop
      vertex 45.7453 4.7 1.12562
      vertex 45.8579 4.7 3.76967
      vertex 45.9661 4.7 1.13397
    endloop
  endfacet
  facet normal 0 1 0
    outer loop
      vertex 7.82912 4.7 3.86766
      vertex 7.21888 4.7 1.3171
      vertex 7.06559 4.7 1.35633
    endloop
  endfacet
  facet normal 0 1 0
    outer loop
      vertex 45.8579 4.7 3.76967
      vertex 45.7453 4.7 1.12562
      vertex 45.4 4.7 3.74664
    endloop
  endfacet
  facet normal 0 1 0
    outer loop
      vertex 45.4 4.7 3.74664
      vertex 45.7453 4.7 1.12562
      vertex 45.4 4.7 1.11255
    endloop
  endfacet
  facet normal 0 1 0
    outer loop
      vertex 8.34318 4.7 3.78872
      vertex 8.12421 4.7 1.16893
      vertex 7.84782 4.7 1.20013
    endloop
  endfacet
  facet normal 0 1 0
    outer loop
      vertex 8.54211 4.7 3.76967
      vertex 8.43389 4.7 1.13397
      vertex 8.12421 4.7 1.16893
    endloop
  endfacet
  facet normal 0 1 0
    outer loop
      vertex 8.34318 4.7 3.78872
      vertex 7.84782 4.7 1.20013
      vertex 7.45087 4.7 1.27395
    endloop
  endfacet
  facet normal 0 1 0
    outer loop
      vertex 8.54211 4.7 3.76967
      vertex 8.65473 4.7 1.12562
      vertex 8.43389 4.7 1.13397
    endloop
  endfacet
  facet normal 0 1 0
    outer loop
      vertex 11 4.7 19.6
      vertex 11 4.7 15.8
      vertex 8.8 4.7 19.6
    endloop
  endfacet
  facet normal 0 1 -0
    outer loop
      vertex 8.8 4.7 19.6
      vertex 5 4.7 21.8
      vertex 8.8 4.7 21.8
    endloop
  endfacet
  facet normal 0 1 0
    outer loop
      vertex 5 4.7 15.8
      vertex 8.8 4.7 19.6
      vertex 11 4.7 15.8
    endloop
  endfacet
  facet normal 0 1 0
    outer loop
      vertex 8.8 4.7 19.6
      vertex 5 4.7 15.8
      vertex 5 4.7 21.8
    endloop
  endfacet
  facet normal 0 1 0
    outer loop
      vertex 49.4 4.7 21.8
      vertex 45.6 4.7 19.6
      vertex 45.6 4.7 21.8
    endloop
  endfacet
  facet normal 0 1 -0
    outer loop
      vertex 49.4 4.7 15.8
      vertex 45.6 4.7 19.6
      vertex 49.4 4.7 21.8
    endloop
  endfacet
  facet normal 0 1 0
    outer loop
      vertex 43.4 4.7 15.8
      vertex 45.6 4.7 19.6
      vertex 49.4 4.7 15.8
    endloop
  endfacet
  facet normal 0 1 0
    outer loop
      vertex 45.6 4.7 19.6
      vertex 43.4 4.7 15.8
      vertex 43.4 4.7 19.6
    endloop
  endfacet
endsolid OpenSCAD_Model
