solid OpenSCAD_Model
  facet normal 0.169038 -0.849848 0.499184
    outer loop
      vertex 35.6928 0.802124 34.9537
      vertex 34.9512 1.05386 35.6334
      vertex 35.0024 0.664801 34.9537
    endloop
  endfacet
  facet normal 0.3187 -0.938864 -0.130246
    outer loop
      vertex 35.8496 0.216853 5.60758
      vertex 35.8231 0.315804 4.82946
      vertex 36.5912 0.468591 5.60758
    endloop
  endfacet
  facet normal 0.0648443 -0.989358 0.130257
    outer loop
      vertex 35.0681 0.165632 33.4705
      vertex 34.3 0.012846 32.6924
      vertex 35.0815 0.0640669 32.6924
    endloop
  endfacet
  facet normal 0.831446 -0.555606 0
    outer loop
      vertex 39.0499 2.35525 32.6924
      vertex 39.3471 2.8 5.60758
      vertex 39.3471 2.8 32.6924
    endloop
  endfacet
  facet normal 0.831446 -0.555606 0
    outer loop
      vertex 39.3471 2.8 5.60758
      vertex 39.0499 2.35525 32.6924
      vertex 39.0499 2.35525 5.60758
    endloop
  endfacet
  facet normal -0.188469 -0.947502 -0.258299
    outer loop
      vertex 5.23189 0.165632 4.82946
      vertex 4.47692 0.315804 4.82946
      vertex 5.2584 0.367025 4.07136
    endloop
  endfacet
  facet normal -0.0463013 -0.70631 0.706387
    outer loop
      vertex 6 2.04392 36.811
      vertex 5.48363 2.07777 36.811
      vertex 6 1.48896 36.2561
    endloop
  endfacet
  facet normal 0.408746 -0.828861 0.381989
    outer loop
      vertex 36.9906 1.33971 34.9537
      vertex 36.3593 1.02839 34.9537
      vertex 37.1408 1.07961 34.2286
    endloop
  endfacet
  facet normal 0.255201 -0.751865 0.607924
    outer loop
      vertex 36.0263 1.83234 36.2561
      vertex 35.4675 1.64267 36.2561
      vertex 35.5912 1.18117 35.6334
    endloop
  endfacet
  facet normal 0 -1 0
    outer loop
      vertex 6 0.012846 5.60758
      vertex 34.3 0.012846 12.3627
      vertex 6 0.012846 12.3627
    endloop
  endfacet
  facet normal 0 -1 -0
    outer loop
      vertex 34.3 0.012846 12.3627
      vertex 6 0.012846 5.60758
      vertex 34.3 0.012846 5.60758
    endloop
  endfacet
  facet normal 0 -1 0
    outer loop
      vertex 6 0.012846 31.9373
      vertex 34.3 0.012846 32.6924
      vertex 6 0.012846 32.6924
    endloop
  endfacet
  facet normal 0 -1 -0
    outer loop
      vertex 34.3 0.012846 32.6924
      vertex 6 0.012846 31.9373
      vertex 34.3 0.012846 31.9373
    endloop
  endfacet
  facet normal -0.297071 -0.875119 0.381988
    outer loop
      vertex 3.94069 1.02839 34.9537
      vertex 3.82575 0.750903 34.2286
      vertex 4.60723 0.802124 34.9537
    endloop
  endfacet
  facet normal 0.0398734 -0.608291 0.792712
    outer loop
      vertex 34.7351 2.6951 37.2888
      vertex 34.3 2.04392 36.811
      vertex 34.8164 2.07777 36.811
    endloop
  endfacet
  facet normal -0.180293 -0.90641 -0.381989
    outer loop
      vertex 5.2584 0.367025 4.07136
      vertex 4.60723 0.802124 3.34627
      vertex 5.29761 0.664801 3.34627
    endloop
  endfacet
  facet normal -0.609343 -0.694828 -0.381988
    outer loop
      vertex 2.54127 1.4925 4.07136
      vertex 2.19489 2.19489 3.34627
      vertex 2.72411 1.73078 3.34627
    endloop
  endfacet
  facet normal 0.0977515 -0.491183 -0.865554
    outer loop
      vertex 34.7351 2.6951 1.01118
      vertex 34.7213 2.8 0.950093
      vertex 34.7707 2.8 0.955672
    endloop
  endfacet
  facet normal 0.0631837 -0.963996 0.2583
    outer loop
      vertex 34.3 0.318419 34.2286
      vertex 34.3 0.115288 33.4705
      vertex 35.0681 0.165632 33.4705
    endloop
  endfacet
  facet normal -0.0631829 -0.963996 0.2583
    outer loop
      vertex 6 0.318419 34.2286
      vertex 5.23189 0.165632 33.4705
      vertex 6 0.115288 33.4705
    endloop
  endfacet
  facet normal -0.803258 -0.53671 0.2583
    outer loop
      vertex 1.20154 2.8 33.8614
      vertex 1.07584 2.8 33.4705
      vertex 1.33134 2.41761 33.4705
    endloop
  endfacet
  facet normal -0.0654031 -0.997859 0
    outer loop
      vertex 5.21852 0.0640669 5.60758
      vertex 6 0.012846 12.3627
      vertex 5.21852 0.0640669 12.4134
    endloop
  endfacet
  facet normal -0.0654031 -0.997859 -0
    outer loop
      vertex 6 0.012846 12.3627
      vertex 5.21852 0.0640669 5.60758
      vertex 6 0.012846 5.60758
    endloop
  endfacet
  facet normal -0.0654031 -0.997859 0
    outer loop
      vertex 5.21852 0.0640669 32.6924
      vertex 6 0.012846 31.9373
      vertex 6 0.012846 32.6924
    endloop
  endfacet
  facet normal -0.0654031 -0.997859 0
    outer loop
      vertex 6 0.012846 31.9373
      vertex 5.21852 0.0640669 32.6924
      vertex 5.21852 0.0640669 31.8866
    endloop
  endfacet
  facet normal 0.0654015 -0.997859 0
    outer loop
      vertex 34.3 0.012846 31.9373
      vertex 35.0815 0.0640669 32.6924
      vertex 34.3 0.012846 32.6924
    endloop
  endfacet
  facet normal 0.0654015 -0.997859 0
    outer loop
      vertex 35.0815 0.0640669 32.6924
      vertex 34.3 0.012846 31.9373
      vertex 35.0815 0.0640669 31.8866
    endloop
  endfacet
  facet normal 0.0654015 -0.997859 0
    outer loop
      vertex 35.0815 0.0640669 5.60758
      vertex 34.3 0.012846 12.3627
      vertex 34.3 0.012846 5.60758
    endloop
  endfacet
  facet normal 0.0654015 -0.997859 0
    outer loop
      vertex 34.3 0.012846 12.3627
      vertex 35.0815 0.0640669 5.60758
      vertex 35.0815 0.0640669 12.4134
    endloop
  endfacet
  facet normal -0.0462905 -0.706306 0.706392
    outer loop
      vertex 5.48363 2.07777 36.811
      vertex 5.41119 1.52755 36.2561
      vertex 6 1.48896 36.2561
    endloop
  endfacet
  facet normal -0.536712 -0.803255 -0.258307
    outer loop
      vertex 3.15921 1.07961 4.07136
      vertex 2.41761 1.33134 4.82946
      vertex 2.54127 1.4925 4.07136
    endloop
  endfacet
  facet normal 0.653675 -0.745491 0.130202
    outer loop
      vertex 38.5336 1.76644 32.6924
      vertex 37.8824 1.33134 33.4705
      vertex 37.9447 1.25007 32.6924
    endloop
  endfacet
  facet normal 0 -0.608774 0.793343
    outer loop
      vertex 6 2.66658 37.2888
      vertex 34.3 2.04392 36.811
      vertex 34.3 2.66658 37.2888
    endloop
  endfacet
  facet normal 0 -0.608774 0.793343
    outer loop
      vertex 34.3 2.04392 36.811
      vertex 6 2.66658 37.2888
      vertex 6 2.04392 36.811
    endloop
  endfacet
  facet normal -0.310535 -0.914795 0.258298
    outer loop
      vertex 3.82575 0.750903 34.2286
      vertex 3.74802 0.563235 33.4705
      vertex 4.47692 0.315804 33.4705
    endloop
  endfacet
  facet normal -0.154907 -0.778749 0.60791
    outer loop
      vertex 5.41119 1.52755 36.2561
      vertex 4.83246 1.64267 36.2561
      vertex 5.34883 1.05386 35.6334
    endloop
  endfacet
  facet normal -0.138082 -0.694228 0.706386
    outer loop
      vertex 4.97609 2.17872 36.811
      vertex 4.83246 1.64267 36.2561
      vertex 5.48363 2.07777 36.811
    endloop
  endfacet
  facet normal 0.438507 -0.889239 0.130254
    outer loop
      vertex 37.2424 0.903689 33.4705
      vertex 36.552 0.563235 33.4705
      vertex 36.5912 0.468591 32.6924
    endloop
  endfacet
  facet normal 0.188462 -0.947505 0.258297
    outer loop
      vertex 35.8231 0.315804 33.4705
      vertex 35.0416 0.367025 34.2286
      vertex 35.0681 0.165632 33.4705
    endloop
  endfacet
  facet normal 0.310532 -0.914789 0.258325
    outer loop
      vertex 36.4742 0.750903 34.2286
      vertex 35.8231 0.315804 33.4705
      vertex 36.552 0.563235 33.4705
    endloop
  endfacet
  facet normal 0.803215 -0.53676 0.258332
    outer loop
      vertex 38.8075 2.54127 34.2286
      vertex 39.0985 2.8 33.8614
      vertex 38.9804 2.8 34.2286
    endloop
  endfacet
  facet normal 0.80322 -0.536745 0.258347
    outer loop
      vertex 39.0985 2.8 33.8614
      vertex 38.8075 2.54127 34.2286
      vertex 38.9687 2.41761 33.4705
    endloop
  endfacet
  facet normal 0.138101 -0.694223 0.706387
    outer loop
      vertex 35.4675 1.64267 36.2561
      vertex 34.8164 2.07777 36.811
      vertex 34.8888 1.52755 36.2561
    endloop
  endfacet
  facet normal 0 -0.707069 0.707145
    outer loop
      vertex 6 1.48896 36.2561
      vertex 34.3 2.04392 36.811
      vertex 6 2.04392 36.811
    endloop
  endfacet
  facet normal 0 -0.707069 0.707145
    outer loop
      vertex 34.3 2.04392 36.811
      vertex 6 1.48896 36.2561
      vertex 34.3 1.48896 36.2561
    endloop
  endfacet
  facet normal 0 -0.499995 -0.866028
    outer loop
      vertex 6 2.66658 1.01118
      vertex 34.3 2.8 0.934151
      vertex 34.3 2.66658 1.01118
    endloop
  endfacet
  facet normal -0 -0.499995 -0.866028
    outer loop
      vertex 34.3 2.8 0.934151
      vertex 6 2.66658 1.01118
      vertex 6 2.8 0.934151
    endloop
  endfacet
  facet normal 0.19342 -0.972432 -0.130248
    outer loop
      vertex 35.8496 0.216853 5.60758
      vertex 35.0681 0.165632 4.82946
      vertex 35.8231 0.315804 4.82946
    endloop
  endfacet
  facet normal 0.313094 -0.63485 -0.706355
    outer loop
      vertex 36.5555 2.09333 2.04392
      vertex 36.0263 1.83234 2.04392
      vertex 36.278 2.57394 1.48896
    endloop
  endfacet
  facet normal -0.297063 -0.875126 0.38198
    outer loop
      vertex 4.60723 0.802124 34.9537
      vertex 3.82575 0.750903 34.2286
      vertex 4.5295 0.512014 34.2286
    endloop
  endfacet
  facet normal -0.180299 -0.906412 0.38198
    outer loop
      vertex 4.60723 0.802124 34.9537
      vertex 4.5295 0.512014 34.2286
      vertex 5.2584 0.367025 34.2286
    endloop
  endfacet
  facet normal -0.193428 -0.97243 0.130255
    outer loop
      vertex 5.23189 0.165632 33.4705
      vertex 4.45041 0.216853 32.6924
      vertex 5.21852 0.0640669 32.6924
    endloop
  endfacet
  facet normal 0.383237 -0.777134 0.499191
    outer loop
      vertex 36.7944 1.67956 35.6334
      vertex 36.3593 1.02839 34.9537
      vertex 36.9906 1.33971 34.9537
    endloop
  endfacet
  facet normal -0.0463038 -0.706348 -0.706348
    outer loop
      vertex 6 1.48896 2.04392
      vertex 5.48363 2.07777 1.48896
      vertex 6 2.04392 1.48896
    endloop
  endfacet
  facet normal -0.0519257 -0.792287 -0.607935
    outer loop
      vertex 6 1.48896 2.04392
      vertex 5.34883 1.05386 2.66658
      vertex 5.41119 1.52755 2.04392
    endloop
  endfacet
  facet normal 0.745487 -0.653683 -0.130182
    outer loop
      vertex 39.0499 2.35525 5.60758
      vertex 38.5336 1.76644 5.60758
      vertex 38.9687 2.41761 4.82946
    endloop
  endfacet
  facet normal 0 -0.991445 -0.130527
    outer loop
      vertex 6 0.115288 4.82946
      vertex 34.3 0.012846 5.60758
      vertex 6 0.012846 5.60758
    endloop
  endfacet
  facet normal 0 -0.991445 -0.130527
    outer loop
      vertex 34.3 0.012846 5.60758
      vertex 6 0.115288 4.82946
      vertex 34.3 0.115288 4.82946
    endloop
  endfacet
  facet normal -0.193427 -0.97243 -0.130251
    outer loop
      vertex 5.23189 0.165632 4.82946
      vertex 4.45041 0.216853 5.60758
      vertex 4.47692 0.315804 4.82946
    endloop
  endfacet
  facet normal 0.0327285 -0.499586 0.865646
    outer loop
      vertex 34.3 2.66658 37.2888
      vertex 34.665 2.8 37.352
      vertex 34.3 2.8 37.3658
    endloop
  endfacet
  facet normal 0.0327499 -0.499631 0.865619
    outer loop
      vertex 34.665 2.8 37.352
      vertex 34.3 2.66658 37.2888
      vertex 34.7351 2.6951 37.2888
    endloop
  endfacet
  facet normal 0.803258 -0.53671 0.2583
    outer loop
      vertex 39.0985 2.8 33.8614
      vertex 38.9687 2.41761 33.4705
      vertex 39.2242 2.8 33.4705
    endloop
  endfacet
  facet normal -0.824389 -0.550832 0.130257
    outer loop
      vertex 1.03075 2.8 33.1851
      vertex 0.952901 2.8 32.6924
      vertex 1.25007 2.35525 32.6924
    endloop
  endfacet
  facet normal -0.550836 -0.824387 0.130253
    outer loop
      vertex 3.05764 0.903689 33.4705
      vertex 2.35525 1.25007 32.6924
      vertex 3.00642 0.814973 32.6924
    endloop
  endfacet
  facet normal 0.555611 -0.831443 0
    outer loop
      vertex 37.2936 0.814973 5.60758
      vertex 37.9447 1.25007 32.6924
      vertex 37.2936 0.814973 32.6924
    endloop
  endfacet
  facet normal 0.555611 -0.831443 0
    outer loop
      vertex 37.9447 1.25007 32.6924
      vertex 37.2936 0.814973 5.60758
      vertex 37.9447 1.25007 5.60758
    endloop
  endfacet
  facet normal 0.19342 -0.972432 0.130252
    outer loop
      vertex 35.8231 0.315804 33.4705
      vertex 35.0681 0.165632 33.4705
      vertex 35.8496 0.216853 32.6924
    endloop
  endfacet
  facet normal 0.571337 -0.651446 0.499192
    outer loop
      vertex 37.8276 2.47237 35.6334
      vertex 37.337 2.0421 35.6334
      vertex 37.5759 1.73078 34.9537
    endloop
  endfacet
  facet normal 0.313072 -0.634816 0.706396
    outer loop
      vertex 36.278 2.57394 36.811
      vertex 35.8139 2.34506 36.811
      vertex 36.0263 1.83234 36.2561
    endloop
  endfacet
  facet normal -0.351187 -0.712116 0.607913
    outer loop
      vertex 3.74448 2.09333 36.2561
      vertex 3.50559 1.67956 35.6334
      vertex 4.2737 1.83234 36.2561
    endloop
  endfacet
  facet normal -0.22752 -0.670264 0.706386
    outer loop
      vertex 4.97609 2.17872 36.811
      vertex 4.2737 1.83234 36.2561
      vertex 4.83246 1.64267 36.2561
    endloop
  endfacet
  facet normal -0.1381 -0.694257 -0.706354
    outer loop
      vertex 5.41119 1.52755 2.04392
      vertex 4.83246 1.64267 2.04392
      vertex 5.48363 2.07777 1.48896
    endloop
  endfacet
  facet normal -0.310529 -0.914796 -0.258303
    outer loop
      vertex 4.47692 0.315804 4.82946
      vertex 3.82575 0.750903 4.07136
      vertex 4.5295 0.512014 4.07136
    endloop
  endfacet
  facet normal -0.118917 -0.59787 -0.792723
    outer loop
      vertex 5.5649 2.6951 1.01118
      vertex 4.97609 2.17872 1.48896
      vertex 5.13725 2.78016 1.01118
    endloop
  endfacet
  facet normal 0.513432 -0.768435 -0.381964
    outer loop
      vertex 37.7587 1.4925 4.07136
      vertex 36.9906 1.33971 3.34627
      vertex 37.5759 1.73078 3.34627
    endloop
  endfacet
  facet normal -0.427285 -0.866432 -0.258308
    outer loop
      vertex 3.82575 0.750903 4.07136
      vertex 3.05764 0.903689 4.82946
      vertex 3.15921 1.07961 4.07136
    endloop
  endfacet
  facet normal -0.536713 -0.803254 0.258308
    outer loop
      vertex 3.15921 1.07961 34.2286
      vertex 2.41761 1.33134 33.4705
      vertex 3.05764 0.903689 33.4705
    endloop
  endfacet
  facet normal -0.653734 -0.74543 -0.130257
    outer loop
      vertex 2.41761 1.33134 4.82946
      vertex 1.76644 1.76644 5.60758
      vertex 1.83888 1.83888 4.82946
    endloop
  endfacet
  facet normal -0.438523 -0.889232 -0.13025
    outer loop
      vertex 3.70881 0.468591 5.60758
      vertex 3.00642 0.814973 5.60758
      vertex 3.05764 0.903689 4.82946
    endloop
  endfacet
  facet normal -0.193428 -0.97243 -0.130251
    outer loop
      vertex 5.21852 0.0640669 5.60758
      vertex 4.45041 0.216853 5.60758
      vertex 5.23189 0.165632 4.82946
    endloop
  endfacet
  facet normal -0.310535 -0.914795 -0.258298
    outer loop
      vertex 4.47692 0.315804 4.82946
      vertex 3.74802 0.563235 4.82946
      vertex 3.82575 0.750903 4.07136
    endloop
  endfacet
  facet normal -0.0566725 -0.864638 0.499188
    outer loop
      vertex 5.34883 1.05386 35.6334
      vertex 5.29761 0.664801 34.9537
      vertex 6 0.618763 34.9537
    endloop
  endfacet
  facet normal -0.513439 -0.768424 0.381975
    outer loop
      vertex 3.30938 1.33971 34.9537
      vertex 2.54127 1.4925 34.2286
      vertex 3.15921 1.07961 34.2286
    endloop
  endfacet
  facet normal 0.0566688 -0.864638 0.499189
    outer loop
      vertex 34.3 1.01118 35.6334
      vertex 34.3 0.618763 34.9537
      vertex 34.9512 1.05386 35.6334
    endloop
  endfacet
  facet normal -0.0604448 -0.92219 0.381983
    outer loop
      vertex 5.29761 0.664801 34.9537
      vertex 5.2584 0.367025 34.2286
      vertex 6 0.618763 34.9537
    endloop
  endfacet
  facet normal -0.180294 -0.906412 0.381984
    outer loop
      vertex 5.29761 0.664801 34.9537
      vertex 4.60723 0.802124 34.9537
      vertex 5.2584 0.367025 34.2286
    endloop
  endfacet
  facet normal -0.278523 -0.820513 0.499183
    outer loop
      vertex 4.09086 1.39093 35.6334
      vertex 3.94069 1.02839 34.9537
      vertex 4.7088 1.18117 35.6334
    endloop
  endfacet
  facet normal -0.138093 -0.694219 0.706392
    outer loop
      vertex 5.48363 2.07777 36.811
      vertex 4.83246 1.64267 36.2561
      vertex 5.41119 1.52755 36.2561
    endloop
  endfacet
  facet normal 0.0462914 -0.706307 0.70639
    outer loop
      vertex 34.8164 2.07777 36.811
      vertex 34.3 1.48896 36.2561
      vertex 34.8888 1.52755 36.2561
    endloop
  endfacet
  facet normal 0 -0.991444 0.13053
    outer loop
      vertex 6 0.012846 32.6924
      vertex 34.3 0.115288 33.4705
      vertex 6 0.115288 33.4705
    endloop
  endfacet
  facet normal 0 -0.991444 0.13053
    outer loop
      vertex 34.3 0.115288 33.4705
      vertex 6 0.012846 32.6924
      vertex 34.3 0.012846 32.6924
    endloop
  endfacet
  facet normal 0.064846 -0.989358 0.130255
    outer loop
      vertex 34.3 0.115288 33.4705
      vertex 34.3 0.012846 32.6924
      vertex 35.0681 0.165632 33.4705
    endloop
  endfacet
  facet normal 0.0648443 -0.989358 -0.130254
    outer loop
      vertex 35.0815 0.0640669 5.60758
      vertex 34.3 0.012846 5.60758
      vertex 35.0681 0.165632 4.82946
    endloop
  endfacet
  facet normal 0.19343 -0.972429 -0.130259
    outer loop
      vertex 35.0815 0.0640669 5.60758
      vertex 35.0681 0.165632 4.82946
      vertex 35.8496 0.216853 5.60758
    endloop
  endfacet
  facet normal -0.427276 -0.86644 0.258297
    outer loop
      vertex 3.82575 0.750903 34.2286
      vertex 3.05764 0.903689 33.4705
      vertex 3.74802 0.563235 33.4705
    endloop
  endfacet
  facet normal -0.408743 -0.828869 0.381975
    outer loop
      vertex 3.30938 1.33971 34.9537
      vertex 3.15921 1.07961 34.2286
      vertex 3.94069 1.02839 34.9537
    endloop
  endfacet
  facet normal -0.25522 -0.751867 0.607913
    outer loop
      vertex 4.83246 1.64267 36.2561
      vertex 4.2737 1.83234 36.2561
      vertex 4.7088 1.18117 35.6334
    endloop
  endfacet
  facet normal -0.383249 -0.777134 0.499183
    outer loop
      vertex 4.09086 1.39093 35.6334
      vertex 3.50559 1.67956 35.6334
      vertex 3.94069 1.02839 34.9537
    endloop
  endfacet
  facet normal 0.438507 -0.889239 -0.130251
    outer loop
      vertex 36.5912 0.468591 5.60758
      vertex 36.552 0.563235 4.82946
      vertex 37.2424 0.903689 4.82946
    endloop
  endfacet
  facet normal 0.82439 -0.550849 0.130178
    outer loop
      vertex 39.0499 2.35525 32.6924
      vertex 39.304 2.8 32.9652
      vertex 38.9687 2.41761 33.4705
    endloop
  endfacet
  facet normal 0.824364 -0.550873 0.130242
    outer loop
      vertex 39.304 2.8 32.9652
      vertex 39.0499 2.35525 32.6924
      vertex 39.3471 2.8 32.6924
    endloop
  endfacet
  facet normal 0.195092 -0.980785 0
    outer loop
      vertex 35.0815 0.0640669 31.8866
      vertex 35.8496 0.216853 32.6924
      vertex 35.0815 0.0640669 32.6924
    endloop
  endfacet
  facet normal 0.195092 -0.980785 0
    outer loop
      vertex 35.8496 0.216853 32.6924
      vertex 35.0815 0.0640669 31.8866
      vertex 35.8496 0.216853 31.7355
    endloop
  endfacet
  facet normal 0.195092 -0.980785 0
    outer loop
      vertex 35.8496 0.216853 5.60758
      vertex 35.0815 0.0640669 12.4134
      vertex 35.0815 0.0640669 5.60758
    endloop
  endfacet
  facet normal 0.195092 -0.980785 0
    outer loop
      vertex 35.0815 0.0640669 12.4134
      vertex 35.8496 0.216853 5.60758
      vertex 35.8496 0.216853 12.5645
    endloop
  endfacet
  facet normal 0.19343 -0.972428 0.130262
    outer loop
      vertex 35.8496 0.216853 32.6924
      vertex 35.0681 0.165632 33.4705
      vertex 35.0815 0.0640669 32.6924
    endloop
  endfacet
  facet normal 0.0462986 -0.70631 0.706387
    outer loop
      vertex 34.3 2.04392 36.811
      vertex 34.3 1.48896 36.2561
      vertex 34.8164 2.07777 36.811
    endloop
  endfacet
  facet normal 0.051928 -0.792304 0.607912
    outer loop
      vertex 34.3 1.48896 36.2561
      vertex 34.3 1.01118 35.6334
      vertex 34.9512 1.05386 35.6334
    endloop
  endfacet
  facet normal 0.694831 -0.609332 0.382
    outer loop
      vertex 38.5692 2.72411 34.9537
      vertex 38.1051 2.19489 34.9537
      vertex 38.8075 2.54127 34.2286
    endloop
  endfacet
  facet normal 0.536727 -0.803238 0.258327
    outer loop
      vertex 37.8824 1.33134 33.4705
      vertex 37.1408 1.07961 34.2286
      vertex 37.2424 0.903689 33.4705
    endloop
  endfacet
  facet normal 0.550855 -0.824381 0.130209
    outer loop
      vertex 37.8824 1.33134 33.4705
      vertex 37.2424 0.903689 33.4705
      vertex 37.9447 1.25007 32.6924
    endloop
  endfacet
  facet normal 0.745487 -0.653683 0.130185
    outer loop
      vertex 38.9687 2.41761 33.4705
      vertex 38.5336 1.76644 32.6924
      vertex 39.0499 2.35525 32.6924
    endloop
  endfacet
  facet normal 0.195764 -0.577367 0.792669
    outer loop
      vertex 35.5348 2.8 37.2113
      vertex 35.8139 2.34506 36.811
      vertex 35.6255 2.8 37.1889
    endloop
  endfacet
  facet normal 0.195964 -0.577266 0.792693
    outer loop
      vertex 35.8139 2.34506 36.811
      vertex 35.5348 2.8 37.2113
      vertex 35.3239 2.17872 36.811
    endloop
  endfacet
  facet normal 0.427262 -0.866436 0.258334
    outer loop
      vertex 37.2424 0.903689 33.4705
      vertex 36.4742 0.750903 34.2286
      vertex 36.552 0.563235 33.4705
    endloop
  endfacet
  facet normal -0.824389 -0.550832 -0.130257
    outer loop
      vertex 1.25007 2.35525 5.60758
      vertex 0.952901 2.8 5.60758
      vertex 1.03075 2.8 5.11488
    endloop
  endfacet
  facet normal -0.393896 -0.588091 0.706396
    outer loop
      vertex 3.25385 2.42115 36.2561
      vertex 3.60391 2.8 36.7667
      vertex 3.54455 2.8 36.7336
    endloop
  endfacet
  facet normal -0.39327 -0.588585 0.706333
    outer loop
      vertex 3.60391 2.8 36.7667
      vertex 3.25385 2.42115 36.2561
      vertex 3.74448 2.09333 36.2561
    endloop
  endfacet
  facet normal -0.383248 -0.777131 -0.499188
    outer loop
      vertex 3.94069 1.02839 3.34627
      vertex 3.50559 1.67956 2.66658
      vertex 4.09086 1.39093 2.66658
    endloop
  endfacet
  facet normal -0.636976 -0.726318 -0.258308
    outer loop
      vertex 2.54127 1.4925 4.07136
      vertex 1.83888 1.83888 4.82946
      vertex 1.98252 1.98252 4.07136
    endloop
  endfacet
  facet normal 0.0519268 -0.792285 -0.607937
    outer loop
      vertex 34.9512 1.05386 2.66658
      vertex 34.3 1.01118 2.66658
      vertex 34.3 1.48896 2.04392
    endloop
  endfacet
  facet normal -0.0519292 -0.792285 -0.607937
    outer loop
      vertex 6 1.01118 2.66658
      vertex 5.34883 1.05386 2.66658
      vertex 6 1.48896 2.04392
    endloop
  endfacet
  facet normal 0.63695 -0.726353 -0.258276
    outer loop
      vertex 38.4611 1.83888 4.82946
      vertex 37.7587 1.4925 4.07136
      vertex 38.3175 1.98252 4.07136
    endloop
  endfacet
  facet normal -0.768396 -0.513445 0.382024
    outer loop
      vertex 1.44103 2.8 34.4729
      vertex 1.73078 2.72411 34.9537
      vertex 1.68007 2.8 34.9537
    endloop
  endfacet
  facet normal -0.768355 -0.513533 0.381986
    outer loop
      vertex 1.73078 2.72411 34.9537
      vertex 1.44103 2.8 34.4729
      vertex 1.4925 2.54127 34.2286
    endloop
  endfacet
  facet normal -0.550834 -0.824388 0.130251
    outer loop
      vertex 2.41761 1.33134 33.4705
      vertex 2.35525 1.25007 32.6924
      vertex 3.05764 0.903689 33.4705
    endloop
  endfacet
  facet normal -0.653733 -0.745429 0.13026
    outer loop
      vertex 1.83888 1.83888 33.4705
      vertex 1.76644 1.76644 32.6924
      vertex 2.41761 1.33134 33.4705
    endloop
  endfacet
  facet normal -0.745437 -0.653727 0.130251
    outer loop
      vertex 1.33134 2.41761 33.4705
      vertex 1.25007 2.35525 32.6924
      vertex 1.76644 1.76644 32.6924
    endloop
  endfacet
  facet normal -0.064846 -0.989358 -0.130251
    outer loop
      vertex 6 0.012846 5.60758
      vertex 5.21852 0.0640669 5.60758
      vertex 5.23189 0.165632 4.82946
    endloop
  endfacet
  facet normal -0.318704 -0.938861 0.130258
    outer loop
      vertex 3.74802 0.563235 33.4705
      vertex 3.70881 0.468591 32.6924
      vertex 4.47692 0.315804 33.4705
    endloop
  endfacet
  facet normal -0.0648452 -0.989358 -0.130252
    outer loop
      vertex 6 0.012846 5.60758
      vertex 5.23189 0.165632 4.82946
      vertex 6 0.115288 4.82946
    endloop
  endfacet
  facet normal 0.318704 -0.938862 -0.130251
    outer loop
      vertex 36.5912 0.468591 5.60758
      vertex 35.8231 0.315804 4.82946
      vertex 36.552 0.563235 4.82946
    endloop
  endfacet
  facet normal -0.3187 -0.938864 -0.13025
    outer loop
      vertex 4.45041 0.216853 5.60758
      vertex 3.70881 0.468591 5.60758
      vertex 4.47692 0.315804 4.82946
    endloop
  endfacet
  facet normal 0 -0.965926 0.258818
    outer loop
      vertex 6 0.115288 33.4705
      vertex 34.3 0.318419 34.2286
      vertex 6 0.318419 34.2286
    endloop
  endfacet
  facet normal 0 -0.965926 0.258818
    outer loop
      vertex 34.3 0.318419 34.2286
      vertex 6 0.115288 33.4705
      vertex 34.3 0.115288 33.4705
    endloop
  endfacet
  facet normal -0.310529 -0.914796 0.258303
    outer loop
      vertex 4.5295 0.512014 34.2286
      vertex 3.82575 0.750903 34.2286
      vertex 4.47692 0.315804 33.4705
    endloop
  endfacet
  facet normal -0.0604423 -0.922191 0.381981
    outer loop
      vertex 6 0.618763 34.9537
      vertex 5.2584 0.367025 34.2286
      vertex 6 0.318419 34.2286
    endloop
  endfacet
  facet normal -0.278532 -0.820505 0.49919
    outer loop
      vertex 4.7088 1.18117 35.6334
      vertex 3.94069 1.02839 34.9537
      vertex 4.60723 0.802124 34.9537
    endloop
  endfacet
  facet normal -0.154903 -0.778747 0.607913
    outer loop
      vertex 4.83246 1.64267 36.2561
      vertex 4.7088 1.18117 35.6334
      vertex 5.34883 1.05386 35.6334
    endloop
  endfacet
  facet normal 0 -0.923879 -0.382685
    outer loop
      vertex 6 0.618763 3.34627
      vertex 34.3 0.318419 4.07136
      vertex 6 0.318419 4.07136
    endloop
  endfacet
  facet normal 0 -0.923879 -0.382685
    outer loop
      vertex 34.3 0.318419 4.07136
      vertex 6 0.618763 3.34627
      vertex 34.3 0.618763 3.34627
    endloop
  endfacet
  facet normal 0.318704 -0.938862 0.130254
    outer loop
      vertex 36.552 0.563235 33.4705
      vertex 35.8231 0.315804 33.4705
      vertex 36.5912 0.468591 32.6924
    endloop
  endfacet
  facet normal -0.0631829 -0.963996 -0.2583
    outer loop
      vertex 6 0.115288 4.82946
      vertex 5.23189 0.165632 4.82946
      vertex 6 0.318419 4.07136
    endloop
  endfacet
  facet normal -0.0631823 -0.963996 -0.2583
    outer loop
      vertex 6 0.318419 4.07136
      vertex 5.23189 0.165632 4.82946
      vertex 5.2584 0.367025 4.07136
    endloop
  endfacet
  facet normal 0.338622 -0.506899 0.79271
    outer loop
      vertex 36.6164 2.8 36.811
      vertex 36.1475 2.8 37.0113
      vertex 36.278 2.57394 36.811
    endloop
  endfacet
  facet normal -0.255222 -0.751868 0.607912
    outer loop
      vertex 4.2737 1.83234 36.2561
      vertex 4.09086 1.39093 35.6334
      vertex 4.7088 1.18117 35.6334
    endloop
  endfacet
  facet normal -0.351186 -0.712118 0.607912
    outer loop
      vertex 4.2737 1.83234 36.2561
      vertex 3.50559 1.67956 35.6334
      vertex 4.09086 1.39093 35.6334
    endloop
  endfacet
  facet normal -0.44229 -0.896872 0
    outer loop
      vertex 3.00642 0.814973 32.6924
      vertex 3.70881 0.468591 31.4866
      vertex 3.70881 0.468591 32.6924
    endloop
  endfacet
  facet normal -0.442305 -0.896865 -1.05741e-05
    outer loop
      vertex 3.00642 0.814973 32.6924
      vertex 3.6111 0.516779 31.4389
      vertex 3.70881 0.468591 31.4866
    endloop
  endfacet
  facet normal -0.442287 -0.896873 0
    outer loop
      vertex 3.00642 0.814973 32.6924
      vertex 3.6111 0.516779 12.8611
      vertex 3.6111 0.516779 31.4389
    endloop
  endfacet
  facet normal -0.442287 -0.896873 0
    outer loop
      vertex 3.00642 0.814973 5.60758
      vertex 3.6111 0.516779 12.8611
      vertex 3.00642 0.814973 32.6924
    endloop
  endfacet
  facet normal -0.442308 -0.896863 2.16937e-06
    outer loop
      vertex 3.00642 0.814973 5.60758
      vertex 3.70881 0.468591 12.8134
      vertex 3.6111 0.516779 12.8611
    endloop
  endfacet
  facet normal -0.44229 -0.896872 -0
    outer loop
      vertex 3.70881 0.468591 12.8134
      vertex 3.00642 0.814973 5.60758
      vertex 3.70881 0.468591 5.60758
    endloop
  endfacet
  facet normal -0.536712 -0.803255 0.258307
    outer loop
      vertex 2.54127 1.4925 34.2286
      vertex 2.41761 1.33134 33.4705
      vertex 3.15921 1.07961 34.2286
    endloop
  endfacet
  facet normal -0.0566715 -0.864638 0.499189
    outer loop
      vertex 6 1.01118 35.6334
      vertex 5.34883 1.05386 35.6334
      vertex 6 0.618763 34.9537
    endloop
  endfacet
  facet normal -0.169044 -0.849843 0.49919
    outer loop
      vertex 4.7088 1.18117 35.6334
      vertex 4.60723 0.802124 34.9537
      vertex 5.34883 1.05386 35.6334
    endloop
  endfacet
  facet normal -0.44112 -0.660195 0.607911
    outer loop
      vertex 3.25385 2.42115 36.2561
      vertex 2.963 2.0421 35.6334
      vertex 3.50559 1.67956 35.6334
    endloop
  endfacet
  facet normal -0.383231 -0.777135 0.499195
    outer loop
      vertex 3.50559 1.67956 35.6334
      vertex 3.30938 1.33971 34.9537
      vertex 3.94069 1.02839 34.9537
    endloop
  endfacet
  facet normal 0.278544 -0.820492 -0.499205
    outer loop
      vertex 35.6928 0.802124 3.34627
      vertex 35.5912 1.18117 2.66658
      vertex 36.3593 1.02839 3.34627
    endloop
  endfacet
  facet normal 0.0566686 -0.864635 -0.499194
    outer loop
      vertex 34.9512 1.05386 2.66658
      vertex 34.3 0.618763 3.34627
      vertex 34.3 1.01118 2.66658
    endloop
  endfacet
  facet normal 0.550878 -0.824361 0.130239
    outer loop
      vertex 37.9447 1.25007 32.6924
      vertex 37.2424 0.903689 33.4705
      vertex 37.2936 0.814973 32.6924
    endloop
  endfacet
  facet normal 0.278545 -0.820495 0.499199
    outer loop
      vertex 36.3593 1.02839 34.9537
      vertex 35.5912 1.18117 35.6334
      vertex 35.6928 0.802124 34.9537
    endloop
  endfacet
  facet normal 0.824397 -0.550834 0.130194
    outer loop
      vertex 39.2242 2.8 33.4705
      vertex 38.9687 2.41761 33.4705
      vertex 39.304 2.8 32.9652
    endloop
  endfacet
  facet normal 0.63695 -0.726353 0.258276
    outer loop
      vertex 38.3175 1.98252 34.2286
      vertex 37.7587 1.4925 34.2286
      vertex 38.4611 1.83888 33.4705
    endloop
  endfacet
  facet normal 0.726324 -0.636955 0.258342
    outer loop
      vertex 38.8075 2.54127 34.2286
      vertex 38.3175 1.98252 34.2286
      vertex 38.9687 2.41761 33.4705
    endloop
  endfacet
  facet normal 0.0398723 -0.60829 0.792713
    outer loop
      vertex 34.3 2.66658 37.2888
      vertex 34.3 2.04392 36.811
      vertex 34.7351 2.6951 37.2888
    endloop
  endfacet
  facet normal -0.0974952 -0.492599 0.864778
    outer loop
      vertex 5.13725 2.78016 37.2888
      vertex 5.52929 2.8 37.3443
      vertex 5.14256 2.8 37.3007
    endloop
  endfacet
  facet normal -0.0976853 -0.491125 0.865594
    outer loop
      vertex 5.52929 2.8 37.3443
      vertex 5.13725 2.78016 37.2888
      vertex 5.5649 2.6951 37.2888
    endloop
  endfacet
  facet normal 0.536732 -0.803233 0.258334
    outer loop
      vertex 37.7587 1.4925 34.2286
      vertex 37.1408 1.07961 34.2286
      vertex 37.8824 1.33134 33.4705
    endloop
  endfacet
  facet normal 0.513458 -0.768403 0.381993
    outer loop
      vertex 37.7587 1.4925 34.2286
      vertex 36.9906 1.33971 34.9537
      vertex 37.1408 1.07961 34.2286
    endloop
  endfacet
  facet normal 0.481385 -0.72047 0.49919
    outer loop
      vertex 37.337 2.0421 35.6334
      vertex 36.7944 1.67956 35.6334
      vertex 37.5759 1.73078 34.9537
    endloop
  endfacet
  facet normal 0.481385 -0.720471 0.49919
    outer loop
      vertex 37.5759 1.73078 34.9537
      vertex 36.7944 1.67956 35.6334
      vertex 36.9906 1.33971 34.9537
    endloop
  endfacet
  facet normal 0.0631823 -0.963997 0.258299
    outer loop
      vertex 35.0416 0.367025 34.2286
      vertex 34.3 0.318419 34.2286
      vertex 35.0681 0.165632 33.4705
    endloop
  endfacet
  facet normal 0 -0.499854 0.86611
    outer loop
      vertex 6 2.8 37.3658
      vertex 34.3 2.66658 37.2888
      vertex 34.3 2.8 37.3658
    endloop
  endfacet
  facet normal 0 -0.499854 0.86611
    outer loop
      vertex 34.3 2.66658 37.2888
      vertex 6 2.8 37.3658
      vertex 6 2.66658 37.2888
    endloop
  endfacet
  facet normal -0.313063 -0.634826 0.706391
    outer loop
      vertex 4.48608 2.34506 36.811
      vertex 4.02196 2.57394 36.811
      vertex 4.2737 1.83234 36.2561
    endloop
  endfacet
  facet normal -0.13809 -0.694265 -0.706348
    outer loop
      vertex 5.48363 2.07777 1.48896
      vertex 4.83246 1.64267 2.04392
      vertex 4.97609 2.17872 1.48896
    endloop
  endfacet
  facet normal -0.318704 -0.938862 -0.130255
    outer loop
      vertex 4.47692 0.315804 4.82946
      vertex 3.70881 0.468591 5.60758
      vertex 3.74802 0.563235 4.82946
    endloop
  endfacet
  facet normal -0.188472 -0.947501 -0.258302
    outer loop
      vertex 5.2584 0.367025 4.07136
      vertex 4.47692 0.315804 4.82946
      vertex 4.5295 0.512014 4.07136
    endloop
  endfacet
  facet normal -0.550837 -0.824387 -0.13025
    outer loop
      vertex 3.00642 0.814973 5.60758
      vertex 2.35525 1.25007 5.60758
      vertex 3.05764 0.903689 4.82946
    endloop
  endfacet
  facet normal -0.52351 -0.59695 -0.607937
    outer loop
      vertex 2.47237 2.47237 2.66658
      vertex 2.81224 2.8 2.0522
      vertex 2.963 2.0421 2.66658
    endloop
  endfacet
  facet normal -0.524022 -0.596472 -0.607965
    outer loop
      vertex 2.81224 2.8 2.0522
      vertex 2.47237 2.47237 2.66658
      vertex 2.8 2.8 2.06275
    endloop
  endfacet
  facet normal -0.154904 -0.77873 -0.607934
    outer loop
      vertex 5.34883 1.05386 2.66658
      vertex 4.83246 1.64267 2.04392
      vertex 5.41119 1.52755 2.04392
    endloop
  endfacet
  facet normal -0.609355 -0.694823 -0.381978
    outer loop
      vertex 2.54127 1.4925 4.07136
      vertex 1.98252 1.98252 4.07136
      vertex 2.19489 2.19489 3.34627
    endloop
  endfacet
  facet normal -0.745437 -0.653727 -0.130247
    outer loop
      vertex 1.76644 1.76644 5.60758
      vertex 1.25007 2.35525 5.60758
      vertex 1.33134 2.41761 4.82946
    endloop
  endfacet
  facet normal -0.278522 -0.82051 -0.499188
    outer loop
      vertex 4.7088 1.18117 2.66658
      vertex 3.94069 1.02839 3.34627
      vertex 4.09086 1.39093 2.66658
    endloop
  endfacet
  facet normal -0.169044 -0.84984 -0.499196
    outer loop
      vertex 5.34883 1.05386 2.66658
      vertex 4.60723 0.802124 3.34627
      vertex 4.7088 1.18117 2.66658
    endloop
  endfacet
  facet normal -0.0566712 -0.864635 -0.499194
    outer loop
      vertex 6 0.618763 3.34627
      vertex 5.34883 1.05386 2.66658
      vertex 6 1.01118 2.66658
    endloop
  endfacet
  facet normal -0.169041 -0.849842 -0.499194
    outer loop
      vertex 5.29761 0.664801 3.34627
      vertex 4.60723 0.802124 3.34627
      vertex 5.34883 1.05386 2.66658
    endloop
  endfacet
  facet normal -0.824393 -0.550831 -0.130236
    outer loop
      vertex 1.33134 2.41761 4.82946
      vertex 1.03075 2.8 5.11488
      vertex 1.07584 2.8 4.82946
    endloop
  endfacet
  facet normal -0.824395 -0.550825 -0.130247
    outer loop
      vertex 1.03075 2.8 5.11488
      vertex 1.33134 2.41761 4.82946
      vertex 1.25007 2.35525 5.60758
    endloop
  endfacet
  facet normal -0.803258 -0.53671 -0.2583
    outer loop
      vertex 1.33134 2.41761 4.82946
      vertex 1.07584 2.8 4.82946
      vertex 1.20154 2.8 4.43856
    endloop
  endfacet
  facet normal -0.321438 -0.946931 0
    outer loop
      vertex 3.70881 0.468591 5.60758
      vertex 4.45041 0.216853 12.5645
      vertex 3.70881 0.468591 12.8134
    endloop
  endfacet
  facet normal -0.321438 -0.946931 -0
    outer loop
      vertex 4.45041 0.216853 12.5645
      vertex 3.70881 0.468591 5.60758
      vertex 4.45041 0.216853 5.60758
    endloop
  endfacet
  facet normal -0.321438 -0.946931 0
    outer loop
      vertex 3.70881 0.468591 32.6924
      vertex 4.45041 0.216853 31.7355
      vertex 4.45041 0.216853 32.6924
    endloop
  endfacet
  facet normal -0.321438 -0.946931 0
    outer loop
      vertex 4.45041 0.216853 31.7355
      vertex 3.70881 0.468591 32.6924
      vertex 3.70881 0.468591 31.4866
    endloop
  endfacet
  facet normal -0.188472 -0.947501 0.258302
    outer loop
      vertex 4.5295 0.512014 34.2286
      vertex 4.47692 0.315804 33.4705
      vertex 5.2584 0.367025 34.2286
    endloop
  endfacet
  facet normal -0.193427 -0.97243 0.130254
    outer loop
      vertex 4.47692 0.315804 33.4705
      vertex 4.45041 0.216853 32.6924
      vertex 5.23189 0.165632 33.4705
    endloop
  endfacet
  facet normal 0 -0.793375 0.608734
    outer loop
      vertex 6 1.01118 35.6334
      vertex 34.3 1.48896 36.2561
      vertex 6 1.48896 36.2561
    endloop
  endfacet
  facet normal 0 -0.793375 0.608734
    outer loop
      vertex 34.3 1.48896 36.2561
      vertex 6 1.01118 35.6334
      vertex 34.3 1.01118 35.6334
    endloop
  endfacet
  facet normal -0.169042 -0.849845 0.499188
    outer loop
      vertex 5.34883 1.05386 35.6334
      vertex 4.60723 0.802124 34.9537
      vertex 5.29761 0.664801 34.9537
    endloop
  endfacet
  facet normal 0.745386 -0.653773 -0.130314
    outer loop
      vertex 38.5336 1.76644 5.60758
      vertex 38.4611 1.83888 4.82946
      vertex 38.9687 2.41761 4.82946
    endloop
  endfacet
  facet normal 0.064846 -0.989358 -0.130252
    outer loop
      vertex 35.0681 0.165632 4.82946
      vertex 34.3 0.012846 5.60758
      vertex 34.3 0.115288 4.82946
    endloop
  endfacet
  facet normal 0.659287 -0.751891 0
    outer loop
      vertex 37.9447 1.25007 5.60758
      vertex 38.5336 1.76644 32.6924
      vertex 37.9447 1.25007 32.6924
    endloop
  endfacet
  facet normal 0.659287 -0.751891 0
    outer loop
      vertex 38.5336 1.76644 32.6924
      vertex 37.9447 1.25007 5.60758
      vertex 38.5336 1.76644 5.60758
    endloop
  endfacet
  facet normal 0.3187 -0.938864 0.130249
    outer loop
      vertex 36.5912 0.468591 32.6924
      vertex 35.8231 0.315804 33.4705
      vertex 35.8496 0.216853 32.6924
    endloop
  endfacet
  facet normal 0.169051 -0.849835 -0.499201
    outer loop
      vertex 35.6928 0.802124 3.34627
      vertex 34.9512 1.05386 2.66658
      vertex 35.5912 1.18117 2.66658
    endloop
  endfacet
  facet normal -0.0604422 -0.92219 -0.381986
    outer loop
      vertex 6 0.318419 4.07136
      vertex 5.2584 0.367025 4.07136
      vertex 6 0.618763 3.34627
    endloop
  endfacet
  facet normal -0.438522 -0.889231 0.130253
    outer loop
      vertex 3.05764 0.903689 33.4705
      vertex 3.00642 0.814973 32.6924
      vertex 3.70881 0.468591 32.6924
    endloop
  endfacet
  facet normal -0.438516 -0.889233 0.130259
    outer loop
      vertex 3.74802 0.563235 33.4705
      vertex 3.05764 0.903689 33.4705
      vertex 3.70881 0.468591 32.6924
    endloop
  endfacet
  facet normal -0.72632 -0.636975 0.258306
    outer loop
      vertex 1.4925 2.54127 34.2286
      vertex 1.33134 2.41761 33.4705
      vertex 1.83888 1.83888 33.4705
    endloop
  endfacet
  facet normal -0.571317 -0.651467 0.499186
    outer loop
      vertex 2.963 2.0421 35.6334
      vertex 2.19489 2.19489 34.9537
      vertex 2.72411 1.73078 34.9537
    endloop
  endfacet
  facet normal -0.653727 -0.745437 0.130251
    outer loop
      vertex 2.41761 1.33134 33.4705
      vertex 1.76644 1.76644 32.6924
      vertex 2.35525 1.25007 32.6924
    endloop
  endfacet
  facet normal -0.555569 -0.83147 0
    outer loop
      vertex 2.35525 1.25007 5.60758
      vertex 3.00642 0.814973 32.6924
      vertex 2.35525 1.25007 32.6924
    endloop
  endfacet
  facet normal -0.555569 -0.83147 -0
    outer loop
      vertex 3.00642 0.814973 32.6924
      vertex 2.35525 1.25007 5.60758
      vertex 3.00642 0.814973 5.60758
    endloop
  endfacet
  facet normal -0.0519304 -0.792304 0.607912
    outer loop
      vertex 6 1.48896 36.2561
      vertex 5.34883 1.05386 35.6334
      vertex 6 1.01118 35.6334
    endloop
  endfacet
  facet normal -0.0519269 -0.792306 0.60791
    outer loop
      vertex 5.41119 1.52755 36.2561
      vertex 5.34883 1.05386 35.6334
      vertex 6 1.48896 36.2561
    endloop
  endfacet
  facet normal -0.80325 -0.536721 0.2583
    outer loop
      vertex 1.20154 2.8 33.8614
      vertex 1.4925 2.54127 34.2286
      vertex 1.31962 2.8 34.2286
    endloop
  endfacet
  facet normal -0.803253 -0.536715 0.258307
    outer loop
      vertex 1.4925 2.54127 34.2286
      vertex 1.20154 2.8 33.8614
      vertex 1.33134 2.41761 33.4705
    endloop
  endfacet
  facet normal 0.0631823 -0.963997 -0.258299
    outer loop
      vertex 35.0681 0.165632 4.82946
      vertex 34.3 0.318419 4.07136
      vertex 35.0416 0.367025 4.07136
    endloop
  endfacet
  facet normal 0.154911 -0.778724 -0.60794
    outer loop
      vertex 34.9512 1.05386 2.66658
      vertex 34.8888 1.52755 2.04392
      vertex 35.4675 1.64267 2.04392
    endloop
  endfacet
  facet normal 0.0462939 -0.706345 -0.706352
    outer loop
      vertex 34.8888 1.52755 2.04392
      vertex 34.3 1.48896 2.04392
      vertex 34.8164 2.07777 1.48896
    endloop
  endfacet
  facet normal 0.768419 -0.513359 -0.382092
    outer loop
      vertex 38.859 2.8 3.82712
      vertex 38.5692 2.72411 3.34627
      vertex 38.6199 2.8 3.34627
    endloop
  endfacet
  facet normal 0.768332 -0.513551 -0.382009
    outer loop
      vertex 38.5692 2.72411 3.34627
      vertex 38.859 2.8 3.82712
      vertex 38.8075 2.54127 4.07136
    endloop
  endfacet
  facet normal 0.138108 -0.694261 -0.706348
    outer loop
      vertex 34.8888 1.52755 2.04392
      vertex 34.8164 2.07777 1.48896
      vertex 35.4675 1.64267 2.04392
    endloop
  endfacet
  facet normal 0.803258 -0.53671 -0.2583
    outer loop
      vertex 39.2242 2.8 4.82946
      vertex 38.9687 2.41761 4.82946
      vertex 39.0985 2.8 4.43856
    endloop
  endfacet
  facet normal 0.321438 -0.946931 0
    outer loop
      vertex 35.8496 0.216853 31.7355
      vertex 36.5912 0.468591 32.6924
      vertex 35.8496 0.216853 32.6924
    endloop
  endfacet
  facet normal 0.321438 -0.946931 0
    outer loop
      vertex 36.5912 0.468591 32.6924
      vertex 35.8496 0.216853 31.7355
      vertex 36.5912 0.468591 31.4866
    endloop
  endfacet
  facet normal 0.321438 -0.946931 0
    outer loop
      vertex 36.5912 0.468591 5.60758
      vertex 35.8496 0.216853 12.5645
      vertex 35.8496 0.216853 5.60758
    endloop
  endfacet
  facet normal 0.321438 -0.946931 0
    outer loop
      vertex 35.8496 0.216853 12.5645
      vertex 36.5912 0.468591 5.60758
      vertex 36.5912 0.468591 12.8134
    endloop
  endfacet
  facet normal 0.768407 -0.513352 0.382126
    outer loop
      vertex 38.5692 2.72411 34.9537
      vertex 38.859 2.8 34.4729
      vertex 38.6199 2.8 34.9537
    endloop
  endfacet
  facet normal 0.768282 -0.513627 0.382007
    outer loop
      vertex 38.859 2.8 34.4729
      vertex 38.5692 2.72411 34.9537
      vertex 38.8075 2.54127 34.2286
    endloop
  endfacet
  facet normal 0.726289 -0.637023 0.258274
    outer loop
      vertex 38.9687 2.41761 33.4705
      vertex 38.3175 1.98252 34.2286
      vertex 38.4611 1.83888 33.4705
    endloop
  endfacet
  facet normal 0.636988 -0.726297 0.258337
    outer loop
      vertex 38.4611 1.83888 33.4705
      vertex 37.7587 1.4925 34.2286
      vertex 37.8824 1.33134 33.4705
    endloop
  endfacet
  facet normal 0.427252 -0.866444 0.258323
    outer loop
      vertex 37.1408 1.07961 34.2286
      vertex 36.4742 0.750903 34.2286
      vertex 37.2424 0.903689 33.4705
    endloop
  endfacet
  facet normal 0.408728 -0.828879 0.381969
    outer loop
      vertex 37.1408 1.07961 34.2286
      vertex 36.3593 1.02839 34.9537
      vertex 36.4742 0.750903 34.2286
    endloop
  endfacet
  facet normal 0.60932 -0.694845 0.381994
    outer loop
      vertex 38.1051 2.19489 34.9537
      vertex 37.7587 1.4925 34.2286
      vertex 38.3175 1.98252 34.2286
    endloop
  endfacet
  facet normal 0.597005 -0.523516 0.607879
    outer loop
      vertex 38.1149 2.8 35.6334
      vertex 37.5 2.8 36.2373
      vertex 37.8276 2.47237 35.6334
    endloop
  endfacet
  facet normal 0.441104 -0.660185 0.607934
    outer loop
      vertex 37.0461 2.42115 36.2561
      vertex 36.7944 1.67956 35.6334
      vertex 37.337 2.0421 35.6334
    endloop
  endfacet
  facet normal 0.269718 -0.546742 0.79267
    outer loop
      vertex 35.9044 2.8 37.094
      vertex 35.6255 2.8 37.1889
      vertex 35.8139 2.34506 36.811
    endloop
  endfacet
  facet normal 0.118908 -0.597896 0.792705
    outer loop
      vertex 35.1628 2.78016 37.2888
      vertex 34.7351 2.6951 37.2888
      vertex 35.3239 2.17872 36.811
    endloop
  endfacet
  facet normal 0.0604423 -0.922191 0.381981
    outer loop
      vertex 34.3 0.618763 34.9537
      vertex 34.3 0.318419 34.2286
      vertex 35.0416 0.367025 34.2286
    endloop
  endfacet
  facet normal 0.188472 -0.9475 0.258307
    outer loop
      vertex 35.7705 0.512014 34.2286
      vertex 35.0416 0.367025 34.2286
      vertex 35.8231 0.315804 33.4705
    endloop
  endfacet
  facet normal 0.227507 -0.670274 0.70638
    outer loop
      vertex 36.0263 1.83234 36.2561
      vertex 35.3239 2.17872 36.811
      vertex 35.4675 1.64267 36.2561
    endloop
  endfacet
  facet normal 0.154909 -0.778741 0.607919
    outer loop
      vertex 35.4675 1.64267 36.2561
      vertex 34.9512 1.05386 35.6334
      vertex 35.5912 1.18117 35.6334
    endloop
  endfacet
  facet normal -0.0398723 -0.60829 0.792713
    outer loop
      vertex 6 2.66658 37.2888
      vertex 5.5649 2.6951 37.2888
      vertex 6 2.04392 36.811
    endloop
  endfacet
  facet normal 0.466711 -0.532187 0.70637
    outer loop
      vertex 37.4781 2.8 36.2561
      vertex 36.7554 2.8 36.7336
      vertex 37.0461 2.42115 36.2561
    endloop
  endfacet
  facet normal 0.0981131 -0.49121 0.865498
    outer loop
      vertex 34.7707 2.8 37.3443
      vertex 34.7213 2.8 37.3499
      vertex 34.7351 2.6951 37.2888
    endloop
  endfacet
  facet normal -0.032753 -0.499727 -0.865564
    outer loop
      vertex 6 2.66658 1.01118
      vertex 5.63499 2.8 0.947963
      vertex 6 2.8 0.934151
    endloop
  endfacet
  facet normal -0.0327567 -0.499734 -0.865559
    outer loop
      vertex 5.63499 2.8 0.947963
      vertex 6 2.66658 1.01118
      vertex 5.5649 2.6951 1.01118
    endloop
  endfacet
  facet normal -0.297062 -0.875124 -0.381984
    outer loop
      vertex 4.5295 0.512014 4.07136
      vertex 3.82575 0.750903 4.07136
      vertex 4.60723 0.802124 3.34627
    endloop
  endfacet
  facet normal -0.180298 -0.906411 -0.381985
    outer loop
      vertex 5.2584 0.367025 4.07136
      vertex 4.5295 0.512014 4.07136
      vertex 4.60723 0.802124 3.34627
    endloop
  endfacet
  facet normal -0.438517 -0.889234 -0.130256
    outer loop
      vertex 3.70881 0.468591 5.60758
      vertex 3.05764 0.903689 4.82946
      vertex 3.74802 0.563235 4.82946
    endloop
  endfacet
  facet normal -0.427276 -0.86644 -0.258297
    outer loop
      vertex 3.74802 0.563235 4.82946
      vertex 3.05764 0.903689 4.82946
      vertex 3.82575 0.750903 4.07136
    endloop
  endfacet
  facet normal -0.636975 -0.72632 -0.258306
    outer loop
      vertex 2.41761 1.33134 4.82946
      vertex 1.83888 1.83888 4.82946
      vertex 2.54127 1.4925 4.07136
    endloop
  endfacet
  facet normal -0.408754 -0.828856 -0.381992
    outer loop
      vertex 3.82575 0.750903 4.07136
      vertex 3.15921 1.07961 4.07136
      vertex 3.94069 1.02839 3.34627
    endloop
  endfacet
  facet normal -0.227539 -0.670293 -0.706352
    outer loop
      vertex 4.97609 2.17872 1.48896
      vertex 4.2737 1.83234 2.04392
      vertex 4.48608 2.34506 1.48896
    endloop
  endfacet
  facet normal -0.408742 -0.828868 -0.381979
    outer loop
      vertex 3.94069 1.02839 3.34627
      vertex 3.15921 1.07961 4.07136
      vertex 3.30938 1.33971 3.34627
    endloop
  endfacet
  facet normal -0.571315 -0.651465 -0.499192
    outer loop
      vertex 2.72411 1.73078 3.34627
      vertex 2.19489 2.19489 3.34627
      vertex 2.963 2.0421 2.66658
    endloop
  endfacet
  facet normal -0.768418 -0.513447 -0.381975
    outer loop
      vertex 1.4925 2.54127 4.07136
      vertex 1.31962 2.8 4.07136
      vertex 1.44103 2.8 3.82712
    endloop
  endfacet
  facet normal -0.351178 -0.712101 -0.607936
    outer loop
      vertex 4.09086 1.39093 2.66658
      vertex 3.50559 1.67956 2.66658
      vertex 4.2737 1.83234 2.04392
    endloop
  endfacet
  facet normal -0.046293 -0.706344 -0.706354
    outer loop
      vertex 6 1.48896 2.04392
      vertex 5.41119 1.52755 2.04392
      vertex 5.48363 2.07777 1.48896
    endloop
  endfacet
  facet normal -0.255214 -0.75185 -0.607937
    outer loop
      vertex 4.7088 1.18117 2.66658
      vertex 4.2737 1.83234 2.04392
      vertex 4.83246 1.64267 2.04392
    endloop
  endfacet
  facet normal -0.154899 -0.778729 -0.607937
    outer loop
      vertex 5.34883 1.05386 2.66658
      vertex 4.7088 1.18117 2.66658
      vertex 4.83246 1.64267 2.04392
    endloop
  endfacet
  facet normal -0.0631823 -0.963996 0.2583
    outer loop
      vertex 5.2584 0.367025 34.2286
      vertex 5.23189 0.165632 33.4705
      vertex 6 0.318419 34.2286
    endloop
  endfacet
  facet normal -0.19509 -0.980785 0
    outer loop
      vertex 4.45041 0.216853 5.60758
      vertex 5.21852 0.0640669 12.4134
      vertex 4.45041 0.216853 12.5645
    endloop
  endfacet
  facet normal -0.19509 -0.980785 -0
    outer loop
      vertex 5.21852 0.0640669 12.4134
      vertex 4.45041 0.216853 5.60758
      vertex 5.21852 0.0640669 5.60758
    endloop
  endfacet
  facet normal -0.19509 -0.980785 0
    outer loop
      vertex 4.45041 0.216853 32.6924
      vertex 5.21852 0.0640669 31.8866
      vertex 5.21852 0.0640669 32.6924
    endloop
  endfacet
  facet normal -0.19509 -0.980785 0
    outer loop
      vertex 5.21852 0.0640669 31.8866
      vertex 4.45041 0.216853 32.6924
      vertex 4.45041 0.216853 31.7355
    endloop
  endfacet
  facet normal 0.694828 -0.609335 -0.382002
    outer loop
      vertex 38.3175 1.98252 4.07136
      vertex 38.1051 2.19489 3.34627
      vertex 38.8075 2.54127 4.07136
    endloop
  endfacet
  facet normal 0.824363 -0.550873 -0.130247
    outer loop
      vertex 39.0499 2.35525 5.60758
      vertex 39.304 2.8 5.33479
      vertex 39.3471 2.8 5.60758
    endloop
  endfacet
  facet normal 0.824393 -0.550846 -0.130175
    outer loop
      vertex 39.304 2.8 5.33479
      vertex 39.0499 2.35525 5.60758
      vertex 38.9687 2.41761 4.82946
    endloop
  endfacet
  facet normal 0.188472 -0.9475 -0.258307
    outer loop
      vertex 35.8231 0.315804 4.82946
      vertex 35.0416 0.367025 4.07136
      vertex 35.7705 0.512014 4.07136
    endloop
  endfacet
  facet normal 0.726324 -0.636955 -0.258342
    outer loop
      vertex 38.9687 2.41761 4.82946
      vertex 38.3175 1.98252 4.07136
      vertex 38.8075 2.54127 4.07136
    endloop
  endfacet
  facet normal 0.609319 -0.694844 -0.381998
    outer loop
      vertex 38.3175 1.98252 4.07136
      vertex 37.7587 1.4925 4.07136
      vertex 38.1051 2.19489 3.34627
    endloop
  endfacet
  facet normal -0.0566723 -0.864635 -0.499194
    outer loop
      vertex 6 0.618763 3.34627
      vertex 5.29761 0.664801 3.34627
      vertex 5.34883 1.05386 2.66658
    endloop
  endfacet
  facet normal -0.0604446 -0.922189 -0.381988
    outer loop
      vertex 6 0.618763 3.34627
      vertex 5.2584 0.367025 4.07136
      vertex 5.29761 0.664801 3.34627
    endloop
  endfacet
  facet normal -0.427285 -0.866432 0.258308
    outer loop
      vertex 3.15921 1.07961 34.2286
      vertex 3.05764 0.903689 33.4705
      vertex 3.82575 0.750903 34.2286
    endloop
  endfacet
  facet normal -0.408755 -0.828858 0.381988
    outer loop
      vertex 3.94069 1.02839 34.9537
      vertex 3.15921 1.07961 34.2286
      vertex 3.82575 0.750903 34.2286
    endloop
  endfacet
  facet normal -0.481393 -0.720469 0.499185
    outer loop
      vertex 2.963 2.0421 35.6334
      vertex 2.72411 1.73078 34.9537
      vertex 3.50559 1.67956 35.6334
    endloop
  endfacet
  facet normal -0.571318 -0.651465 0.499188
    outer loop
      vertex 2.47237 2.47237 35.6334
      vertex 2.19489 2.19489 34.9537
      vertex 2.963 2.0421 35.6334
    endloop
  endfacet
  facet normal -0.466717 -0.532182 0.70637
    outer loop
      vertex 3.54455 2.8 36.7336
      vertex 2.82186 2.8 36.2561
      vertex 3.25385 2.42115 36.2561
    endloop
  endfacet
  facet normal -0.441117 -0.660195 0.607913
    outer loop
      vertex 3.74448 2.09333 36.2561
      vertex 3.25385 2.42115 36.2561
      vertex 3.50559 1.67956 35.6334
    endloop
  endfacet
  facet normal -0.31307 -0.634826 0.706387
    outer loop
      vertex 4.02196 2.57394 36.811
      vertex 3.74448 2.09333 36.2561
      vertex 4.2737 1.83234 36.2561
    endloop
  endfacet
  facet normal 0.0463011 -0.706348 -0.706348
    outer loop
      vertex 34.8164 2.07777 1.48896
      vertex 34.3 1.48896 2.04392
      vertex 34.3 2.04392 1.48896
    endloop
  endfacet
  facet normal 0 -0.866027 -0.499998
    outer loop
      vertex 6 1.01118 2.66658
      vertex 34.3 0.618763 3.34627
      vertex 6 0.618763 3.34627
    endloop
  endfacet
  facet normal 0 -0.866027 -0.499998
    outer loop
      vertex 34.3 0.618763 3.34627
      vertex 6 1.01118 2.66658
      vertex 34.3 1.01118 2.66658
    endloop
  endfacet
  facet normal 0.46672 -0.532198 -0.706355
    outer loop
      vertex 37.0461 2.42115 2.04392
      vertex 36.7554 2.8 1.5664
      vertex 37.4781 2.8 2.04392
    endloop
  endfacet
  facet normal 0.118905 -0.59788 -0.792718
    outer loop
      vertex 35.3239 2.17872 1.48896
      vertex 34.7351 2.6951 1.01118
      vertex 35.1628 2.78016 1.01118
    endloop
  endfacet
  facet normal 0.720269 -0.48167 -0.499206
    outer loop
      vertex 38.5692 2.72411 3.34627
      vertex 38.4703 2.8 3.13035
      vertex 38.5742 2.8 3.28026
    endloop
  endfacet
  facet normal 0.438518 -0.889235 0.130242
    outer loop
      vertex 37.2424 0.903689 33.4705
      vertex 36.5912 0.468591 32.6924
      vertex 37.2936 0.814973 32.6924
    endloop
  endfacet
  facet normal 0.651464 -0.571353 0.49915
    outer loop
      vertex 38.1051 2.19489 34.9537
      vertex 38.4703 2.8 35.1697
      vertex 38.2255 2.8 35.4892
    endloop
  endfacet
  facet normal 0.651529 -0.571359 0.499058
    outer loop
      vertex 38.4703 2.8 35.1697
      vertex 38.1051 2.19489 34.9537
      vertex 38.5692 2.72411 34.9537
    endloop
  endfacet
  facet normal 0.768432 -0.513515 0.381857
    outer loop
      vertex 38.859 2.8 34.4729
      vertex 38.8075 2.54127 34.2286
      vertex 38.9804 2.8 34.2286
    endloop
  endfacet
  facet normal 0.653748 -0.745408 0.13031
    outer loop
      vertex 38.4611 1.83888 33.4705
      vertex 37.8824 1.33134 33.4705
      vertex 38.5336 1.76644 32.6924
    endloop
  endfacet
  facet normal 0.745385 -0.653772 0.130317
    outer loop
      vertex 38.9687 2.41761 33.4705
      vertex 38.4611 1.83888 33.4705
      vertex 38.5336 1.76644 32.6924
    endloop
  endfacet
  facet normal 0.310548 -0.914787 0.258311
    outer loop
      vertex 36.4742 0.750903 34.2286
      vertex 35.7705 0.512014 34.2286
      vertex 35.8231 0.315804 33.4705
    endloop
  endfacet
  facet normal 0.180299 -0.906415 0.381974
    outer loop
      vertex 35.6928 0.802124 34.9537
      vertex 35.0416 0.367025 34.2286
      vertex 35.7705 0.512014 34.2286
    endloop
  endfacet
  facet normal 0.392734 -0.588664 0.706566
    outer loop
      vertex 36.6164 2.8 36.811
      vertex 36.5555 2.09333 36.2561
      vertex 36.6961 2.8 36.7667
    endloop
  endfacet
  facet normal 0.393179 -0.588569 0.706397
    outer loop
      vertex 36.5555 2.09333 36.2561
      vertex 36.6164 2.8 36.811
      vertex 36.278 2.57394 36.811
    endloop
  endfacet
  facet normal 0.513433 -0.768436 0.381959
    outer loop
      vertex 37.5759 1.73078 34.9537
      vertex 36.9906 1.33971 34.9537
      vertex 37.7587 1.4925 34.2286
    endloop
  endfacet
  facet normal 0.72049 -0.481491 0.499059
    outer loop
      vertex 38.5742 2.8 35.0197
      vertex 38.4703 2.8 35.1697
      vertex 38.5692 2.72411 34.9537
    endloop
  endfacet
  facet normal 0.694829 -0.609336 0.381998
    outer loop
      vertex 38.8075 2.54127 34.2286
      vertex 38.1051 2.19489 34.9537
      vertex 38.3175 1.98252 34.2286
    endloop
  endfacet
  facet normal 0.523163 -0.597326 0.607866
    outer loop
      vertex 37.4878 2.8 36.2478
      vertex 37.8276 2.47237 35.6334
      vertex 37.5 2.8 36.2373
    endloop
  endfacet
  facet normal 0.523553 -0.596963 0.607888
    outer loop
      vertex 37.8276 2.47237 35.6334
      vertex 37.4878 2.8 36.2478
      vertex 37.337 2.0421 35.6334
    endloop
  endfacet
  facet normal 0.521289 -0.597589 0.609217
    outer loop
      vertex 37.4781 2.8 36.2561
      vertex 37.337 2.0421 35.6334
      vertex 37.4878 2.8 36.2478
    endloop
  endfacet
  facet normal 0.523507 -0.596952 0.607938
    outer loop
      vertex 37.337 2.0421 35.6334
      vertex 37.4781 2.8 36.2561
      vertex 37.0461 2.42115 36.2561
    endloop
  endfacet
  facet normal 0.138093 -0.694229 0.706383
    outer loop
      vertex 35.3239 2.17872 36.811
      vertex 34.8164 2.07777 36.811
      vertex 35.4675 1.64267 36.2561
    endloop
  endfacet
  facet normal 0.118928 -0.597881 0.792714
    outer loop
      vertex 35.3239 2.17872 36.811
      vertex 34.7351 2.6951 37.2888
      vertex 34.8164 2.07777 36.811
    endloop
  endfacet
  facet normal 0.195903 -0.577259 0.792713
    outer loop
      vertex 35.2212 2.8 37.2888
      vertex 35.3239 2.17872 36.811
      vertex 35.5348 2.8 37.2113
    endloop
  endfacet
  facet normal 0.196095 -0.577215 0.792698
    outer loop
      vertex 35.3239 2.17872 36.811
      vertex 35.2212 2.8 37.2888
      vertex 35.1628 2.78016 37.2888
    endloop
  endfacet
  facet normal 0.169051 -0.849838 0.499196
    outer loop
      vertex 35.5912 1.18117 35.6334
      vertex 34.9512 1.05386 35.6334
      vertex 35.6928 0.802124 34.9537
    endloop
  endfacet
  facet normal 0.0566718 -0.864639 0.499187
    outer loop
      vertex 34.9512 1.05386 35.6334
      vertex 34.3 0.618763 34.9537
      vertex 35.0024 0.664801 34.9537
    endloop
  endfacet
  facet normal 0 -0.86603 0.499992
    outer loop
      vertex 6 0.618763 34.9537
      vertex 34.3 1.01118 35.6334
      vertex 6 1.01118 35.6334
    endloop
  endfacet
  facet normal 0 -0.86603 0.499992
    outer loop
      vertex 34.3 1.01118 35.6334
      vertex 6 0.618763 34.9537
      vertex 34.3 0.618763 34.9537
    endloop
  endfacet
  facet normal 0 -0.923881 0.382681
    outer loop
      vertex 6 0.318419 34.2286
      vertex 34.3 0.618763 34.9537
      vertex 6 0.618763 34.9537
    endloop
  endfacet
  facet normal 0 -0.923881 0.382681
    outer loop
      vertex 34.3 0.618763 34.9537
      vertex 6 0.318419 34.2286
      vertex 34.3 0.318419 34.2286
    endloop
  endfacet
  facet normal 0.38323 -0.777135 0.499196
    outer loop
      vertex 36.7944 1.67956 35.6334
      vertex 36.2091 1.39093 35.6334
      vertex 36.3593 1.02839 34.9537
    endloop
  endfacet
  facet normal 0.351176 -0.712134 0.607898
    outer loop
      vertex 36.7944 1.67956 35.6334
      vertex 36.0263 1.83234 36.2561
      vertex 36.2091 1.39093 35.6334
    endloop
  endfacet
  facet normal 0.22753 -0.670251 0.706395
    outer loop
      vertex 35.8139 2.34506 36.811
      vertex 35.3239 2.17872 36.811
      vertex 36.0263 1.83234 36.2561
    endloop
  endfacet
  facet normal 0.269672 -0.546704 0.792712
    outer loop
      vertex 35.9044 2.8 37.094
      vertex 36.278 2.57394 36.811
      vertex 36.1475 2.8 37.0113
    endloop
  endfacet
  facet normal 0.269637 -0.546743 0.792697
    outer loop
      vertex 36.278 2.57394 36.811
      vertex 35.9044 2.8 37.094
      vertex 35.8139 2.34506 36.811
    endloop
  endfacet
  facet normal -0.11892 -0.597885 0.792711
    outer loop
      vertex 5.13725 2.78016 37.2888
      vertex 4.97609 2.17872 36.811
      vertex 5.5649 2.6951 37.2888
    endloop
  endfacet
  facet normal -0.161426 -0.475491 0.864783
    outer loop
      vertex 5.14256 2.8 37.3007
      vertex 5.07881 2.8 37.2888
      vertex 5.13725 2.78016 37.2888
    endloop
  endfacet
  facet normal 0.0322832 -0.499871 0.865498
    outer loop
      vertex 34.7213 2.8 37.3499
      vertex 34.665 2.8 37.352
      vertex 34.7351 2.6951 37.2888
    endloop
  endfacet
  facet normal -0.659344 -0.751841 0
    outer loop
      vertex 1.76644 1.76644 5.60758
      vertex 2.35525 1.25007 32.6924
      vertex 1.76644 1.76644 32.6924
    endloop
  endfacet
  facet normal -0.659344 -0.751841 -0
    outer loop
      vertex 2.35525 1.25007 32.6924
      vertex 1.76644 1.76644 5.60758
      vertex 2.35525 1.25007 5.60758
    endloop
  endfacet
  facet normal -0.0327584 -0.499733 -0.86556
    outer loop
      vertex 5.63499 2.8 0.947963
      vertex 5.5649 2.6951 1.01118
      vertex 5.57871 2.8 0.950093
    endloop
  endfacet
  facet normal -0.0398713 -0.608274 -0.792725
    outer loop
      vertex 6 2.04392 1.48896
      vertex 5.5649 2.6951 1.01118
      vertex 6 2.66658 1.01118
    endloop
  endfacet
  facet normal -0.255216 -0.75185 -0.607936
    outer loop
      vertex 4.7088 1.18117 2.66658
      vertex 4.09086 1.39093 2.66658
      vertex 4.2737 1.83234 2.04392
    endloop
  endfacet
  facet normal -0.513438 -0.768422 -0.38198
    outer loop
      vertex 3.15921 1.07961 4.07136
      vertex 2.54127 1.4925 4.07136
      vertex 3.30938 1.33971 3.34627
    endloop
  endfacet
  facet normal -0.651474 -0.57132 -0.499174
    outer loop
      vertex 2.47237 2.47237 2.66658
      vertex 2.07453 2.8 2.81082
      vertex 2.18505 2.8 2.66658
    endloop
  endfacet
  facet normal -0.651471 -0.571308 -0.499193
    outer loop
      vertex 2.07453 2.8 2.81082
      vertex 2.47237 2.47237 2.66658
      vertex 2.19489 2.19489 3.34627
    endloop
  endfacet
  facet normal -0.571316 -0.651463 -0.499193
    outer loop
      vertex 2.963 2.0421 2.66658
      vertex 2.19489 2.19489 3.34627
      vertex 2.47237 2.47237 2.66658
    endloop
  endfacet
  facet normal -0.118917 -0.59787 -0.792723
    outer loop
      vertex 5.48363 2.07777 1.48896
      vertex 4.97609 2.17872 1.48896
      vertex 5.5649 2.6951 1.01118
    endloop
  endfacet
  facet normal -0.513444 -0.768414 -0.381988
    outer loop
      vertex 3.30938 1.33971 3.34627
      vertex 2.54127 1.4925 4.07136
      vertex 2.72411 1.73078 3.34627
    endloop
  endfacet
  facet normal -0.536713 -0.803254 -0.258308
    outer loop
      vertex 3.05764 0.903689 4.82946
      vertex 2.41761 1.33134 4.82946
      vertex 3.15921 1.07961 4.07136
    endloop
  endfacet
  facet normal -0.72632 -0.636975 -0.258306
    outer loop
      vertex 1.83888 1.83888 4.82946
      vertex 1.33134 2.41761 4.82946
      vertex 1.4925 2.54127 4.07136
    endloop
  endfacet
  facet normal -0.74543 -0.653734 -0.130257
    outer loop
      vertex 1.76644 1.76644 5.60758
      vertex 1.33134 2.41761 4.82946
      vertex 1.83888 1.83888 4.82946
    endloop
  endfacet
  facet normal -0.227532 -0.6703 -0.706348
    outer loop
      vertex 4.83246 1.64267 2.04392
      vertex 4.2737 1.83234 2.04392
      vertex 4.97609 2.17872 1.48896
    endloop
  endfacet
  facet normal -0.0398748 -0.608276 -0.792724
    outer loop
      vertex 6 2.04392 1.48896
      vertex 5.48363 2.07777 1.48896
      vertex 5.5649 2.6951 1.01118
    endloop
  endfacet
  facet normal -0.33867 -0.506851 -0.79272
    outer loop
      vertex 4.02196 2.57394 1.48896
      vertex 3.68364 2.8 1.48896
      vertex 4.15248 2.8 1.28866
    endloop
  endfacet
  facet normal -0.0976959 -0.491178 -0.865563
    outer loop
      vertex 5.13725 2.78016 1.01118
      vertex 5.52929 2.8 0.955672
      vertex 5.5649 2.6951 1.01118
    endloop
  endfacet
  facet normal -0.0977084 -0.491081 -0.865617
    outer loop
      vertex 5.52929 2.8 0.955672
      vertex 5.13725 2.78016 1.01118
      vertex 5.14256 2.8 0.999325
    endloop
  endfacet
  facet normal 0.0327467 -0.499737 -0.865558
    outer loop
      vertex 34.7351 2.6951 1.01118
      vertex 34.665 2.8 0.947963
      vertex 34.7213 2.8 0.950093
    endloop
  endfacet
  facet normal 0.313089 -0.63485 -0.706358
    outer loop
      vertex 36.0263 1.83234 2.04392
      vertex 35.8139 2.34506 1.48896
      vertex 36.278 2.57394 1.48896
    endloop
  endfacet
  facet normal -0.80325 -0.536721 -0.2583
    outer loop
      vertex 1.4925 2.54127 4.07136
      vertex 1.20154 2.8 4.43856
      vertex 1.31962 2.8 4.07136
    endloop
  endfacet
  facet normal -0.803253 -0.536715 -0.258307
    outer loop
      vertex 1.20154 2.8 4.43856
      vertex 1.4925 2.54127 4.07136
      vertex 1.33134 2.41761 4.82946
    endloop
  endfacet
  facet normal -0.188469 -0.947502 0.258299
    outer loop
      vertex 5.2584 0.367025 34.2286
      vertex 4.47692 0.315804 33.4705
      vertex 5.23189 0.165632 33.4705
    endloop
  endfacet
  facet normal -0.3187 -0.938863 0.130253
    outer loop
      vertex 4.47692 0.315804 33.4705
      vertex 3.70881 0.468591 32.6924
      vertex 4.45041 0.216853 32.6924
    endloop
  endfacet
  facet normal -0.0648459 -0.989358 0.130255
    outer loop
      vertex 5.23189 0.165632 33.4705
      vertex 5.21852 0.0640669 32.6924
      vertex 6 0.012846 32.6924
    endloop
  endfacet
  facet normal -0.0648452 -0.989358 0.130255
    outer loop
      vertex 6 0.115288 33.4705
      vertex 5.23189 0.165632 33.4705
      vertex 6 0.012846 32.6924
    endloop
  endfacet
  facet normal 0.824398 -0.550835 -0.130186
    outer loop
      vertex 39.304 2.8 5.33479
      vertex 38.9687 2.41761 4.82946
      vertex 39.2242 2.8 4.82946
    endloop
  endfacet
  facet normal 0.694829 -0.609331 -0.382005
    outer loop
      vertex 38.8075 2.54127 4.07136
      vertex 38.1051 2.19489 3.34627
      vertex 38.5692 2.72411 3.34627
    endloop
  endfacet
  facet normal 0.726289 -0.637023 -0.258274
    outer loop
      vertex 38.4611 1.83888 4.82946
      vertex 38.3175 1.98252 4.07136
      vertex 38.9687 2.41761 4.82946
    endloop
  endfacet
  facet normal 0.255233 -0.751852 -0.607927
    outer loop
      vertex 36.2091 1.39093 2.66658
      vertex 35.5912 1.18117 2.66658
      vertex 36.0263 1.83234 2.04392
    endloop
  endfacet
  facet normal 0.653749 -0.745408 -0.130307
    outer loop
      vertex 38.5336 1.76644 5.60758
      vertex 37.8824 1.33134 4.82946
      vertex 38.4611 1.83888 4.82946
    endloop
  endfacet
  facet normal 0.0631837 -0.963996 -0.2583
    outer loop
      vertex 35.0681 0.165632 4.82946
      vertex 34.3 0.115288 4.82946
      vertex 34.3 0.318419 4.07136
    endloop
  endfacet
  facet normal 0 -0.965926 -0.258818
    outer loop
      vertex 6 0.318419 4.07136
      vertex 34.3 0.115288 4.82946
      vertex 6 0.115288 4.82946
    endloop
  endfacet
  facet normal 0 -0.965926 -0.258818
    outer loop
      vertex 34.3 0.115288 4.82946
      vertex 6 0.318419 4.07136
      vertex 34.3 0.318419 4.07136
    endloop
  endfacet
  facet normal 0.609364 -0.694826 -0.381959
    outer loop
      vertex 37.7587 1.4925 4.07136
      vertex 37.5759 1.73078 3.34627
      vertex 38.1051 2.19489 3.34627
    endloop
  endfacet
  facet normal 0.481383 -0.720468 -0.499196
    outer loop
      vertex 36.9906 1.33971 3.34627
      vertex 36.7944 1.67956 2.66658
      vertex 37.5759 1.73078 3.34627
    endloop
  endfacet
  facet normal 0.651326 -0.571151 0.499561
    outer loop
      vertex 37.8276 2.47237 35.6334
      vertex 38.2255 2.8 35.4892
      vertex 38.1149 2.8 35.6334
    endloop
  endfacet
  facet normal 0.651392 -0.571387 0.499205
    outer loop
      vertex 38.2255 2.8 35.4892
      vertex 37.8276 2.47237 35.6334
      vertex 38.1051 2.19489 34.9537
    endloop
  endfacet
  facet normal -0.651523 -0.571366 0.499058
    outer loop
      vertex 2.19489 2.19489 34.9537
      vertex 1.82968 2.8 35.1697
      vertex 1.73078 2.72411 34.9537
    endloop
  endfacet
  facet normal -0.651413 -0.571355 0.499213
    outer loop
      vertex 1.82968 2.8 35.1697
      vertex 2.19489 2.19489 34.9537
      vertex 2.07453 2.8 35.4892
    endloop
  endfacet
  facet normal -0.636975 -0.72632 0.258306
    outer loop
      vertex 2.54127 1.4925 34.2286
      vertex 1.83888 1.83888 33.4705
      vertex 2.41761 1.33134 33.4705
    endloop
  endfacet
  facet normal -0.720455 -0.481411 0.499188
    outer loop
      vertex 1.7258 2.8 35.0197
      vertex 1.68007 2.8 34.9537
      vertex 1.73078 2.72411 34.9537
    endloop
  endfacet
  facet normal -0.745429 -0.653733 0.13026
    outer loop
      vertex 1.83888 1.83888 33.4705
      vertex 1.33134 2.41761 33.4705
      vertex 1.76644 1.76644 32.6924
    endloop
  endfacet
  facet normal -0.831473 -0.555566 0
    outer loop
      vertex 1.25007 2.35525 5.60758
      vertex 0.952901 2.8 32.6924
      vertex 0.952901 2.8 5.60758
    endloop
  endfacet
  facet normal -0.831473 -0.555566 0
    outer loop
      vertex 0.952901 2.8 32.6924
      vertex 1.25007 2.35525 5.60758
      vertex 1.25007 2.35525 32.6924
    endloop
  endfacet
  facet normal -0.751841 -0.659344 0
    outer loop
      vertex 1.76644 1.76644 5.60758
      vertex 1.25007 2.35525 32.6924
      vertex 1.25007 2.35525 5.60758
    endloop
  endfacet
  facet normal -0.751841 -0.659344 0
    outer loop
      vertex 1.25007 2.35525 32.6924
      vertex 1.76644 1.76644 5.60758
      vertex 1.76644 1.76644 32.6924
    endloop
  endfacet
  facet normal -0.824392 -0.550831 0.130245
    outer loop
      vertex 1.03075 2.8 33.1851
      vertex 1.33134 2.41761 33.4705
      vertex 1.07584 2.8 33.4705
    endloop
  endfacet
  facet normal -0.824393 -0.550827 0.130251
    outer loop
      vertex 1.33134 2.41761 33.4705
      vertex 1.03075 2.8 33.1851
      vertex 1.25007 2.35525 32.6924
    endloop
  endfacet
  facet normal 0 -0.793356 -0.608758
    outer loop
      vertex 6 1.48896 2.04392
      vertex 34.3 1.01118 2.66658
      vertex 6 1.01118 2.66658
    endloop
  endfacet
  facet normal 0 -0.793356 -0.608758
    outer loop
      vertex 34.3 1.01118 2.66658
      vertex 6 1.48896 2.04392
      vertex 34.3 1.48896 2.04392
    endloop
  endfacet
  facet normal 0 -0.707107 -0.707107
    outer loop
      vertex 6 2.04392 1.48896
      vertex 34.3 1.48896 2.04392
      vertex 6 1.48896 2.04392
    endloop
  endfacet
  facet normal 0 -0.707107 -0.707107
    outer loop
      vertex 34.3 1.48896 2.04392
      vertex 6 2.04392 1.48896
      vertex 34.3 2.04392 1.48896
    endloop
  endfacet
  facet normal 0.720633 -0.481435 -0.498908
    outer loop
      vertex 38.6199 2.8 3.34627
      vertex 38.5692 2.72411 3.34627
      vertex 38.5742 2.8 3.28026
    endloop
  endfacet
  facet normal 0.651469 -0.571306 -0.499197
    outer loop
      vertex 38.1051 2.19489 3.34627
      vertex 38.4703 2.8 3.13035
      vertex 38.5692 2.72411 3.34627
    endloop
  endfacet
  facet normal 0.65151 -0.57131 -0.499138
    outer loop
      vertex 38.4703 2.8 3.13035
      vertex 38.1051 2.19489 3.34627
      vertex 38.2255 2.8 2.81082
    endloop
  endfacet
  facet normal 0.651371 -0.57119 -0.499457
    outer loop
      vertex 38.2255 2.8 2.81082
      vertex 37.8276 2.47237 2.66658
      vertex 38.1149 2.8 2.66658
    endloop
  endfacet
  facet normal 0.651417 -0.571354 -0.499209
    outer loop
      vertex 37.8276 2.47237 2.66658
      vertex 38.2255 2.8 2.81082
      vertex 38.1051 2.19489 3.34627
    endloop
  endfacet
  facet normal 0.720606 -0.481417 0.498965
    outer loop
      vertex 38.5742 2.8 35.0197
      vertex 38.5692 2.72411 34.9537
      vertex 38.6199 2.8 34.9537
    endloop
  endfacet
  facet normal 0.751886 -0.659293 0
    outer loop
      vertex 38.5336 1.76644 32.6924
      vertex 39.0499 2.35525 5.60758
      vertex 39.0499 2.35525 32.6924
    endloop
  endfacet
  facet normal 0.751886 -0.659293 0
    outer loop
      vertex 39.0499 2.35525 5.60758
      vertex 38.5336 1.76644 32.6924
      vertex 38.5336 1.76644 5.60758
    endloop
  endfacet
  facet normal 0.571324 -0.65145 0.499201
    outer loop
      vertex 37.8276 2.47237 35.6334
      vertex 37.5759 1.73078 34.9537
      vertex 38.1051 2.19489 34.9537
    endloop
  endfacet
  facet normal 0.609365 -0.694827 0.381955
    outer loop
      vertex 38.1051 2.19489 34.9537
      vertex 37.5759 1.73078 34.9537
      vertex 37.7587 1.4925 34.2286
    endloop
  endfacet
  facet normal 0.313077 -0.634816 0.706393
    outer loop
      vertex 36.278 2.57394 36.811
      vertex 36.0263 1.83234 36.2561
      vertex 36.5555 2.09333 36.2561
    endloop
  endfacet
  facet normal 0.351196 -0.712108 0.607917
    outer loop
      vertex 36.5555 2.09333 36.2561
      vertex 36.0263 1.83234 36.2561
      vertex 36.7944 1.67956 35.6334
    endloop
  endfacet
  facet normal 0.0519277 -0.792304 0.607912
    outer loop
      vertex 34.8888 1.52755 36.2561
      vertex 34.3 1.48896 36.2561
      vertex 34.9512 1.05386 35.6334
    endloop
  endfacet
  facet normal 0.154914 -0.778743 0.607916
    outer loop
      vertex 35.4675 1.64267 36.2561
      vertex 34.8888 1.52755 36.2561
      vertex 34.9512 1.05386 35.6334
    endloop
  endfacet
  facet normal 0.161356 -0.474961 0.865088
    outer loop
      vertex 35.2212 2.8 37.2888
      vertex 35.1574 2.8 37.3007
      vertex 35.1628 2.78016 37.2888
    endloop
  endfacet
  facet normal 0.097524 -0.492262 0.864967
    outer loop
      vertex 34.7707 2.8 37.3443
      vertex 35.1628 2.78016 37.2888
      vertex 35.1574 2.8 37.3007
    endloop
  endfacet
  facet normal 0.0976719 -0.491115 0.865601
    outer loop
      vertex 35.1628 2.78016 37.2888
      vertex 34.7707 2.8 37.3443
      vertex 34.7351 2.6951 37.2888
    endloop
  endfacet
  facet normal 0.297083 -0.875124 0.381969
    outer loop
      vertex 36.4742 0.750903 34.2286
      vertex 35.6928 0.802124 34.9537
      vertex 35.7705 0.512014 34.2286
    endloop
  endfacet
  facet normal 0.297089 -0.875119 0.381975
    outer loop
      vertex 36.3593 1.02839 34.9537
      vertex 35.6928 0.802124 34.9537
      vertex 36.4742 0.750903 34.2286
    endloop
  endfacet
  facet normal 0.441134 -0.66018 0.607917
    outer loop
      vertex 37.0461 2.42115 36.2561
      vertex 36.5555 2.09333 36.2561
      vertex 36.7944 1.67956 35.6334
    endloop
  endfacet
  facet normal 0.394304 -0.587798 0.706412
    outer loop
      vertex 36.6961 2.8 36.7667
      vertex 37.0461 2.42115 36.2561
      vertex 36.7554 2.8 36.7336
    endloop
  endfacet
  facet normal 0.393298 -0.588592 0.706311
    outer loop
      vertex 37.0461 2.42115 36.2561
      vertex 36.6961 2.8 36.7667
      vertex 36.5555 2.09333 36.2561
    endloop
  endfacet
  facet normal 0.255239 -0.75187 0.607902
    outer loop
      vertex 36.0263 1.83234 36.2561
      vertex 35.5912 1.18117 35.6334
      vertex 36.2091 1.39093 35.6334
    endloop
  endfacet
  facet normal 0.278538 -0.820502 0.499193
    outer loop
      vertex 36.2091 1.39093 35.6334
      vertex 35.5912 1.18117 35.6334
      vertex 36.3593 1.02839 34.9537
    endloop
  endfacet
  facet normal -0.195809 -0.577339 0.792678
    outer loop
      vertex 4.48608 2.34506 36.811
      vertex 4.7652 2.8 37.2113
      vertex 4.67452 2.8 37.1889
    endloop
  endfacet
  facet normal -0.195959 -0.577263 0.792696
    outer loop
      vertex 4.7652 2.8 37.2113
      vertex 4.48608 2.34506 36.811
      vertex 4.97609 2.17872 36.811
    endloop
  endfacet
  facet normal -0.550835 -0.824389 -0.130247
    outer loop
      vertex 3.05764 0.903689 4.82946
      vertex 2.35525 1.25007 5.60758
      vertex 2.41761 1.33134 4.82946
    endloop
  endfacet
  facet normal -0.653727 -0.745437 -0.130247
    outer loop
      vertex 2.35525 1.25007 5.60758
      vertex 1.76644 1.76644 5.60758
      vertex 2.41761 1.33134 4.82946
    endloop
  endfacet
  facet normal -0.694828 -0.609343 -0.381988
    outer loop
      vertex 2.19489 2.19489 3.34627
      vertex 1.4925 2.54127 4.07136
      vertex 1.73078 2.72411 3.34627
    endloop
  endfacet
  facet normal -0.269614 -0.546719 -0.792721
    outer loop
      vertex 4.02196 2.57394 1.48896
      vertex 4.39558 2.8 1.20598
      vertex 4.48608 2.34506 1.48896
    endloop
  endfacet
  facet normal -0.269609 -0.546723 -0.79272
    outer loop
      vertex 4.39558 2.8 1.20598
      vertex 4.02196 2.57394 1.48896
      vertex 4.15248 2.8 1.28866
    endloop
  endfacet
  facet normal -0.278531 -0.820502 -0.499196
    outer loop
      vertex 4.60723 0.802124 3.34627
      vertex 3.94069 1.02839 3.34627
      vertex 4.7088 1.18117 2.66658
    endloop
  endfacet
  facet normal -0.29707 -0.875118 -0.381993
    outer loop
      vertex 4.60723 0.802124 3.34627
      vertex 3.82575 0.750903 4.07136
      vertex 3.94069 1.02839 3.34627
    endloop
  endfacet
  facet normal -0.441109 -0.660179 -0.607936
    outer loop
      vertex 3.50559 1.67956 2.66658
      vertex 2.963 2.0421 2.66658
      vertex 3.25385 2.42115 2.04392
    endloop
  endfacet
  facet normal -0.481391 -0.720466 -0.499191
    outer loop
      vertex 3.50559 1.67956 2.66658
      vertex 2.72411 1.73078 3.34627
      vertex 2.963 2.0421 2.66658
    endloop
  endfacet
  facet normal -0.720399 -0.481483 -0.499199
    outer loop
      vertex 1.73078 2.72411 3.34627
      vertex 1.7258 2.8 3.28026
      vertex 1.82968 2.8 3.13035
    endloop
  endfacet
  facet normal -0.65146 -0.571313 -0.499202
    outer loop
      vertex 2.19489 2.19489 3.34627
      vertex 1.82968 2.8 3.13035
      vertex 2.07453 2.8 2.81082
    endloop
  endfacet
  facet normal -0.651463 -0.571313 -0.499197
    outer loop
      vertex 1.82968 2.8 3.13035
      vertex 2.19489 2.19489 3.34627
      vertex 1.73078 2.72411 3.34627
    endloop
  endfacet
  facet normal -0.726318 -0.636976 -0.258308
    outer loop
      vertex 1.83888 1.83888 4.82946
      vertex 1.4925 2.54127 4.07136
      vertex 1.98252 1.98252 4.07136
    endloop
  endfacet
  facet normal -0.694823 -0.609355 -0.381978
    outer loop
      vertex 1.98252 1.98252 4.07136
      vertex 1.4925 2.54127 4.07136
      vertex 2.19489 2.19489 3.34627
    endloop
  endfacet
  facet normal -0.31308 -0.63486 -0.706352
    outer loop
      vertex 4.2737 1.83234 2.04392
      vertex 4.02196 2.57394 1.48896
      vertex 4.48608 2.34506 1.48896
    endloop
  endfacet
  facet normal -0.351179 -0.712099 -0.607938
    outer loop
      vertex 4.2737 1.83234 2.04392
      vertex 3.50559 1.67956 2.66658
      vertex 3.74448 2.09333 2.04392
    endloop
  endfacet
  facet normal -0.441106 -0.66018 -0.607938
    outer loop
      vertex 3.50559 1.67956 2.66658
      vertex 3.25385 2.42115 2.04392
      vertex 3.74448 2.09333 2.04392
    endloop
  endfacet
  facet normal -0.393258 -0.588568 -0.706354
    outer loop
      vertex 3.25385 2.42115 2.04392
      vertex 3.60391 2.8 1.53335
      vertex 3.74448 2.09333 2.04392
    endloop
  endfacet
  facet normal -0.393279 -0.588551 -0.706356
    outer loop
      vertex 3.60391 2.8 1.53335
      vertex 3.25385 2.42115 2.04392
      vertex 3.54455 2.8 1.5664
    endloop
  endfacet
  facet normal 0.118925 -0.597865 -0.792726
    outer loop
      vertex 34.8164 2.07777 1.48896
      vertex 34.7351 2.6951 1.01118
      vertex 35.3239 2.17872 1.48896
    endloop
  endfacet
  facet normal 0.0398724 -0.608275 -0.792724
    outer loop
      vertex 34.8164 2.07777 1.48896
      vertex 34.3 2.04392 1.48896
      vertex 34.7351 2.6951 1.01118
    endloop
  endfacet
  facet normal 0.653675 -0.745491 -0.130198
    outer loop
      vertex 37.9447 1.25007 5.60758
      vertex 37.8824 1.33134 4.82946
      vertex 38.5336 1.76644 5.60758
    endloop
  endfacet
  facet normal 0.427262 -0.866436 -0.258334
    outer loop
      vertex 36.552 0.563235 4.82946
      vertex 36.4742 0.750903 4.07136
      vertex 37.2424 0.903689 4.82946
    endloop
  endfacet
  facet normal 0.188462 -0.947505 -0.258297
    outer loop
      vertex 35.0681 0.165632 4.82946
      vertex 35.0416 0.367025 4.07136
      vertex 35.8231 0.315804 4.82946
    endloop
  endfacet
  facet normal 0.195956 -0.57723 -0.792721
    outer loop
      vertex 35.3239 2.17872 1.48896
      vertex 35.2212 2.8 1.01118
      vertex 35.5348 2.8 1.0887
    endloop
  endfacet
  facet normal 0.19609 -0.5772 -0.79271
    outer loop
      vertex 35.2212 2.8 1.01118
      vertex 35.3239 2.17872 1.48896
      vertex 35.1628 2.78016 1.01118
    endloop
  endfacet
  facet normal 0.351168 -0.712117 -0.607923
    outer loop
      vertex 36.2091 1.39093 2.66658
      vertex 36.0263 1.83234 2.04392
      vertex 36.7944 1.67956 2.66658
    endloop
  endfacet
  facet normal 0.427252 -0.866444 -0.258323
    outer loop
      vertex 37.2424 0.903689 4.82946
      vertex 36.4742 0.750903 4.07136
      vertex 37.1408 1.07961 4.07136
    endloop
  endfacet
  facet normal -0.513445 -0.768415 0.381984
    outer loop
      vertex 2.72411 1.73078 34.9537
      vertex 2.54127 1.4925 34.2286
      vertex 3.30938 1.33971 34.9537
    endloop
  endfacet
  facet normal -0.4814 -0.720457 0.499195
    outer loop
      vertex 3.50559 1.67956 35.6334
      vertex 2.72411 1.73078 34.9537
      vertex 3.30938 1.33971 34.9537
    endloop
  endfacet
  facet normal -0.726318 -0.636976 0.258308
    outer loop
      vertex 1.98252 1.98252 34.2286
      vertex 1.4925 2.54127 34.2286
      vertex 1.83888 1.83888 33.4705
    endloop
  endfacet
  facet normal -0.694829 -0.609344 0.381984
    outer loop
      vertex 1.73078 2.72411 34.9537
      vertex 1.4925 2.54127 34.2286
      vertex 2.19489 2.19489 34.9537
    endloop
  endfacet
  facet normal -0.521401 -0.598928 0.607805
    outer loop
      vertex 2.47237 2.47237 35.6334
      vertex 2.81224 2.8 36.2478
      vertex 2.8 2.8 36.2373
    endloop
  endfacet
  facet normal -0.523517 -0.596958 0.607924
    outer loop
      vertex 2.81224 2.8 36.2478
      vertex 2.47237 2.47237 35.6334
      vertex 2.963 2.0421 35.6334
    endloop
  endfacet
  facet normal -0.523528 -0.596961 0.607911
    outer loop
      vertex 2.82186 2.8 36.2561
      vertex 2.963 2.0421 35.6334
      vertex 3.25385 2.42115 36.2561
    endloop
  endfacet
  facet normal -0.524174 -0.596774 0.607537
    outer loop
      vertex 2.963 2.0421 35.6334
      vertex 2.82186 2.8 36.2561
      vertex 2.81224 2.8 36.2478
    endloop
  endfacet
  facet normal -0.768446 -0.513466 0.381895
    outer loop
      vertex 1.44103 2.8 34.4729
      vertex 1.31962 2.8 34.2286
      vertex 1.4925 2.54127 34.2286
    endloop
  endfacet
  facet normal -0.269675 -0.546687 0.792722
    outer loop
      vertex 4.02196 2.57394 36.811
      vertex 4.39558 2.8 37.094
      vertex 4.15248 2.8 37.0113
    endloop
  endfacet
  facet normal -0.269625 -0.546743 0.7927
    outer loop
      vertex 4.39558 2.8 37.094
      vertex 4.02196 2.57394 36.811
      vertex 4.48608 2.34506 36.811
    endloop
  endfacet
  facet normal -0.227527 -0.670257 0.706391
    outer loop
      vertex 4.48608 2.34506 36.811
      vertex 4.2737 1.83234 36.2561
      vertex 4.97609 2.17872 36.811
    endloop
  endfacet
  facet normal -0.269683 -0.546743 0.792681
    outer loop
      vertex 4.67452 2.8 37.1889
      vertex 4.39558 2.8 37.094
      vertex 4.48608 2.34506 36.811
    endloop
  endfacet
  facet normal 0.297083 -0.875122 -0.381973
    outer loop
      vertex 35.7705 0.512014 4.07136
      vertex 35.6928 0.802124 3.34627
      vertex 36.4742 0.750903 4.07136
    endloop
  endfacet
  facet normal 0.0398713 -0.608274 -0.792725
    outer loop
      vertex 34.7351 2.6951 1.01118
      vertex 34.3 2.04392 1.48896
      vertex 34.3 2.66658 1.01118
    endloop
  endfacet
  facet normal 0.0327565 -0.499732 -0.86556
    outer loop
      vertex 34.3 2.66658 1.01118
      vertex 34.665 2.8 0.947963
      vertex 34.7351 2.6951 1.01118
    endloop
  endfacet
  facet normal 0.0327539 -0.499727 -0.865564
    outer loop
      vertex 34.665 2.8 0.947963
      vertex 34.3 2.66658 1.01118
      vertex 34.3 2.8 0.934151
    endloop
  endfacet
  facet normal 0.768404 -0.513497 -0.381937
    outer loop
      vertex 38.9804 2.8 4.07136
      vertex 38.8075 2.54127 4.07136
      vertex 38.859 2.8 3.82712
    endloop
  endfacet
  facet normal 0.803215 -0.53676 -0.258332
    outer loop
      vertex 39.0985 2.8 4.43856
      vertex 38.8075 2.54127 4.07136
      vertex 38.9804 2.8 4.07136
    endloop
  endfacet
  facet normal 0.80322 -0.536745 -0.258347
    outer loop
      vertex 38.8075 2.54127 4.07136
      vertex 39.0985 2.8 4.43856
      vertex 38.9687 2.41761 4.82946
    endloop
  endfacet
  facet normal 0.571322 -0.651448 -0.499206
    outer loop
      vertex 38.1051 2.19489 3.34627
      vertex 37.5759 1.73078 3.34627
      vertex 37.8276 2.47237 2.66658
    endloop
  endfacet
  facet normal 0.525789 -0.594857 -0.608022
    outer loop
      vertex 37.8276 2.47237 2.66658
      vertex 37.4878 2.8 2.0522
      vertex 37.5 2.8 2.06275
    endloop
  endfacet
  facet normal 0.523547 -0.596956 -0.6079
    outer loop
      vertex 37.4878 2.8 2.0522
      vertex 37.8276 2.47237 2.66658
      vertex 37.337 2.0421 2.66658
    endloop
  endfacet
  facet normal 0.0604439 -0.922191 0.381983
    outer loop
      vertex 35.0024 0.664801 34.9537
      vertex 34.3 0.618763 34.9537
      vertex 35.0416 0.367025 34.2286
    endloop
  endfacet
  facet normal 0.180289 -0.906413 0.381982
    outer loop
      vertex 35.6928 0.802124 34.9537
      vertex 35.0024 0.664801 34.9537
      vertex 35.0416 0.367025 34.2286
    endloop
  endfacet
  facet normal -0.0327276 -0.499586 0.865646
    outer loop
      vertex 5.63499 2.8 37.352
      vertex 6 2.66658 37.2888
      vertex 6 2.8 37.3658
    endloop
  endfacet
  facet normal -0.0327501 -0.499634 0.865617
    outer loop
      vertex 6 2.66658 37.2888
      vertex 5.63499 2.8 37.352
      vertex 5.5649 2.6951 37.2888
    endloop
  endfacet
  facet normal 0 -0.608758 -0.793356
    outer loop
      vertex 6 2.04392 1.48896
      vertex 34.3 2.66658 1.01118
      vertex 34.3 2.04392 1.48896
    endloop
  endfacet
  facet normal -0 -0.608758 -0.793356
    outer loop
      vertex 34.3 2.66658 1.01118
      vertex 6 2.04392 1.48896
      vertex 6 2.66658 1.01118
    endloop
  endfacet
  facet normal -0.0977125 -0.491182 -0.865559
    outer loop
      vertex 5.5649 2.6951 1.01118
      vertex 5.52929 2.8 0.955672
      vertex 5.57871 2.8 0.950093
    endloop
  endfacet
  facet normal -0.481398 -0.720454 -0.4992
    outer loop
      vertex 3.30938 1.33971 3.34627
      vertex 2.72411 1.73078 3.34627
      vertex 3.50559 1.67956 2.66658
    endloop
  endfacet
  facet normal -0.38323 -0.777132 -0.499201
    outer loop
      vertex 3.94069 1.02839 3.34627
      vertex 3.30938 1.33971 3.34627
      vertex 3.50559 1.67956 2.66658
    endloop
  endfacet
  facet normal -0.768407 -0.513453 -0.38199
    outer loop
      vertex 1.73078 2.72411 3.34627
      vertex 1.44103 2.8 3.82712
      vertex 1.68007 2.8 3.34627
    endloop
  endfacet
  facet normal -0.768405 -0.513457 -0.381989
    outer loop
      vertex 1.44103 2.8 3.82712
      vertex 1.73078 2.72411 3.34627
      vertex 1.4925 2.54127 4.07136
    endloop
  endfacet
  facet normal -0.720482 -0.481429 -0.499131
    outer loop
      vertex 1.73078 2.72411 3.34627
      vertex 1.68007 2.8 3.34627
      vertex 1.7258 2.8 3.28026
    endloop
  endfacet
  facet normal -0.523515 -0.596947 -0.607936
    outer loop
      vertex 2.963 2.0421 2.66658
      vertex 2.82186 2.8 2.04392
      vertex 3.25385 2.42115 2.04392
    endloop
  endfacet
  facet normal -0.523341 -0.596997 -0.608036
    outer loop
      vertex 2.82186 2.8 2.04392
      vertex 2.963 2.0421 2.66658
      vertex 2.81224 2.8 2.0522
    endloop
  endfacet
  facet normal -0.466727 -0.532193 -0.706355
    outer loop
      vertex 3.25385 2.42115 2.04392
      vertex 2.82186 2.8 2.04392
      vertex 3.54455 2.8 1.5664
    endloop
  endfacet
  facet normal -0.269612 -0.546719 -0.792722
    outer loop
      vertex 4.48608 2.34506 1.48896
      vertex 4.39558 2.8 1.20598
      vertex 4.67452 2.8 1.11111
    endloop
  endfacet
  facet normal 0.550856 -0.824381 -0.130206
    outer loop
      vertex 37.9447 1.25007 5.60758
      vertex 37.2424 0.903689 4.82946
      vertex 37.8824 1.33134 4.82946
    endloop
  endfacet
  facet normal 0.550879 -0.824361 -0.130236
    outer loop
      vertex 37.2936 0.814973 5.60758
      vertex 37.2424 0.903689 4.82946
      vertex 37.9447 1.25007 5.60758
    endloop
  endfacet
  facet normal 0.310532 -0.914789 -0.258325
    outer loop
      vertex 36.552 0.563235 4.82946
      vertex 35.8231 0.315804 4.82946
      vertex 36.4742 0.750903 4.07136
    endloop
  endfacet
  facet normal 0.180299 -0.906413 -0.381978
    outer loop
      vertex 35.7705 0.512014 4.07136
      vertex 35.0416 0.367025 4.07136
      vertex 35.6928 0.802124 3.34627
    endloop
  endfacet
  facet normal 0.0519265 -0.792286 -0.607937
    outer loop
      vertex 34.9512 1.05386 2.66658
      vertex 34.3 1.48896 2.04392
      vertex 34.8888 1.52755 2.04392
    endloop
  endfacet
  facet normal 0.138101 -0.694266 -0.706344
    outer loop
      vertex 35.4675 1.64267 2.04392
      vertex 34.8164 2.07777 1.48896
      vertex 35.3239 2.17872 1.48896
    endloop
  endfacet
  facet normal 0.0604422 -0.92219 -0.381986
    outer loop
      vertex 35.0416 0.367025 4.07136
      vertex 34.3 0.318419 4.07136
      vertex 34.3 0.618763 3.34627
    endloop
  endfacet
  facet normal 0.310548 -0.914787 -0.258311
    outer loop
      vertex 35.8231 0.315804 4.82946
      vertex 35.7705 0.512014 4.07136
      vertex 36.4742 0.750903 4.07136
    endloop
  endfacet
  facet normal -0.694824 -0.609356 0.381973
    outer loop
      vertex 2.19489 2.19489 34.9537
      vertex 1.4925 2.54127 34.2286
      vertex 1.98252 1.98252 34.2286
    endloop
  endfacet
  facet normal -0.609344 -0.694829 0.381984
    outer loop
      vertex 2.72411 1.73078 34.9537
      vertex 2.19489 2.19489 34.9537
      vertex 2.54127 1.4925 34.2286
    endloop
  endfacet
  facet normal -0.393249 -0.588534 0.706387
    outer loop
      vertex 3.68364 2.8 36.811
      vertex 3.74448 2.09333 36.2561
      vertex 4.02196 2.57394 36.811
    endloop
  endfacet
  facet normal -0.392619 -0.588668 0.706626
    outer loop
      vertex 3.74448 2.09333 36.2561
      vertex 3.68364 2.8 36.811
      vertex 3.60391 2.8 36.7667
    endloop
  endfacet
  facet normal -0.33867 -0.506851 0.79272
    outer loop
      vertex 4.15248 2.8 37.0113
      vertex 3.68364 2.8 36.811
      vertex 4.02196 2.57394 36.811
    endloop
  endfacet
  facet normal -0.720619 -0.481304 0.499053
    outer loop
      vertex 1.82968 2.8 35.1697
      vertex 1.7258 2.8 35.0197
      vertex 1.73078 2.72411 34.9537
    endloop
  endfacet
  facet normal 0.255195 -0.751847 -0.607948
    outer loop
      vertex 35.5912 1.18117 2.66658
      vertex 35.4675 1.64267 2.04392
      vertex 36.0263 1.83234 2.04392
    endloop
  endfacet
  facet normal 0.154905 -0.778723 -0.607944
    outer loop
      vertex 35.5912 1.18117 2.66658
      vertex 34.9512 1.05386 2.66658
      vertex 35.4675 1.64267 2.04392
    endloop
  endfacet
  facet normal 0.571335 -0.651444 -0.499197
    outer loop
      vertex 37.5759 1.73078 3.34627
      vertex 37.337 2.0421 2.66658
      vertex 37.8276 2.47237 2.66658
    endloop
  endfacet
  facet normal 0.351188 -0.712091 -0.607942
    outer loop
      vertex 36.7944 1.67956 2.66658
      vertex 36.0263 1.83234 2.04392
      vertex 36.5555 2.09333 2.04392
    endloop
  endfacet
  facet normal 0.481383 -0.720468 -0.499196
    outer loop
      vertex 37.5759 1.73078 3.34627
      vertex 36.7944 1.67956 2.66658
      vertex 37.337 2.0421 2.66658
    endloop
  endfacet
  facet normal 0.520456 -0.59781 -0.609713
    outer loop
      vertex 37.337 2.0421 2.66658
      vertex 37.4781 2.8 2.04392
      vertex 37.4878 2.8 2.0522
    endloop
  endfacet
  facet normal 0.523495 -0.596938 -0.607962
    outer loop
      vertex 37.4781 2.8 2.04392
      vertex 37.337 2.0421 2.66658
      vertex 37.0461 2.42115 2.04392
    endloop
  endfacet
  facet normal -0.195969 -0.57724 0.792711
    outer loop
      vertex 5.07881 2.8 37.2888
      vertex 4.97609 2.17872 36.811
      vertex 5.13725 2.78016 37.2888
    endloop
  endfacet
  facet normal -0.195898 -0.577256 0.792717
    outer loop
      vertex 4.97609 2.17872 36.811
      vertex 5.07881 2.8 37.2888
      vertex 4.7652 2.8 37.2113
    endloop
  endfacet
  facet normal -0.59695 -0.523504 -0.607943
    outer loop
      vertex 2.47237 2.47237 2.66658
      vertex 2.18505 2.8 2.66658
      vertex 2.8 2.8 2.06275
    endloop
  endfacet
  facet normal -0.313087 -0.63486 -0.706349
    outer loop
      vertex 4.2737 1.83234 2.04392
      vertex 3.74448 2.09333 2.04392
      vertex 4.02196 2.57394 1.48896
    endloop
  endfacet
  facet normal -0.39327 -0.588566 -0.706349
    outer loop
      vertex 3.74448 2.09333 2.04392
      vertex 3.68364 2.8 1.48896
      vertex 4.02196 2.57394 1.48896
    endloop
  endfacet
  facet normal -0.393264 -0.588567 -0.706351
    outer loop
      vertex 3.68364 2.8 1.48896
      vertex 3.74448 2.09333 2.04392
      vertex 3.60391 2.8 1.53335
    endloop
  endfacet
  facet normal -0.160969 -0.474145 -0.865607
    outer loop
      vertex 5.13725 2.78016 1.01118
      vertex 5.07881 2.8 1.01118
      vertex 5.14256 2.8 0.999325
    endloop
  endfacet
  facet normal -0.195947 -0.577227 -0.792726
    outer loop
      vertex 4.48608 2.34506 1.48896
      vertex 4.7652 2.8 1.0887
      vertex 4.97609 2.17872 1.48896
    endloop
  endfacet
  facet normal -0.195907 -0.577247 -0.792721
    outer loop
      vertex 4.7652 2.8 1.0887
      vertex 4.48608 2.34506 1.48896
      vertex 4.67452 2.8 1.11111
    endloop
  endfacet
  facet normal -0.195964 -0.577224 -0.792723
    outer loop
      vertex 4.97609 2.17872 1.48896
      vertex 5.07881 2.8 1.01118
      vertex 5.13725 2.78016 1.01118
    endloop
  endfacet
  facet normal -0.19595 -0.577227 -0.792724
    outer loop
      vertex 5.07881 2.8 1.01118
      vertex 4.97609 2.17872 1.48896
      vertex 4.7652 2.8 1.0887
    endloop
  endfacet
  facet normal 0.278537 -0.820499 -0.499198
    outer loop
      vertex 36.3593 1.02839 3.34627
      vertex 35.5912 1.18117 2.66658
      vertex 36.2091 1.39093 2.66658
    endloop
  endfacet
  facet normal 0.383228 -0.777132 -0.499202
    outer loop
      vertex 36.3593 1.02839 3.34627
      vertex 36.2091 1.39093 2.66658
      vertex 36.7944 1.67956 2.66658
    endloop
  endfacet
  facet normal 0.636988 -0.726297 -0.258337
    outer loop
      vertex 37.8824 1.33134 4.82946
      vertex 37.7587 1.4925 4.07136
      vertex 38.4611 1.83888 4.82946
    endloop
  endfacet
  facet normal 0.513457 -0.768401 -0.381997
    outer loop
      vertex 37.1408 1.07961 4.07136
      vertex 36.9906 1.33971 3.34627
      vertex 37.7587 1.4925 4.07136
    endloop
  endfacet
  facet normal 0.442285 -0.896874 0
    outer loop
      vertex 36.5912 0.468591 31.4866
      vertex 37.2936 0.814973 32.6924
      vertex 36.5912 0.468591 32.6924
    endloop
  endfacet
  facet normal 0.442332 -0.896851 -3.39617e-05
    outer loop
      vertex 36.6889 0.516779 31.4389
      vertex 37.2936 0.814973 32.6924
      vertex 36.5912 0.468591 31.4866
    endloop
  endfacet
  facet normal 0.442276 -0.896879 0
    outer loop
      vertex 36.6889 0.516779 12.8611
      vertex 37.2936 0.814973 32.6924
      vertex 36.6889 0.516779 31.4389
    endloop
  endfacet
  facet normal 0.442285 -0.896874 0
    outer loop
      vertex 37.2936 0.814973 5.60758
      vertex 36.5912 0.468591 12.8134
      vertex 36.5912 0.468591 5.60758
    endloop
  endfacet
  facet normal 0.442343 -0.896846 6.96767e-06
    outer loop
      vertex 36.5912 0.468591 12.8134
      vertex 37.2936 0.814973 5.60758
      vertex 36.6889 0.516779 12.8611
    endloop
  endfacet
  facet normal 0.442276 -0.896879 0
    outer loop
      vertex 36.6889 0.516779 12.8611
      vertex 37.2936 0.814973 5.60758
      vertex 37.2936 0.814973 32.6924
    endloop
  endfacet
  facet normal 0.438518 -0.889235 -0.130239
    outer loop
      vertex 37.2936 0.814973 5.60758
      vertex 36.5912 0.468591 5.60758
      vertex 37.2424 0.903689 4.82946
    endloop
  endfacet
  facet normal 0.383235 -0.777131 -0.499197
    outer loop
      vertex 36.9906 1.33971 3.34627
      vertex 36.3593 1.02839 3.34627
      vertex 36.7944 1.67956 2.66658
    endloop
  endfacet
  facet normal 0.297088 -0.875117 -0.381979
    outer loop
      vertex 36.4742 0.750903 4.07136
      vertex 35.6928 0.802124 3.34627
      vertex 36.3593 1.02839 3.34627
    endloop
  endfacet
  facet normal 0.169037 -0.849845 -0.49919
    outer loop
      vertex 35.0024 0.664801 3.34627
      vertex 34.9512 1.05386 2.66658
      vertex 35.6928 0.802124 3.34627
    endloop
  endfacet
  facet normal 0.180288 -0.906412 -0.381987
    outer loop
      vertex 35.0416 0.367025 4.07136
      vertex 35.0024 0.664801 3.34627
      vertex 35.6928 0.802124 3.34627
    endloop
  endfacet
  facet normal -0.596975 -0.523526 0.607899
    outer loop
      vertex 2.8 2.8 36.2373
      vertex 2.18505 2.8 35.6334
      vertex 2.47237 2.47237 35.6334
    endloop
  endfacet
  facet normal -0.651429 -0.57128 0.499278
    outer loop
      vertex 2.07453 2.8 35.4892
      vertex 2.47237 2.47237 35.6334
      vertex 2.18505 2.8 35.6334
    endloop
  endfacet
  facet normal -0.651446 -0.57134 0.499189
    outer loop
      vertex 2.47237 2.47237 35.6334
      vertex 2.07453 2.8 35.4892
      vertex 2.19489 2.19489 34.9537
    endloop
  endfacet
  facet normal -0.636976 -0.726318 0.258308
    outer loop
      vertex 1.98252 1.98252 34.2286
      vertex 1.83888 1.83888 33.4705
      vertex 2.54127 1.4925 34.2286
    endloop
  endfacet
  facet normal -0.609356 -0.694824 0.381973
    outer loop
      vertex 2.19489 2.19489 34.9537
      vertex 1.98252 1.98252 34.2286
      vertex 2.54127 1.4925 34.2286
    endloop
  endfacet
  facet normal 0.227519 -0.67031 -0.706342
    outer loop
      vertex 35.4675 1.64267 2.04392
      vertex 35.3239 2.17872 1.48896
      vertex 36.0263 1.83234 2.04392
    endloop
  endfacet
  facet normal 0.393378 -0.588563 -0.706291
    outer loop
      vertex 36.5555 2.09333 2.04392
      vertex 36.6164 2.8 1.48896
      vertex 36.6961 2.8 1.53335
    endloop
  endfacet
  facet normal 0.393201 -0.588601 -0.706358
    outer loop
      vertex 36.6164 2.8 1.48896
      vertex 36.5555 2.09333 2.04392
      vertex 36.278 2.57394 1.48896
    endloop
  endfacet
  facet normal 0.596979 -0.523493 -0.607923
    outer loop
      vertex 37.8276 2.47237 2.66658
      vertex 37.5 2.8 2.06275
      vertex 38.1149 2.8 2.66658
    endloop
  endfacet
  facet normal -0.11892 -0.597886 0.792711
    outer loop
      vertex 5.5649 2.6951 37.2888
      vertex 4.97609 2.17872 36.811
      vertex 5.48363 2.07777 36.811
    endloop
  endfacet
  facet normal -0.0398758 -0.608292 0.792711
    outer loop
      vertex 5.5649 2.6951 37.2888
      vertex 5.48363 2.07777 36.811
      vertex 6 2.04392 36.811
    endloop
  endfacet
  facet normal 0.408728 -0.828877 -0.381974
    outer loop
      vertex 36.4742 0.750903 4.07136
      vertex 36.3593 1.02839 3.34627
      vertex 37.1408 1.07961 4.07136
    endloop
  endfacet
  facet normal 0.408745 -0.82886 -0.381994
    outer loop
      vertex 37.1408 1.07961 4.07136
      vertex 36.3593 1.02839 3.34627
      vertex 36.9906 1.33971 3.34627
    endloop
  endfacet
  facet normal 0.0604438 -0.922189 -0.381987
    outer loop
      vertex 35.0416 0.367025 4.07136
      vertex 34.3 0.618763 3.34627
      vertex 35.0024 0.664801 3.34627
    endloop
  endfacet
  facet normal 0.0566716 -0.864636 -0.499192
    outer loop
      vertex 35.0024 0.664801 3.34627
      vertex 34.3 0.618763 3.34627
      vertex 34.9512 1.05386 2.66658
    endloop
  endfacet
  facet normal 0.0977373 -0.490743 -0.865805
    outer loop
      vertex 35.1628 2.78016 1.01118
      vertex 34.7707 2.8 0.955672
      vertex 35.1574 2.8 0.999325
    endloop
  endfacet
  facet normal 0.0976825 -0.491168 -0.86557
    outer loop
      vertex 34.7707 2.8 0.955672
      vertex 35.1628 2.78016 1.01118
      vertex 34.7351 2.6951 1.01118
    endloop
  endfacet
  facet normal 0.160899 -0.473615 -0.86591
    outer loop
      vertex 35.1628 2.78016 1.01118
      vertex 35.1574 2.8 0.999325
      vertex 35.2212 2.8 1.01118
    endloop
  endfacet
  facet normal 0.338622 -0.506899 -0.79271
    outer loop
      vertex 36.278 2.57394 1.48896
      vertex 36.1475 2.8 1.28866
      vertex 36.6164 2.8 1.48896
    endloop
  endfacet
  facet normal -0.098074 -0.491209 0.865503
    outer loop
      vertex 5.57871 2.8 37.3499
      vertex 5.52929 2.8 37.3443
      vertex 5.5649 2.6951 37.2888
    endloop
  endfacet
  facet normal -0.0322948 -0.499867 0.8655
    outer loop
      vertex 5.57871 2.8 37.3499
      vertex 5.5649 2.6951 37.2888
      vertex 5.63499 2.8 37.352
    endloop
  endfacet
  facet normal 0.536732 -0.803233 -0.258334
    outer loop
      vertex 37.8824 1.33134 4.82946
      vertex 37.1408 1.07961 4.07136
      vertex 37.7587 1.4925 4.07136
    endloop
  endfacet
  facet normal 0.536727 -0.803238 -0.258327
    outer loop
      vertex 37.2424 0.903689 4.82946
      vertex 37.1408 1.07961 4.07136
      vertex 37.8824 1.33134 4.82946
    endloop
  endfacet
  facet normal 0.227542 -0.670287 -0.706357
    outer loop
      vertex 36.0263 1.83234 2.04392
      vertex 35.3239 2.17872 1.48896
      vertex 35.8139 2.34506 1.48896
    endloop
  endfacet
  facet normal 0.195862 -0.577275 -0.792711
    outer loop
      vertex 35.8139 2.34506 1.48896
      vertex 35.5348 2.8 1.0887
      vertex 35.6255 2.8 1.11111
    endloop
  endfacet
  facet normal 0.195952 -0.57723 -0.792722
    outer loop
      vertex 35.5348 2.8 1.0887
      vertex 35.8139 2.34506 1.48896
      vertex 35.3239 2.17872 1.48896
    endloop
  endfacet
  facet normal 0.269606 -0.54674 -0.792709
    outer loop
      vertex 36.278 2.57394 1.48896
      vertex 35.9044 2.8 1.20598
      vertex 36.1475 2.8 1.28866
    endloop
  endfacet
  facet normal 0.269625 -0.546719 -0.792717
    outer loop
      vertex 35.9044 2.8 1.20598
      vertex 36.278 2.57394 1.48896
      vertex 35.8139 2.34506 1.48896
    endloop
  endfacet
  facet normal 0.269647 -0.546719 -0.79271
    outer loop
      vertex 35.8139 2.34506 1.48896
      vertex 35.6255 2.8 1.11111
      vertex 35.9044 2.8 1.20598
    endloop
  endfacet
  facet normal 0.393686 -0.58826 -0.706372
    outer loop
      vertex 37.0461 2.42115 2.04392
      vertex 36.6961 2.8 1.53335
      vertex 36.7554 2.8 1.5664
    endloop
  endfacet
  facet normal 0.393287 -0.588575 -0.706332
    outer loop
      vertex 36.6961 2.8 1.53335
      vertex 37.0461 2.42115 2.04392
      vertex 36.5555 2.09333 2.04392
    endloop
  endfacet
  facet normal 0.441094 -0.660169 -0.607958
    outer loop
      vertex 37.337 2.0421 2.66658
      vertex 36.7944 1.67956 2.66658
      vertex 37.0461 2.42115 2.04392
    endloop
  endfacet
  facet normal 0.441123 -0.660165 -0.607941
    outer loop
      vertex 36.7944 1.67956 2.66658
      vertex 36.5555 2.09333 2.04392
      vertex 37.0461 2.42115 2.04392
    endloop
  endfacet
  facet normal -0.536805 0.803185 -0.258329
    outer loop
      vertex 36.7554 2.8 33.4395
      vertex 36.2886 2.55572 33.65
      vertex 36.6541 2.8 33.65
    endloop
  endfacet
  facet normal -0.536834 0.80312 -0.258472
    outer loop
      vertex 36.2886 2.55572 33.65
      vertex 36.7554 2.8 33.4395
      vertex 36.8077 2.73194 33.1194
    endloop
  endfacet
  facet normal 0.0654109 0.997858 0
    outer loop
      vertex 5.83204 1.82 30.15
      vertex 6 1.80899 32.5747
      vertex 6 1.80899 30.1609
    endloop
  endfacet
  facet normal 0.0654124 0.997858 -1.01711e-07
    outer loop
      vertex 6 1.80899 32.5747
      vertex 5.83204 1.82 30.15
      vertex 5.45296 1.84485 32.5747
    endloop
  endfacet
  facet normal 0.065413 0.997858 -0
    outer loop
      vertex 5.83204 1.82 14.15
      vertex 5.45296 1.84485 32.5747
      vertex 5.83204 1.82 30.15
    endloop
  endfacet
  facet normal 0.0654124 0.997858 0
    outer loop
      vertex 5.45296 1.84485 5.72531
      vertex 6 1.80899 14.1391
      vertex 6 1.80899 5.72531
    endloop
  endfacet
  facet normal 0.0654109 0.997858 9.50647e-08
    outer loop
      vertex 6 1.80899 14.1391
      vertex 5.45296 1.84485 5.72531
      vertex 5.83204 1.82 14.15
    endloop
  endfacet
  facet normal 0.065413 0.997858 0
    outer loop
      vertex 5.83204 1.82 14.15
      vertex 5.45296 1.84485 5.72531
      vertex 5.45296 1.84485 32.5747
    endloop
  endfacet
  facet normal -0.321438 0.946931 0
    outer loop
      vertex 35.9038 2.12801 5.72531
      vertex 35.3847 1.9518 32.5747
      vertex 35.9038 2.12801 32.5747
    endloop
  endfacet
  facet normal -0.321438 0.946931 0
    outer loop
      vertex 35.3847 1.9518 32.5747
      vertex 35.9038 2.12801 5.72531
      vertex 35.3847 1.9518 5.72531
    endloop
  endfacet
  facet normal -0.0631955 0.963996 0.258297
    outer loop
      vertex 34.8191 2.05692 4.64995
      vertex 34.3 2.02289 4.64995
      vertex 34.3 1.8807 5.18062
    endloop
  endfacet
  facet normal -0.408751 0.82883 0.382051
    outer loop
      vertex 36.2886 2.55572 4.64995
      vertex 36.1834 2.7378 4.14239
      vertex 35.7415 2.51987 4.14239
    endloop
  endfacet
  facet normal 0 1 -0
    outer loop
      vertex 34.3 1.80899 5.72531
      vertex 6 1.80899 14.1391
      vertex 34.3 1.80899 14.1391
    endloop
  endfacet
  facet normal 0 1 0
    outer loop
      vertex 6 1.80899 14.1391
      vertex 34.3 1.80899 5.72531
      vertex 6 1.80899 5.72531
    endloop
  endfacet
  facet normal 0 1 -0
    outer loop
      vertex 34.3 1.80899 30.1609
      vertex 6 1.80899 32.5747
      vertex 34.3 1.80899 32.5747
    endloop
  endfacet
  facet normal 0 1 0
    outer loop
      vertex 6 1.80899 32.5747
      vertex 34.3 1.80899 30.1609
      vertex 6 1.80899 30.1609
    endloop
  endfacet
  facet normal -0.636893 0.726167 -0.258939
    outer loop
      vertex 36.8531 2.8 33.1986
      vertex 36.8853 2.8 33.1194
      vertex 36.8077 2.73194 33.1194
    endloop
  endfacet
  facet normal 0.19343 0.972431 0.13024
    outer loop
      vertex 5.45296 1.84485 5.72531
      vertex 5.46232 1.91594 5.18062
      vertex 4.93385 2.02106 5.18062
    endloop
  endfacet
  facet normal -0.0604484 0.9222 -0.381961
    outer loop
      vertex 34.3 2.23313 34.1576
      vertex 34.7917 2.26536 34.1576
      vertex 34.3 2.02289 33.65
    endloop
  endfacet
  facet normal 0.0604509 0.922199 -0.381961
    outer loop
      vertex 6 2.23313 34.1576
      vertex 6 2.02289 33.65
      vertex 5.50832 2.26536 34.1576
    endloop
  endfacet
  facet normal -0.0648599 0.989358 -0.130249
    outer loop
      vertex 34.3 1.8807 33.1194
      vertex 34.847 1.84485 32.5747
      vertex 34.3 1.80899 32.5747
    endloop
  endfacet
  facet normal 0.310526 0.914796 0.258307
    outer loop
      vertex 4.93385 2.02106 5.18062
      vertex 4.47803 2.32563 4.64995
      vertex 4.42361 2.19426 5.18062
    endloop
  endfacet
  facet normal -0.063195 0.963988 -0.258329
    outer loop
      vertex 34.3 2.02289 33.65
      vertex 34.8191 2.05692 33.65
      vertex 34.3 1.8807 33.1194
    endloop
  endfacet
  facet normal -0.180308 0.906425 -0.381946
    outer loop
      vertex 35.3293 2.15841 33.65
      vertex 34.8191 2.05692 33.65
      vertex 34.7917 2.26536 34.1576
    endloop
  endfacet
  facet normal -0.297018 0.875138 0.381986
    outer loop
      vertex 35.3293 2.15841 4.64995
      vertex 35.822 2.32563 4.64995
      vertex 35.2749 2.36149 4.14239
    endloop
  endfacet
  facet normal -0.31048 0.914803 -0.258337
    outer loop
      vertex 35.822 2.32563 33.65
      vertex 35.3661 2.02106 33.1194
      vertex 35.3293 2.15841 33.65
    endloop
  endfacet
  facet normal -0.195081 0.980787 0
    outer loop
      vertex 35.3847 1.9518 5.72531
      vertex 34.847 1.84485 32.5747
      vertex 35.3847 1.9518 32.5747
    endloop
  endfacet
  facet normal -0.195081 0.980787 0
    outer loop
      vertex 34.847 1.84485 32.5747
      vertex 35.3847 1.9518 5.72531
      vertex 34.847 1.84485 5.72531
    endloop
  endfacet
  facet normal -0.0604549 0.922191 0.38198
    outer loop
      vertex 34.8191 2.05692 4.64995
      vertex 34.7917 2.26536 4.14239
      vertex 34.3 2.02289 4.64995
    endloop
  endfacet
  facet normal 0.0566772 0.864631 0.4992
    outer loop
      vertex 6 2.23313 4.14239
      vertex 6 2.50783 3.6666
      vertex 5.50832 2.26536 4.14239
    endloop
  endfacet
  facet normal 0.0631925 0.963988 -0.258329
    outer loop
      vertex 6 2.02289 33.65
      vertex 6 1.8807 33.1194
      vertex 5.48088 2.05692 33.65
    endloop
  endfacet
  facet normal 0.550841 0.824385 0.130243
    outer loop
      vertex 3.9045 2.37048 5.72531
      vertex 3.94035 2.43258 5.18062
      vertex 3.49233 2.73194 5.18062
    endloop
  endfacet
  facet normal -0.0604556 0.922202 -0.381955
    outer loop
      vertex 34.7917 2.26536 34.1576
      vertex 34.8191 2.05692 33.65
      vertex 34.3 2.02289 33.65
    endloop
  endfacet
  facet normal 0.0631804 0.963986 -0.25834
    outer loop
      vertex 5.48088 2.05692 33.65
      vertex 6 1.8807 33.1194
      vertex 5.46232 1.91594 33.1194
    endloop
  endfacet
  facet normal -0.351286 0.71204 0.607946
    outer loop
      vertex 35.6364 2.77365 3.6666
      vertex 35.6494 2.8 3.64325
      vertex 35.6255 2.8 3.62944
    endloop
  endfacet
  facet normal -0.0648412 0.989361 -0.130231
    outer loop
      vertex 34.8377 1.91594 33.1194
      vertex 34.847 1.84485 32.5747
      vertex 34.3 1.8807 33.1194
    endloop
  endfacet
  facet normal -0.438567 0.889205 -0.130281
    outer loop
      vertex 36.3596 2.43258 33.1194
      vertex 36.3955 2.37048 32.5747
      vertex 35.8764 2.19426 33.1194
    endloop
  endfacet
  facet normal 0.0648551 0.989358 0.130252
    outer loop
      vertex 6 1.80899 5.72531
      vertex 6 1.8807 5.18062
      vertex 5.45296 1.84485 5.72531
    endloop
  endfacet
  facet normal -0.351353 0.712039 0.607908
    outer loop
      vertex 35.6898 2.8 3.6666
      vertex 35.6494 2.8 3.64325
      vertex 35.6364 2.77365 3.6666
    endloop
  endfacet
  facet normal -0.481375 0.720515 0.499135
    outer loop
      vertex 36.1834 2.7378 4.14239
      vertex 36.2765 2.8 4.14239
      vertex 36.1475 2.8 4.01798
    endloop
  endfacet
  facet normal -0.193419 0.972432 -0.130252
    outer loop
      vertex 35.3661 2.02106 33.1194
      vertex 35.3847 1.9518 32.5747
      vertex 34.847 1.84485 32.5747
    endloop
  endfacet
  facet normal -0.278514 0.820524 -0.499169
    outer loop
      vertex 35.6364 2.77365 34.6334
      vertex 35.7415 2.51987 34.1576
      vertex 35.2749 2.36149 34.1576
    endloop
  endfacet
  facet normal 0 0.923889 -0.38266
    outer loop
      vertex 34.3 2.02289 33.65
      vertex 6 2.23313 34.1576
      vertex 34.3 2.23313 34.1576
    endloop
  endfacet
  facet normal 0 0.923889 -0.38266
    outer loop
      vertex 6 2.23313 34.1576
      vertex 34.3 2.02289 33.65
      vertex 6 2.02289 33.65
    endloop
  endfacet
  facet normal -0.38322 0.777144 -0.499189
    outer loop
      vertex 35.7415 2.51987 34.1576
      vertex 35.6898 2.8 34.6334
      vertex 35.9287 2.8 34.45
    endloop
  endfacet
  facet normal -0.383435 0.777056 -0.49916
    outer loop
      vertex 35.6898 2.8 34.6334
      vertex 35.7415 2.51987 34.1576
      vertex 35.6364 2.77365 34.6334
    endloop
  endfacet
  facet normal -0.408755 0.82884 -0.382026
    outer loop
      vertex 36.1834 2.7378 34.1576
      vertex 36.2886 2.55572 33.65
      vertex 35.7415 2.51987 34.1576
    endloop
  endfacet
  facet normal -0.653671 0.745483 -0.130271
    outer loop
      vertex 36.8513 2.67505 32.5747
      vertex 36.9095 2.8 32.9977
      vertex 36.9938 2.8 32.5747
    endloop
  endfacet
  facet normal -0.653906 0.745292 -0.130182
    outer loop
      vertex 36.9095 2.8 32.9977
      vertex 36.8513 2.67505 32.5747
      vertex 36.8077 2.73194 33.1194
    endloop
  endfacet
  facet normal -0.0654172 0.997858 -1.51224e-06
    outer loop
      vertex 34.468 1.82 30.15
      vertex 34.3 1.80899 32.5747
      vertex 34.847 1.84485 32.5747
    endloop
  endfacet
  facet normal -0.0653954 0.997859 0
    outer loop
      vertex 34.3 1.80899 32.5747
      vertex 34.468 1.82 30.15
      vertex 34.3 1.80899 30.1609
    endloop
  endfacet
  facet normal -0.0654268 0.997857 0
    outer loop
      vertex 34.847 1.84485 32.5747
      vertex 34.468 1.82 14.15
      vertex 34.468 1.82 30.15
    endloop
  endfacet
  facet normal -0.0654268 0.997857 0
    outer loop
      vertex 34.847 1.84485 5.72531
      vertex 34.468 1.82 14.15
      vertex 34.847 1.84485 32.5747
    endloop
  endfacet
  facet normal -0.0653955 0.997859 1.41298e-06
    outer loop
      vertex 34.847 1.84485 5.72531
      vertex 34.3 1.80899 14.1391
      vertex 34.468 1.82 14.15
    endloop
  endfacet
  facet normal -0.0654172 0.997858 0
    outer loop
      vertex 34.3 1.80899 14.1391
      vertex 34.847 1.84485 5.72531
      vertex 34.3 1.80899 5.72531
    endloop
  endfacet
  facet normal -0.0566752 0.864636 -0.499192
    outer loop
      vertex 34.3 2.50783 34.6334
      vertex 34.7917 2.26536 34.1576
      vertex 34.3 2.23313 34.1576
    endloop
  endfacet
  facet normal 0.318696 0.938866 -0.130246
    outer loop
      vertex 4.42361 2.19426 33.1194
      vertex 4.93385 2.02106 33.1194
      vertex 4.39617 2.12801 32.5747
    endloop
  endfacet
  facet normal -0.255221 0.751818 0.607974
    outer loop
      vertex 35.6364 2.77365 3.6666
      vertex 35.6255 2.8 3.62944
      vertex 35.5588 2.8 3.60144
    endloop
  endfacet
  facet normal 0.0648435 0.98936 -0.130238
    outer loop
      vertex 5.46232 1.91594 33.1194
      vertex 6 1.8807 33.1194
      vertex 5.45296 1.84485 32.5747
    endloop
  endfacet
  facet normal -0.051923 0.792317 -0.607897
    outer loop
      vertex 34.3 2.50783 34.6334
      vertex 34.3633 2.8 35.0088
      vertex 34.7558 2.5377 34.6334
    endloop
  endfacet
  facet normal -0.0518592 0.792314 -0.607905
    outer loop
      vertex 34.3633 2.8 35.0088
      vertex 34.3 2.50783 34.6334
      vertex 34.3 2.8 35.0142
    endloop
  endfacet
  facet normal -0.188477 0.947491 -0.258337
    outer loop
      vertex 35.3293 2.15841 33.65
      vertex 35.3661 2.02106 33.1194
      vertex 34.8191 2.05692 33.65
    endloop
  endfacet
  facet normal -0.193455 0.972429 -0.130217
    outer loop
      vertex 35.3661 2.02106 33.1194
      vertex 34.847 1.84485 32.5747
      vertex 34.8377 1.91594 33.1194
    endloop
  endfacet
  facet normal 0 0.991445 0.130527
    outer loop
      vertex 34.3 1.8807 5.18062
      vertex 6 1.80899 5.72531
      vertex 34.3 1.80899 5.72531
    endloop
  endfacet
  facet normal 0 0.991445 0.130527
    outer loop
      vertex 6 1.80899 5.72531
      vertex 34.3 1.8807 5.18062
      vertex 6 1.8807 5.18062
    endloop
  endfacet
  facet normal -0.180324 0.906404 0.381989
    outer loop
      vertex 35.3293 2.15841 4.64995
      vertex 35.2749 2.36149 4.14239
      vertex 34.7917 2.26536 4.14239
    endloop
  endfacet
  facet normal 0.0604502 0.922189 0.381986
    outer loop
      vertex 6 2.02289 4.64995
      vertex 6 2.23313 4.14239
      vertex 5.50832 2.26536 4.14239
    endloop
  endfacet
  facet normal -0.513383 0.768424 0.382051
    outer loop
      vertex 36.1834 2.7378 4.14239
      vertex 36.4518 2.8 4.37795
      vertex 36.2765 2.8 4.14239
    endloop
  endfacet
  facet normal -0.513392 0.768411 0.382065
    outer loop
      vertex 36.4518 2.8 4.37795
      vertex 36.1834 2.7378 4.14239
      vertex 36.2886 2.55572 4.64995
    endloop
  endfacet
  facet normal -0.383265 0.777153 0.499141
    outer loop
      vertex 36.1475 2.8 4.01798
      vertex 35.7415 2.51987 4.14239
      vertex 36.1834 2.7378 4.14239
    endloop
  endfacet
  facet normal -0.38325 0.777143 0.499168
    outer loop
      vertex 35.7415 2.51987 4.14239
      vertex 36.1475 2.8 4.01798
      vertex 35.9287 2.8 3.84999
    endloop
  endfacet
  facet normal -0.180326 0.906414 -0.381963
    outer loop
      vertex 35.2749 2.36149 34.1576
      vertex 35.3293 2.15841 33.65
      vertex 34.7917 2.26536 34.1576
    endloop
  endfacet
  facet normal -0.255246 0.752021 -0.607712
    outer loop
      vertex 35.2038 2.62682 34.6334
      vertex 35.5588 2.8 34.6986
      vertex 35.6364 2.77365 34.6334
    endloop
  endfacet
  facet normal -0.255088 0.751818 -0.60803
    outer loop
      vertex 35.5588 2.8 34.6986
      vertex 35.2038 2.62682 34.6334
      vertex 35.1574 2.8 34.867
    endloop
  endfacet
  facet normal -0.442275 0.89688 0
    outer loop
      vertex 36.3955 2.37048 5.72531
      vertex 35.9038 2.12801 32.5747
      vertex 36.3955 2.37048 32.5747
    endloop
  endfacet
  facet normal -0.442275 0.89688 0
    outer loop
      vertex 35.9038 2.12801 32.5747
      vertex 36.3955 2.37048 5.72531
      vertex 35.9038 2.12801 5.72531
    endloop
  endfacet
  facet normal -0.636915 0.726191 0.258817
    outer loop
      vertex 36.8853 2.8 5.18062
      vertex 36.8531 2.8 5.10138
      vertex 36.8077 2.73194 5.18062
    endloop
  endfacet
  facet normal -0.427327 0.866416 0.258292
    outer loop
      vertex 35.8764 2.19426 5.18062
      vertex 36.3596 2.43258 5.18062
      vertex 35.822 2.32563 4.64995
    endloop
  endfacet
  facet normal -0.438509 0.889244 -0.130214
    outer loop
      vertex 36.3955 2.37048 32.5747
      vertex 35.9038 2.12801 32.5747
      vertex 35.8764 2.19426 33.1194
    endloop
  endfacet
  facet normal -0.0631786 0.963993 0.258313
    outer loop
      vertex 34.8377 1.91594 5.18062
      vertex 34.8191 2.05692 4.64995
      vertex 34.3 1.8807 5.18062
    endloop
  endfacet
  facet normal -0.0648599 0.989357 0.130252
    outer loop
      vertex 34.847 1.84485 5.72531
      vertex 34.3 1.8807 5.18062
      vertex 34.3 1.80899 5.72531
    endloop
  endfacet
  facet normal 0.19343 0.972431 0.13024
    outer loop
      vertex 5.45296 1.84485 5.72531
      vertex 4.93385 2.02106 5.18062
      vertex 4.91529 1.9518 5.72531
    endloop
  endfacet
  facet normal 0.318689 0.938869 0.130241
    outer loop
      vertex 4.91529 1.9518 5.72531
      vertex 4.93385 2.02106 5.18062
      vertex 4.39617 2.12801 5.72531
    endloop
  endfacet
  facet normal 0.438529 0.889229 0.130248
    outer loop
      vertex 4.39617 2.12801 5.72531
      vertex 4.42361 2.19426 5.18062
      vertex 3.9045 2.37048 5.72531
    endloop
  endfacet
  facet normal 0.310523 0.914788 -0.258338
    outer loop
      vertex 4.47803 2.32563 33.65
      vertex 4.93385 2.02106 33.1194
      vertex 4.42361 2.19426 33.1194
    endloop
  endfacet
  facet normal 0.427276 0.866437 0.258308
    outer loop
      vertex 4.42361 2.19426 5.18062
      vertex 4.47803 2.32563 4.64995
      vertex 4.01145 2.55572 4.64995
    endloop
  endfacet
  facet normal 0 0.965927 0.258815
    outer loop
      vertex 34.3 2.02289 4.64995
      vertex 6 1.8807 5.18062
      vertex 34.3 1.8807 5.18062
    endloop
  endfacet
  facet normal 0 0.965927 0.258815
    outer loop
      vertex 6 1.8807 5.18062
      vertex 34.3 2.02289 4.64995
      vertex 6 2.02289 4.64995
    endloop
  endfacet
  facet normal -0.278513 0.82052 0.499177
    outer loop
      vertex 35.7415 2.51987 4.14239
      vertex 35.6364 2.77365 3.6666
      vertex 35.2749 2.36149 4.14239
    endloop
  endfacet
  facet normal -0.383206 0.777145 0.499198
    outer loop
      vertex 35.6898 2.8 3.6666
      vertex 35.7415 2.51987 4.14239
      vertex 35.9287 2.8 3.84999
    endloop
  endfacet
  facet normal -0.383433 0.777052 0.499168
    outer loop
      vertex 35.7415 2.51987 4.14239
      vertex 35.6898 2.8 3.6666
      vertex 35.6364 2.77365 3.6666
    endloop
  endfacet
  facet normal 0.180304 0.906418 -0.381965
    outer loop
      vertex 5.02506 2.36149 34.1576
      vertex 5.50832 2.26536 34.1576
      vertex 4.97065 2.15841 33.65
    endloop
  endfacet
  facet normal 0.169051 0.849848 -0.49918
    outer loop
      vertex 5.54418 2.5377 34.6334
      vertex 5.50832 2.26536 34.1576
      vertex 5.09616 2.62682 34.6334
    endloop
  endfacet
  facet normal 0.427283 0.866435 0.258301
    outer loop
      vertex 4.42361 2.19426 5.18062
      vertex 4.01145 2.55572 4.64995
      vertex 3.94035 2.43258 5.18062
    endloop
  endfacet
  facet normal 0.195092 0.980785 -0
    outer loop
      vertex 5.45296 1.84485 5.72531
      vertex 4.91529 1.9518 32.5747
      vertex 5.45296 1.84485 32.5747
    endloop
  endfacet
  facet normal 0.195092 0.980785 0
    outer loop
      vertex 4.91529 1.9518 32.5747
      vertex 5.45296 1.84485 5.72531
      vertex 4.91529 1.9518 5.72531
    endloop
  endfacet
  facet normal -0.188492 0.947483 -0.258353
    outer loop
      vertex 35.3661 2.02106 33.1194
      vertex 34.8377 1.91594 33.1194
      vertex 34.8191 2.05692 33.65
    endloop
  endfacet
  facet normal -0.063178 0.963985 -0.258345
    outer loop
      vertex 34.8191 2.05692 33.65
      vertex 34.8377 1.91594 33.1194
      vertex 34.3 1.8807 33.1194
    endloop
  endfacet
  facet normal -0.659289 0.75189 0
    outer loop
      vertex 36.9938 2.8 5.72531
      vertex 36.8513 2.67505 32.5747
      vertex 36.9938 2.8 32.5747
    endloop
  endfacet
  facet normal -0.659289 0.75189 0
    outer loop
      vertex 36.8513 2.67505 32.5747
      vertex 36.9938 2.8 5.72531
      vertex 36.8513 2.67505 5.72531
    endloop
  endfacet
  facet normal -0.188494 0.947491 0.258321
    outer loop
      vertex 34.8377 1.91594 5.18062
      vertex 35.3661 2.02106 5.18062
      vertex 34.8191 2.05692 4.64995
    endloop
  endfacet
  facet normal -0.180306 0.906415 0.381972
    outer loop
      vertex 34.8191 2.05692 4.64995
      vertex 35.3293 2.15841 4.64995
      vertex 34.7917 2.26536 4.14239
    endloop
  endfacet
  facet normal -0.169071 0.849839 0.499188
    outer loop
      vertex 35.2749 2.36149 4.14239
      vertex 35.2038 2.62682 3.6666
      vertex 34.7917 2.26536 4.14239
    endloop
  endfacet
  facet normal -0.0566624 0.864638 0.49919
    outer loop
      vertex 34.7917 2.26536 4.14239
      vertex 34.7558 2.5377 3.6666
      vertex 34.3 2.50783 3.6666
    endloop
  endfacet
  facet normal 0.318696 0.938865 0.130248
    outer loop
      vertex 4.93385 2.02106 5.18062
      vertex 4.42361 2.19426 5.18062
      vertex 4.39617 2.12801 5.72531
    endloop
  endfacet
  facet normal -0.427271 0.866464 0.258226
    outer loop
      vertex 36.3596 2.43258 5.18062
      vertex 36.2886 2.55572 4.64995
      vertex 35.822 2.32563 4.64995
    endloop
  endfacet
  facet normal -0.536667 0.803316 0.258209
    outer loop
      vertex 36.3596 2.43258 5.18062
      vertex 36.8077 2.73194 5.18062
      vertex 36.2886 2.55572 4.64995
    endloop
  endfacet
  facet normal -0.297048 0.875127 -0.381988
    outer loop
      vertex 35.7415 2.51987 34.1576
      vertex 35.822 2.32563 33.65
      vertex 35.2749 2.36149 34.1576
    endloop
  endfacet
  facet normal -0.297021 0.875148 -0.38196
    outer loop
      vertex 35.822 2.32563 33.65
      vertex 35.3293 2.15841 33.65
      vertex 35.2749 2.36149 34.1576
    endloop
  endfacet
  facet normal -0.653786 0.745428 -0.130005
    outer loop
      vertex 36.8853 2.8 33.1194
      vertex 36.9095 2.8 32.9977
      vertex 36.8077 2.73194 33.1194
    endloop
  endfacet
  facet normal -0.481366 0.720501 -0.499165
    outer loop
      vertex 36.2765 2.8 34.1576
      vertex 36.1834 2.7378 34.1576
      vertex 36.1475 2.8 34.282
    endloop
  endfacet
  facet normal -0.193419 0.972431 0.130254
    outer loop
      vertex 35.3847 1.9518 5.72531
      vertex 35.3661 2.02106 5.18062
      vertex 34.847 1.84485 5.72531
    endloop
  endfacet
  facet normal -0.438567 0.889205 0.130284
    outer loop
      vertex 36.3955 2.37048 5.72531
      vertex 36.3596 2.43258 5.18062
      vertex 35.8764 2.19426 5.18062
    endloop
  endfacet
  facet normal -0.193455 0.972429 0.130219
    outer loop
      vertex 34.847 1.84485 5.72531
      vertex 35.3661 2.02106 5.18062
      vertex 34.8377 1.91594 5.18062
    endloop
  endfacet
  facet normal -0.0648411 0.989361 0.130233
    outer loop
      vertex 34.847 1.84485 5.72531
      vertex 34.8377 1.91594 5.18062
      vertex 34.3 1.8807 5.18062
    endloop
  endfacet
  facet normal 0 0.793382 -0.608725
    outer loop
      vertex 34.3 2.50783 34.6334
      vertex 6 2.8 35.0142
      vertex 34.3 2.8 35.0142
    endloop
  endfacet
  facet normal 0 0.793382 -0.608725
    outer loop
      vertex 6 2.8 35.0142
      vertex 34.3 2.50783 34.6334
      vertex 6 2.50783 34.6334
    endloop
  endfacet
  facet normal -0.0566627 0.864642 -0.499182
    outer loop
      vertex 34.7558 2.5377 34.6334
      vertex 34.7917 2.26536 34.1576
      vertex 34.3 2.50783 34.6334
    endloop
  endfacet
  facet normal 0.550841 0.824385 -0.13024
    outer loop
      vertex 3.94035 2.43258 33.1194
      vertex 3.9045 2.37048 32.5747
      vertex 3.49233 2.73194 33.1194
    endloop
  endfacet
  facet normal 0.321427 0.946934 -0
    outer loop
      vertex 4.91529 1.9518 5.72531
      vertex 4.39617 2.12801 32.5747
      vertex 4.91529 1.9518 32.5747
    endloop
  endfacet
  facet normal 0.321427 0.946934 0
    outer loop
      vertex 4.39617 2.12801 32.5747
      vertex 4.91529 1.9518 5.72531
      vertex 4.39617 2.12801 5.72531
    endloop
  endfacet
  facet normal 0.383247 0.777133 0.499186
    outer loop
      vertex 4.55848 2.51987 4.14239
      vertex 4.6636 2.77365 3.6666
      vertex 4.11657 2.7378 4.14239
    endloop
  endfacet
  facet normal 0.438525 0.889231 0.130244
    outer loop
      vertex 4.42361 2.19426 5.18062
      vertex 3.94035 2.43258 5.18062
      vertex 3.9045 2.37048 5.72531
    endloop
  endfacet
  facet normal 0.427279 0.866427 -0.258333
    outer loop
      vertex 4.01145 2.55572 33.65
      vertex 4.42361 2.19426 33.1194
      vertex 3.94035 2.43258 33.1194
    endloop
  endfacet
  facet normal 0.408746 0.828862 0.381988
    outer loop
      vertex 4.47803 2.32563 4.64995
      vertex 4.55848 2.51987 4.14239
      vertex 4.01145 2.55572 4.64995
    endloop
  endfacet
  facet normal -0.408726 0.828856 0.382023
    outer loop
      vertex 35.822 2.32563 4.64995
      vertex 36.2886 2.55572 4.64995
      vertex 35.7415 2.51987 4.14239
    endloop
  endfacet
  facet normal -0.297045 0.875117 0.382014
    outer loop
      vertex 35.822 2.32563 4.64995
      vertex 35.7415 2.51987 4.14239
      vertex 35.2749 2.36149 4.14239
    endloop
  endfacet
  facet normal 0.408751 0.828871 -0.381962
    outer loop
      vertex 4.55848 2.51987 34.1576
      vertex 4.47803 2.32563 33.65
      vertex 4.01145 2.55572 33.65
    endloop
  endfacet
  facet normal 0.180297 0.906422 -0.381958
    outer loop
      vertex 5.50832 2.26536 34.1576
      vertex 5.48088 2.05692 33.65
      vertex 4.97065 2.15841 33.65
    endloop
  endfacet
  facet normal 0 0.965918 -0.258846
    outer loop
      vertex 34.3 1.8807 33.1194
      vertex 6 2.02289 33.65
      vertex 34.3 2.02289 33.65
    endloop
  endfacet
  facet normal 0 0.965918 -0.258846
    outer loop
      vertex 6 2.02289 33.65
      vertex 34.3 1.8807 33.1194
      vertex 6 1.8807 33.1194
    endloop
  endfacet
  facet normal 0.0518838 0.792313 -0.607905
    outer loop
      vertex 6 2.50783 34.6334
      vertex 5.93673 2.8 35.0088
      vertex 6 2.8 35.0142
    endloop
  endfacet
  facet normal 0.0519206 0.792315 -0.6079
    outer loop
      vertex 5.93673 2.8 35.0088
      vertex 6 2.50783 34.6334
      vertex 5.54418 2.5377 34.6334
    endloop
  endfacet
  facet normal -0.438509 0.889243 0.130216
    outer loop
      vertex 35.9038 2.12801 5.72531
      vertex 36.3955 2.37048 5.72531
      vertex 35.8764 2.19426 5.18062
    endloop
  endfacet
  facet normal -0.65367 0.745482 0.13028
    outer loop
      vertex 36.9095 2.8 5.30234
      vertex 36.8513 2.67505 5.72531
      vertex 36.9938 2.8 5.72531
    endloop
  endfacet
  facet normal -0.653924 0.745276 0.130184
    outer loop
      vertex 36.8513 2.67505 5.72531
      vertex 36.9095 2.8 5.30234
      vertex 36.8077 2.73194 5.18062
    endloop
  endfacet
  facet normal -0.427267 0.866456 -0.258257
    outer loop
      vertex 36.2886 2.55572 33.65
      vertex 36.3596 2.43258 33.1194
      vertex 35.822 2.32563 33.65
    endloop
  endfacet
  facet normal -0.3187 0.938862 -0.130261
    outer loop
      vertex 35.9038 2.12801 32.5747
      vertex 35.3847 1.9518 32.5747
      vertex 35.3661 2.02106 33.1194
    endloop
  endfacet
  facet normal -0.0604477 0.922189 0.381986
    outer loop
      vertex 34.7917 2.26536 4.14239
      vertex 34.3 2.23313 4.14239
      vertex 34.3 2.02289 4.64995
    endloop
  endfacet
  facet normal -0.255188 0.751851 0.607947
    outer loop
      vertex 35.5588 2.8 3.60144
      vertex 35.2038 2.62682 3.6666
      vertex 35.6364 2.77365 3.6666
    endloop
  endfacet
  facet normal -0.255189 0.751852 0.607945
    outer loop
      vertex 35.2038 2.62682 3.6666
      vertex 35.5588 2.8 3.60144
      vertex 35.1574 2.8 3.43295
    endloop
  endfacet
  facet normal -0.278495 0.820519 0.499189
    outer loop
      vertex 35.2749 2.36149 4.14239
      vertex 35.6364 2.77365 3.6666
      vertex 35.2038 2.62682 3.6666
    endloop
  endfacet
  facet normal -0.536806 0.803188 0.258318
    outer loop
      vertex 36.2886 2.55572 4.64995
      vertex 36.7554 2.8 4.86046
      vertex 36.6541 2.8 4.64995
    endloop
  endfacet
  facet normal -0.536829 0.803138 0.258426
    outer loop
      vertex 36.7554 2.8 4.86046
      vertex 36.2886 2.55572 4.64995
      vertex 36.8077 2.73194 5.18062
    endloop
  endfacet
  facet normal -0.513538 0.768373 0.381944
    outer loop
      vertex 36.6541 2.8 4.64995
      vertex 36.4518 2.8 4.37795
      vertex 36.2886 2.55572 4.64995
    endloop
  endfacet
  facet normal -0.555588 0.831458 0
    outer loop
      vertex 36.8513 2.67505 5.72531
      vertex 36.3955 2.37048 32.5747
      vertex 36.8513 2.67505 32.5747
    endloop
  endfacet
  facet normal -0.555588 0.831458 0
    outer loop
      vertex 36.3955 2.37048 32.5747
      vertex 36.8513 2.67505 5.72531
      vertex 36.3955 2.37048 5.72531
    endloop
  endfacet
  facet normal -0.318699 0.938862 0.130264
    outer loop
      vertex 35.3847 1.9518 5.72531
      vertex 35.9038 2.12801 5.72531
      vertex 35.3661 2.02106 5.18062
    endloop
  endfacet
  facet normal -0.40873 0.828865 -0.381997
    outer loop
      vertex 36.2886 2.55572 33.65
      vertex 35.822 2.32563 33.65
      vertex 35.7415 2.51987 34.1576
    endloop
  endfacet
  facet normal -0.427323 0.866409 -0.258324
    outer loop
      vertex 36.3596 2.43258 33.1194
      vertex 35.8764 2.19426 33.1194
      vertex 35.822 2.32563 33.65
    endloop
  endfacet
  facet normal -0.513364 0.768395 -0.382134
    outer loop
      vertex 36.4518 2.8 33.9221
      vertex 36.1834 2.7378 34.1576
      vertex 36.2765 2.8 34.1576
    endloop
  endfacet
  facet normal -0.513303 0.768482 -0.382042
    outer loop
      vertex 36.1834 2.7378 34.1576
      vertex 36.4518 2.8 33.9221
      vertex 36.2886 2.55572 33.65
    endloop
  endfacet
  facet normal -0.383257 0.777137 -0.499171
    outer loop
      vertex 35.7415 2.51987 34.1576
      vertex 36.1475 2.8 34.282
      vertex 36.1834 2.7378 34.1576
    endloop
  endfacet
  facet normal -0.383265 0.777142 -0.499157
    outer loop
      vertex 36.1475 2.8 34.282
      vertex 35.7415 2.51987 34.1576
      vertex 35.9287 2.8 34.45
    endloop
  endfacet
  facet normal -0.637342 0.725935 -0.258482
    outer loop
      vertex 36.8531 2.8 33.1986
      vertex 36.8077 2.73194 33.1194
      vertex 36.7554 2.8 33.4395
    endloop
  endfacet
  facet normal -0.351074 0.711474 -0.608729
    outer loop
      vertex 35.6494 2.8 34.6567
      vertex 35.6898 2.8 34.6334
      vertex 35.6364 2.77365 34.6334
    endloop
  endfacet
  facet normal -0.653788 0.74543 0.129984
    outer loop
      vertex 36.9095 2.8 5.30234
      vertex 36.8853 2.8 5.18062
      vertex 36.8077 2.73194 5.18062
    endloop
  endfacet
  facet normal -0.188478 0.947499 0.258305
    outer loop
      vertex 35.3661 2.02106 5.18062
      vertex 35.3293 2.15841 4.64995
      vertex 34.8191 2.05692 4.64995
    endloop
  endfacet
  facet normal -0.310482 0.914811 0.258306
    outer loop
      vertex 35.3661 2.02106 5.18062
      vertex 35.822 2.32563 4.64995
      vertex 35.3293 2.15841 4.64995
    endloop
  endfacet
  facet normal -0.0519621 0.792295 -0.607922
    outer loop
      vertex 34.7213 2.8 34.9782
      vertex 34.7558 2.5377 34.6334
      vertex 34.3633 2.8 35.0088
    endloop
  endfacet
  facet normal 0.278519 0.820516 -0.499181
    outer loop
      vertex 5.09616 2.62682 34.6334
      vertex 5.02506 2.36149 34.1576
      vertex 4.6636 2.77365 34.6334
    endloop
  endfacet
  facet normal 0.383249 0.777137 -0.499178
    outer loop
      vertex 4.6636 2.77365 34.6334
      vertex 4.55848 2.51987 34.1576
      vertex 4.11657 2.7378 34.1576
    endloop
  endfacet
  facet normal 0.0566775 0.864636 -0.499192
    outer loop
      vertex 6 2.50783 34.6334
      vertex 6 2.23313 34.1576
      vertex 5.50832 2.26536 34.1576
    endloop
  endfacet
  facet normal 0.536715 0.803244 -0.258334
    outer loop
      vertex 4.01145 2.55572 33.65
      vertex 3.94035 2.43258 33.1194
      vertex 3.49233 2.73194 33.1194
    endloop
  endfacet
  facet normal 0.442296 0.896869 -0
    outer loop
      vertex 4.39617 2.12801 5.72531
      vertex 3.9045 2.37048 32.5747
      vertex 4.39617 2.12801 32.5747
    endloop
  endfacet
  facet normal 0.442296 0.896869 0
    outer loop
      vertex 3.9045 2.37048 32.5747
      vertex 4.39617 2.12801 5.72531
      vertex 3.9045 2.37048 5.72531
    endloop
  endfacet
  facet normal 0.653725 0.74544 0.130244
    outer loop
      vertex 3.44868 2.67505 5.72531
      vertex 3.39047 2.8 5.30234
      vertex 3.3062 2.8 5.72531
    endloop
  endfacet
  facet normal 0.653723 0.745442 0.130245
    outer loop
      vertex 3.39047 2.8 5.30234
      vertex 3.44868 2.67505 5.72531
      vertex 3.49233 2.73194 5.18062
    endloop
  endfacet
  facet normal 0.550839 0.824386 0.130246
    outer loop
      vertex 3.9045 2.37048 5.72531
      vertex 3.49233 2.73194 5.18062
      vertex 3.44868 2.67505 5.72531
    endloop
  endfacet
  facet normal 0.408753 0.828854 0.381996
    outer loop
      vertex 4.55848 2.51987 4.14239
      vertex 4.11657 2.7378 4.14239
      vertex 4.01145 2.55572 4.64995
    endloop
  endfacet
  facet normal 0.513445 0.76841 0.381995
    outer loop
      vertex 4.11657 2.7378 4.14239
      vertex 3.84823 2.8 4.37795
      vertex 4.01145 2.55572 4.64995
    endloop
  endfacet
  facet normal 0.513409 0.768462 0.38194
    outer loop
      vertex 3.84823 2.8 4.37795
      vertex 4.11657 2.7378 4.14239
      vertex 4.02347 2.8 4.14239
    endloop
  endfacet
  facet normal 0 0.866023 0.500003
    outer loop
      vertex 34.3 2.50783 3.6666
      vertex 6 2.23313 4.14239
      vertex 34.3 2.23313 4.14239
    endloop
  endfacet
  facet normal 0 0.866023 0.500003
    outer loop
      vertex 6 2.23313 4.14239
      vertex 34.3 2.50783 3.6666
      vertex 6 2.50783 3.6666
    endloop
  endfacet
  facet normal 0 0.991445 -0.130524
    outer loop
      vertex 34.3 1.80899 32.5747
      vertex 6 1.8807 33.1194
      vertex 34.3 1.8807 33.1194
    endloop
  endfacet
  facet normal 0 0.991445 -0.130524
    outer loop
      vertex 6 1.8807 33.1194
      vertex 34.3 1.80899 32.5747
      vertex 6 1.80899 32.5747
    endloop
  endfacet
  facet normal 0.0648552 0.989358 -0.130249
    outer loop
      vertex 6 1.8807 33.1194
      vertex 6 1.80899 32.5747
      vertex 5.45296 1.84485 32.5747
    endloop
  endfacet
  facet normal 0.0566604 0.864645 -0.499179
    outer loop
      vertex 5.54418 2.5377 34.6334
      vertex 6 2.50783 34.6334
      vertex 5.50832 2.26536 34.1576
    endloop
  endfacet
  facet normal 0.31869 0.938869 -0.130239
    outer loop
      vertex 4.93385 2.02106 33.1194
      vertex 4.91529 1.9518 32.5747
      vertex 4.39617 2.12801 32.5747
    endloop
  endfacet
  facet normal 0.19343 0.972431 -0.130238
    outer loop
      vertex 4.93385 2.02106 33.1194
      vertex 5.45296 1.84485 32.5747
      vertex 4.91529 1.9518 32.5747
    endloop
  endfacet
  facet normal 0.408758 0.828864 -0.38197
    outer loop
      vertex 4.11657 2.7378 34.1576
      vertex 4.55848 2.51987 34.1576
      vertex 4.01145 2.55572 33.65
    endloop
  endfacet
  facet normal -0.550859 0.824381 -0.130194
    outer loop
      vertex 36.8077 2.73194 33.1194
      vertex 36.8513 2.67505 32.5747
      vertex 36.3955 2.37048 32.5747
    endloop
  endfacet
  facet normal -0.55077 0.824425 0.130293
    outer loop
      vertex 36.3955 2.37048 5.72531
      vertex 36.8077 2.73194 5.18062
      vertex 36.3596 2.43258 5.18062
    endloop
  endfacet
  facet normal -0.550859 0.824381 0.130196
    outer loop
      vertex 36.8513 2.67505 5.72531
      vertex 36.8077 2.73194 5.18062
      vertex 36.3955 2.37048 5.72531
    endloop
  endfacet
  facet normal -0.310491 0.914802 -0.258327
    outer loop
      vertex 35.822 2.32563 33.65
      vertex 35.8764 2.19426 33.1194
      vertex 35.3661 2.02106 33.1194
    endloop
  endfacet
  facet normal -0.318664 0.93888 -0.130222
    outer loop
      vertex 35.8764 2.19426 33.1194
      vertex 35.9038 2.12801 32.5747
      vertex 35.3661 2.02106 33.1194
    endloop
  endfacet
  facet normal 0.154903 0.778721 0.607947
    outer loop
      vertex 5.31415 2.8 3.38923
      vertex 5.09616 2.62682 3.6666
      vertex 5.54418 2.5377 3.6666
    endloop
  endfacet
  facet normal 0.154901 0.778722 0.607946
    outer loop
      vertex 5.09616 2.62682 3.6666
      vertex 5.31415 2.8 3.38923
      vertex 5.14256 2.8 3.43295
    endloop
  endfacet
  facet normal 0.0604525 0.922189 0.381984
    outer loop
      vertex 6 2.02289 4.64995
      vertex 5.50832 2.26536 4.14239
      vertex 5.48088 2.05692 4.64995
    endloop
  endfacet
  facet normal -0.637287 0.725999 0.258438
    outer loop
      vertex 36.8077 2.73194 5.18062
      vertex 36.8531 2.8 5.10138
      vertex 36.7554 2.8 4.86046
    endloop
  endfacet
  facet normal -0.513566 0.768414 -0.381824
    outer loop
      vertex 36.4518 2.8 33.9221
      vertex 36.6541 2.8 33.65
      vertex 36.2886 2.55572 33.65
    endloop
  endfacet
  facet normal -0.318663 0.93888 0.130225
    outer loop
      vertex 35.9038 2.12801 5.72531
      vertex 35.8764 2.19426 5.18062
      vertex 35.3661 2.02106 5.18062
    endloop
  endfacet
  facet normal -0.310494 0.91481 0.258295
    outer loop
      vertex 35.8764 2.19426 5.18062
      vertex 35.822 2.32563 4.64995
      vertex 35.3661 2.02106 5.18062
    endloop
  endfacet
  facet normal 0.353219 0.711389 -0.607587
    outer loop
      vertex 4.67452 2.8 34.6706
      vertex 4.6636 2.77365 34.6334
      vertex 4.65061 2.8 34.6567
    endloop
  endfacet
  facet normal -0.169058 0.84984 -0.49919
    outer loop
      vertex 35.2038 2.62682 34.6334
      vertex 34.7917 2.26536 34.1576
      vertex 34.7558 2.5377 34.6334
    endloop
  endfacet
  facet normal -0.155198 0.778591 -0.608038
    outer loop
      vertex 35.2038 2.62682 34.6334
      vertex 34.9858 2.8 34.9108
      vertex 35.1574 2.8 34.867
    endloop
  endfacet
  facet normal -0.154915 0.778746 -0.607911
    outer loop
      vertex 34.9858 2.8 34.9108
      vertex 35.2038 2.62682 34.6334
      vertex 34.7558 2.5377 34.6334
    endloop
  endfacet
  facet normal 0.0519594 0.792293 -0.607925
    outer loop
      vertex 5.57871 2.8 34.9782
      vertex 5.93673 2.8 35.0088
      vertex 5.54418 2.5377 34.6334
    endloop
  endfacet
  facet normal 0.350911 0.71141 -0.608898
    outer loop
      vertex 4.65061 2.8 34.6567
      vertex 4.6636 2.77365 34.6334
      vertex 4.61018 2.8 34.6334
    endloop
  endfacet
  facet normal 0.427272 0.866429 -0.258339
    outer loop
      vertex 4.47803 2.32563 33.65
      vertex 4.42361 2.19426 33.1194
      vertex 4.01145 2.55572 33.65
    endloop
  endfacet
  facet normal 0.513438 0.768412 0.382001
    outer loop
      vertex 4.01145 2.55572 4.64995
      vertex 3.84823 2.8 4.37795
      vertex 3.64586 2.8 4.64995
    endloop
  endfacet
  facet normal 0.53672 0.803251 0.258302
    outer loop
      vertex 3.94035 2.43258 5.18062
      vertex 4.01145 2.55572 4.64995
      vertex 3.49233 2.73194 5.18062
    endloop
  endfacet
  facet normal 0.0631931 0.963996 0.258297
    outer loop
      vertex 6 1.8807 5.18062
      vertex 6 2.02289 4.64995
      vertex 5.48088 2.05692 4.64995
    endloop
  endfacet
  facet normal 0.278522 0.820512 0.499186
    outer loop
      vertex 5.02506 2.36149 4.14239
      vertex 4.6636 2.77365 3.6666
      vertex 4.55848 2.51987 4.14239
    endloop
  endfacet
  facet normal 0.297059 0.875123 0.381989
    outer loop
      vertex 5.02506 2.36149 4.14239
      vertex 4.55848 2.51987 4.14239
      vertex 4.47803 2.32563 4.64995
    endloop
  endfacet
  facet normal 0.351208 0.711975 0.608066
    outer loop
      vertex 4.6636 2.77365 3.6666
      vertex 4.67452 2.8 3.62944
      vertex 4.65061 2.8 3.64325
    endloop
  endfacet
  facet normal 0.481357 0.720488 0.499191
    outer loop
      vertex 4.11657 2.7378 4.14239
      vertex 4.08589 2.8 4.0822
      vertex 4.02347 2.8 4.14239
    endloop
  endfacet
  facet normal 0.0566601 0.86464 0.499186
    outer loop
      vertex 6 2.50783 3.6666
      vertex 5.54418 2.5377 3.6666
      vertex 5.50832 2.26536 4.14239
    endloop
  endfacet
  facet normal -0.169057 0.849836 0.499198
    outer loop
      vertex 34.7917 2.26536 4.14239
      vertex 35.2038 2.62682 3.6666
      vertex 34.7558 2.5377 3.6666
    endloop
  endfacet
  facet normal 0 0.866028 -0.499996
    outer loop
      vertex 34.3 2.23313 34.1576
      vertex 6 2.50783 34.6334
      vertex 34.3 2.50783 34.6334
    endloop
  endfacet
  facet normal 0 0.866028 -0.499996
    outer loop
      vertex 6 2.50783 34.6334
      vertex 34.3 2.23313 34.1576
      vertex 6 2.23313 34.1576
    endloop
  endfacet
  facet normal 0.0604532 0.9222 -0.381959
    outer loop
      vertex 5.50832 2.26536 34.1576
      vertex 6 2.02289 33.65
      vertex 5.48088 2.05692 33.65
    endloop
  endfacet
  facet normal 0.19343 0.972431 -0.130238
    outer loop
      vertex 5.46232 1.91594 33.1194
      vertex 5.45296 1.84485 32.5747
      vertex 4.93385 2.02106 33.1194
    endloop
  endfacet
  facet normal 0.169052 0.849848 -0.49918
    outer loop
      vertex 5.09616 2.62682 34.6334
      vertex 5.50832 2.26536 34.1576
      vertex 5.02506 2.36149 34.1576
    endloop
  endfacet
  facet normal 0.481377 0.720518 -0.499129
    outer loop
      vertex 4.08589 2.8 34.2178
      vertex 4.11657 2.7378 34.1576
      vertex 4.02347 2.8 34.1576
    endloop
  endfacet
  facet normal 0.636996 0.726289 -0.258342
    outer loop
      vertex 3.54455 2.8 33.4395
      vertex 3.49233 2.73194 33.1194
      vertex 3.44685 2.8 33.1986
    endloop
  endfacet
  facet normal -0.55077 0.824425 -0.130291
    outer loop
      vertex 36.8077 2.73194 33.1194
      vertex 36.3955 2.37048 32.5747
      vertex 36.3596 2.43258 33.1194
    endloop
  endfacet
  facet normal -0.536663 0.803309 -0.258241
    outer loop
      vertex 36.8077 2.73194 33.1194
      vertex 36.3596 2.43258 33.1194
      vertex 36.2886 2.55572 33.65
    endloop
  endfacet
  facet normal 0 0.923878 0.382686
    outer loop
      vertex 34.3 2.23313 4.14239
      vertex 6 2.02289 4.64995
      vertex 34.3 2.02289 4.64995
    endloop
  endfacet
  facet normal 0 0.923878 0.382686
    outer loop
      vertex 6 2.02289 4.64995
      vertex 34.3 2.23313 4.14239
      vertex 6 2.23313 4.14239
    endloop
  endfacet
  facet normal -0.0519299 0.79228 0.607943
    outer loop
      vertex 34.7558 2.5377 3.6666
      vertex 34.7213 2.8 3.32182
      vertex 34.3633 2.8 3.29124
    endloop
  endfacet
  facet normal -0.0566749 0.864631 0.4992
    outer loop
      vertex 34.7917 2.26536 4.14239
      vertex 34.3 2.50783 3.6666
      vertex 34.3 2.23313 4.14239
    endloop
  endfacet
  facet normal -0.353296 0.711454 -0.607466
    outer loop
      vertex 35.6494 2.8 34.6567
      vertex 35.6364 2.77365 34.6334
      vertex 35.6255 2.8 34.6706
    endloop
  endfacet
  facet normal -0.169072 0.849843 -0.49918
    outer loop
      vertex 35.2038 2.62682 34.6334
      vertex 35.2749 2.36149 34.1576
      vertex 34.7917 2.26536 34.1576
    endloop
  endfacet
  facet normal -0.278496 0.820523 -0.499181
    outer loop
      vertex 35.6364 2.77365 34.6334
      vertex 35.2749 2.36149 34.1576
      vertex 35.2038 2.62682 34.6334
    endloop
  endfacet
  facet normal 0.438525 0.889232 -0.130241
    outer loop
      vertex 3.94035 2.43258 33.1194
      vertex 4.42361 2.19426 33.1194
      vertex 3.9045 2.37048 32.5747
    endloop
  endfacet
  facet normal 0.438529 0.889229 -0.130245
    outer loop
      vertex 4.42361 2.19426 33.1194
      vertex 4.39617 2.12801 32.5747
      vertex 3.9045 2.37048 32.5747
    endloop
  endfacet
  facet normal 0.653718 0.745446 0.130239
    outer loop
      vertex 3.49233 2.73194 5.18062
      vertex 3.41472 2.8 5.18062
      vertex 3.39047 2.8 5.30234
    endloop
  endfacet
  facet normal 0.255259 0.751733 0.608062
    outer loop
      vertex 4.74122 2.8 3.60144
      vertex 4.67452 2.8 3.62944
      vertex 4.6636 2.77365 3.6666
    endloop
  endfacet
  facet normal 0.0648435 0.98936 0.13024
    outer loop
      vertex 6 1.8807 5.18062
      vertex 5.46232 1.91594 5.18062
      vertex 5.45296 1.84485 5.72531
    endloop
  endfacet
  facet normal 0.180295 0.906412 0.381984
    outer loop
      vertex 5.48088 2.05692 4.64995
      vertex 5.50832 2.26536 4.14239
      vertex 4.97065 2.15841 4.64995
    endloop
  endfacet
  facet normal 0.481397 0.720481 0.499163
    outer loop
      vertex 4.11657 2.7378 4.14239
      vertex 4.15248 2.8 4.01798
      vertex 4.08589 2.8 4.0822
    endloop
  endfacet
  facet normal -0.0519209 0.792285 0.607938
    outer loop
      vertex 34.3633 2.8 3.29124
      vertex 34.3 2.50783 3.6666
      vertex 34.7558 2.5377 3.6666
    endloop
  endfacet
  facet normal -0.0518627 0.792283 0.607946
    outer loop
      vertex 34.3 2.50783 3.6666
      vertex 34.3633 2.8 3.29124
      vertex 34.3 2.8 3.28584
    endloop
  endfacet
  facet normal 0.297064 0.875132 -0.381964
    outer loop
      vertex 5.02506 2.36149 34.1576
      vertex 4.97065 2.15841 33.65
      vertex 4.47803 2.32563 33.65
    endloop
  endfacet
  facet normal 0.188469 0.947491 -0.25834
    outer loop
      vertex 5.48088 2.05692 33.65
      vertex 5.46232 1.91594 33.1194
      vertex 4.93385 2.02106 33.1194
    endloop
  endfacet
  facet normal 0.48128 0.720536 -0.499197
    outer loop
      vertex 4.15248 2.8 34.282
      vertex 4.11657 2.7378 34.1576
      vertex 4.08589 2.8 34.2178
    endloop
  endfacet
  facet normal 0.297063 0.875133 -0.381963
    outer loop
      vertex 4.55848 2.51987 34.1576
      vertex 5.02506 2.36149 34.1576
      vertex 4.47803 2.32563 33.65
    endloop
  endfacet
  facet normal 0.278523 0.820516 -0.499178
    outer loop
      vertex 4.6636 2.77365 34.6334
      vertex 5.02506 2.36149 34.1576
      vertex 4.55848 2.51987 34.1576
    endloop
  endfacet
  facet normal 0.255082 0.752134 -0.607641
    outer loop
      vertex 4.67452 2.8 34.6706
      vertex 4.74122 2.8 34.6986
      vertex 4.6636 2.77365 34.6334
    endloop
  endfacet
  facet normal 0.154909 0.778752 -0.607905
    outer loop
      vertex 5.09616 2.62682 34.6334
      vertex 5.31415 2.8 34.9108
      vertex 5.54418 2.5377 34.6334
    endloop
  endfacet
  facet normal 0.155208 0.778589 -0.608038
    outer loop
      vertex 5.31415 2.8 34.9108
      vertex 5.09616 2.62682 34.6334
      vertex 5.14256 2.8 34.867
    endloop
  endfacet
  facet normal 0.188471 0.9475 0.258308
    outer loop
      vertex 5.46232 1.91594 5.18062
      vertex 5.48088 2.05692 4.64995
      vertex 4.93385 2.02106 5.18062
    endloop
  endfacet
  facet normal 0.063181 0.963994 0.258308
    outer loop
      vertex 6 1.8807 5.18062
      vertex 5.48088 2.05692 4.64995
      vertex 5.46232 1.91594 5.18062
    endloop
  endfacet
  facet normal -0.255044 0.752219 -0.607552
    outer loop
      vertex 35.6255 2.8 34.6706
      vertex 35.6364 2.77365 34.6334
      vertex 35.5588 2.8 34.6986
    endloop
  endfacet
  facet normal -0.154909 0.778744 -0.607915
    outer loop
      vertex 34.9858 2.8 34.9108
      vertex 34.7558 2.5377 34.6334
      vertex 34.7213 2.8 34.9782
    endloop
  endfacet
  facet normal 0.659341 0.751844 -0
    outer loop
      vertex 3.44868 2.67505 5.72531
      vertex 3.3062 2.8 32.5747
      vertex 3.44868 2.67505 32.5747
    endloop
  endfacet
  facet normal 0.659341 0.751844 0
    outer loop
      vertex 3.3062 2.8 32.5747
      vertex 3.44868 2.67505 5.72531
      vertex 3.3062 2.8 5.72531
    endloop
  endfacet
  facet normal 0.536716 0.80325 -0.258312
    outer loop
      vertex 4.01145 2.55572 33.65
      vertex 3.54455 2.8 33.4395
      vertex 3.64586 2.8 33.65
    endloop
  endfacet
  facet normal 0.536723 0.803236 -0.258344
    outer loop
      vertex 3.54455 2.8 33.4395
      vertex 4.01145 2.55572 33.65
      vertex 3.49233 2.73194 33.1194
    endloop
  endfacet
  facet normal 0.636964 0.726341 0.258274
    outer loop
      vertex 3.49233 2.73194 5.18062
      vertex 3.44685 2.8 5.10138
      vertex 3.41472 2.8 5.18062
    endloop
  endfacet
  facet normal 0.278518 0.820511 0.499188
    outer loop
      vertex 5.02506 2.36149 4.14239
      vertex 5.09616 2.62682 3.6666
      vertex 4.6636 2.77365 3.6666
    endloop
  endfacet
  facet normal 0.383225 0.777158 0.499163
    outer loop
      vertex 4.6636 2.77365 3.6666
      vertex 4.15248 2.8 4.01798
      vertex 4.11657 2.7378 4.14239
    endloop
  endfacet
  facet normal 0.383292 0.777058 0.499268
    outer loop
      vertex 4.15248 2.8 4.01798
      vertex 4.6636 2.77365 3.6666
      vertex 4.61018 2.8 3.6666
    endloop
  endfacet
  facet normal 0.35119 0.711975 0.608077
    outer loop
      vertex 4.6636 2.77365 3.6666
      vertex 4.65061 2.8 3.64325
      vertex 4.61018 2.8 3.6666
    endloop
  endfacet
  facet normal 0.169051 0.849843 0.499188
    outer loop
      vertex 5.50832 2.26536 4.14239
      vertex 5.09616 2.62682 3.6666
      vertex 5.02506 2.36149 4.14239
    endloop
  endfacet
  facet normal 0 0.793351 0.608765
    outer loop
      vertex 34.3 2.8 3.28584
      vertex 6 2.50783 3.6666
      vertex 34.3 2.50783 3.6666
    endloop
  endfacet
  facet normal 0 0.793351 0.608765
    outer loop
      vertex 6 2.50783 3.6666
      vertex 34.3 2.8 3.28584
      vertex 6 2.8 3.28584
    endloop
  endfacet
  facet normal -0.154937 0.778722 0.607936
    outer loop
      vertex 34.7558 2.5377 3.6666
      vertex 34.9858 2.8 3.38923
      vertex 34.7213 2.8 3.32182
    endloop
  endfacet
  facet normal -0.154891 0.778724 0.607945
    outer loop
      vertex 34.9858 2.8 3.38923
      vertex 35.2038 2.62682 3.6666
      vertex 35.1574 2.8 3.43295
    endloop
  endfacet
  facet normal -0.154909 0.778715 0.607953
    outer loop
      vertex 35.2038 2.62682 3.6666
      vertex 34.9858 2.8 3.38923
      vertex 34.7558 2.5377 3.6666
    endloop
  endfacet
  facet normal 0.310525 0.914788 -0.258337
    outer loop
      vertex 4.97065 2.15841 33.65
      vertex 4.93385 2.02106 33.1194
      vertex 4.47803 2.32563 33.65
    endloop
  endfacet
  facet normal 0.188466 0.947493 -0.258337
    outer loop
      vertex 4.97065 2.15841 33.65
      vertex 5.48088 2.05692 33.65
      vertex 4.93385 2.02106 33.1194
    endloop
  endfacet
  facet normal 0.513465 0.768453 -0.381881
    outer loop
      vertex 3.84823 2.8 33.9221
      vertex 4.01145 2.55572 33.65
      vertex 3.64586 2.8 33.65
    endloop
  endfacet
  facet normal 0.383298 0.777069 -0.499247
    outer loop
      vertex 4.6636 2.77365 34.6334
      vertex 4.15248 2.8 34.282
      vertex 4.61018 2.8 34.6334
    endloop
  endfacet
  facet normal 0.383264 0.777119 -0.499195
    outer loop
      vertex 4.15248 2.8 34.282
      vertex 4.6636 2.77365 34.6334
      vertex 4.11657 2.7378 34.1576
    endloop
  endfacet
  facet normal 0.255125 0.751806 -0.608029
    outer loop
      vertex 5.09616 2.62682 34.6334
      vertex 4.74122 2.8 34.6986
      vertex 5.14256 2.8 34.867
    endloop
  endfacet
  facet normal 0.255251 0.751968 -0.607775
    outer loop
      vertex 4.74122 2.8 34.6986
      vertex 5.09616 2.62682 34.6334
      vertex 4.6636 2.77365 34.6334
    endloop
  endfacet
  facet normal 0.154876 0.778743 -0.607924
    outer loop
      vertex 5.57871 2.8 34.9782
      vertex 5.54418 2.5377 34.6334
      vertex 5.31415 2.8 34.9108
    endloop
  endfacet
  facet normal 0.513389 0.768433 -0.382023
    outer loop
      vertex 4.11657 2.7378 34.1576
      vertex 3.84823 2.8 33.9221
      vertex 4.02347 2.8 34.1576
    endloop
  endfacet
  facet normal 0.513356 0.768481 -0.381972
    outer loop
      vertex 3.84823 2.8 33.9221
      vertex 4.11657 2.7378 34.1576
      vertex 4.01145 2.55572 33.65
    endloop
  endfacet
  facet normal 0.188468 0.947501 0.258305
    outer loop
      vertex 5.48088 2.05692 4.64995
      vertex 4.97065 2.15841 4.64995
      vertex 4.93385 2.02106 5.18062
    endloop
  endfacet
  facet normal 0.310528 0.914796 0.258305
    outer loop
      vertex 4.93385 2.02106 5.18062
      vertex 4.97065 2.15841 4.64995
      vertex 4.47803 2.32563 4.64995
    endloop
  endfacet
  facet normal 0.555571 0.831469 -0
    outer loop
      vertex 3.9045 2.37048 5.72531
      vertex 3.44868 2.67505 32.5747
      vertex 3.9045 2.37048 32.5747
    endloop
  endfacet
  facet normal 0.555571 0.831469 0
    outer loop
      vertex 3.44868 2.67505 32.5747
      vertex 3.9045 2.37048 5.72531
      vertex 3.44868 2.67505 5.72531
    endloop
  endfacet
  facet normal 0.536717 0.803254 0.258298
    outer loop
      vertex 4.01145 2.55572 4.64995
      vertex 3.54455 2.8 4.86046
      vertex 3.49233 2.73194 5.18062
    endloop
  endfacet
  facet normal 0.536718 0.803253 0.258301
    outer loop
      vertex 3.54455 2.8 4.86046
      vertex 4.01145 2.55572 4.64995
      vertex 3.64586 2.8 4.64995
    endloop
  endfacet
  facet normal 0.636941 0.726353 0.258298
    outer loop
      vertex 3.49233 2.73194 5.18062
      vertex 3.54455 2.8 4.86046
      vertex 3.44685 2.8 5.10138
    endloop
  endfacet
  facet normal 0.255193 0.751797 0.608011
    outer loop
      vertex 5.09616 2.62682 3.6666
      vertex 4.74122 2.8 3.60144
      vertex 4.6636 2.77365 3.6666
    endloop
  endfacet
  facet normal 0.255226 0.75184 0.607944
    outer loop
      vertex 4.74122 2.8 3.60144
      vertex 5.09616 2.62682 3.6666
      vertex 5.14256 2.8 3.43295
    endloop
  endfacet
  facet normal 0.169051 0.849843 0.499188
    outer loop
      vertex 5.50832 2.26536 4.14239
      vertex 5.54418 2.5377 3.6666
      vertex 5.09616 2.62682 3.6666
    endloop
  endfacet
  facet normal 0.29706 0.875122 0.38199
    outer loop
      vertex 4.97065 2.15841 4.64995
      vertex 5.02506 2.36149 4.14239
      vertex 4.47803 2.32563 4.64995
    endloop
  endfacet
  facet normal 0.180302 0.906407 0.381991
    outer loop
      vertex 5.50832 2.26536 4.14239
      vertex 5.02506 2.36149 4.14239
      vertex 4.97065 2.15841 4.64995
    endloop
  endfacet
  facet normal 0.653705 0.745457 -0.130243
    outer loop
      vertex 3.44868 2.67505 32.5747
      vertex 3.39047 2.8 32.9977
      vertex 3.49233 2.73194 33.1194
    endloop
  endfacet
  facet normal 0.653726 0.745441 -0.130235
    outer loop
      vertex 3.39047 2.8 32.9977
      vertex 3.44868 2.67505 32.5747
      vertex 3.3062 2.8 32.5747
    endloop
  endfacet
  facet normal 0.550839 0.824387 -0.130243
    outer loop
      vertex 3.49233 2.73194 33.1194
      vertex 3.9045 2.37048 32.5747
      vertex 3.44868 2.67505 32.5747
    endloop
  endfacet
  facet normal 0.154905 0.778721 0.607945
    outer loop
      vertex 5.54418 2.5377 3.6666
      vertex 5.57871 2.8 3.32182
      vertex 5.31415 2.8 3.38923
    endloop
  endfacet
  facet normal 0.0519185 0.792283 0.60794
    outer loop
      vertex 6 2.50783 3.6666
      vertex 5.93673 2.8 3.29124
      vertex 5.54418 2.5377 3.6666
    endloop
  endfacet
  facet normal 0.0518872 0.792282 0.607945
    outer loop
      vertex 5.93673 2.8 3.29124
      vertex 6 2.50783 3.6666
      vertex 6 2.8 3.28584
    endloop
  endfacet
  facet normal 0.653716 0.745444 -0.13026
    outer loop
      vertex 3.41472 2.8 33.1194
      vertex 3.49233 2.73194 33.1194
      vertex 3.39047 2.8 32.9977
    endloop
  endfacet
  facet normal 0.636942 0.726317 -0.258396
    outer loop
      vertex 3.44685 2.8 33.1986
      vertex 3.49233 2.73194 33.1194
      vertex 3.41472 2.8 33.1194
    endloop
  endfacet
  facet normal 0.0519272 0.792278 0.607946
    outer loop
      vertex 5.93673 2.8 3.29124
      vertex 5.57871 2.8 3.32182
      vertex 5.54418 2.5377 3.6666
    endloop
  endfacet
  facet normal -0.000203132 -0.703291 0.710902
    outer loop
      vertex 35.4 1.82 14.15
      vertex 36.5912 0.468591 12.8134
      vertex 36.6889 0.516779 12.8611
    endloop
  endfacet
  facet normal 5.85986e-05 -0.703174 0.711017
    outer loop
      vertex 36.5912 0.468591 12.8134
      vertex 35.4 1.82 14.15
      vertex 35.8496 0.216853 12.5645
    endloop
  endfacet
  facet normal 3.74619e-06 -0.703182 0.71101
    outer loop
      vertex 35.4 1.82 14.15
      vertex 35.0815 0.0640669 12.4134
      vertex 35.8496 0.216853 12.5645
    endloop
  endfacet
  facet normal 0 -0.703182 0.71101
    outer loop
      vertex 34.468 1.82 14.15
      vertex 35.0815 0.0640669 12.4134
      vertex 35.4 1.82 14.15
    endloop
  endfacet
  facet normal -4.6667e-05 -0.703188 0.711004
    outer loop
      vertex 34.3 0.012846 12.3627
      vertex 34.468 1.82 14.15
      vertex 34.3 1.80899 14.1391
    endloop
  endfacet
  facet normal -3.82899e-05 -0.703189 0.711003
    outer loop
      vertex 34.468 1.82 14.15
      vertex 34.3 0.012846 12.3627
      vertex 35.0815 0.0640669 12.4134
    endloop
  endfacet
  facet normal 0 -0.703188 0.711004
    outer loop
      vertex 34.3 1.80899 14.1391
      vertex 6 0.012846 12.3627
      vertex 34.3 0.012846 12.3627
    endloop
  endfacet
  facet normal 0 -0.703188 0.711004
    outer loop
      vertex 6 1.80899 14.1391
      vertex 6 0.012846 12.3627
      vertex 34.3 1.80899 14.1391
    endloop
  endfacet
  facet normal 4.66781e-05 -0.703188 0.711004
    outer loop
      vertex 5.83204 1.82 14.15
      vertex 6 0.012846 12.3627
      vertex 6 1.80899 14.1391
    endloop
  endfacet
  facet normal 3.82909e-05 -0.703189 0.711003
    outer loop
      vertex 5.83204 1.82 14.15
      vertex 5.21852 0.0640669 12.4134
      vertex 6 0.012846 12.3627
    endloop
  endfacet
  facet normal 0 -0.703182 0.71101
    outer loop
      vertex 4.9 1.82 14.15
      vertex 5.21852 0.0640669 12.4134
      vertex 5.83204 1.82 14.15
    endloop
  endfacet
  facet normal -3.74615e-06 -0.703182 0.71101
    outer loop
      vertex 4.9 1.82 14.15
      vertex 4.45041 0.216853 12.5645
      vertex 5.21852 0.0640669 12.4134
    endloop
  endfacet
  facet normal -5.85987e-05 -0.703174 0.711017
    outer loop
      vertex 4.9 1.82 14.15
      vertex 3.70881 0.468591 12.8134
      vertex 4.45041 0.216853 12.5645
    endloop
  endfacet
  facet normal 0.000203118 -0.703291 0.710902
    outer loop
      vertex 3.70881 0.468591 12.8134
      vertex 4.9 1.82 14.15
      vertex 3.6111 0.516779 12.8611
    endloop
  endfacet
  facet normal 0 -1 0
    outer loop
      vertex 4.9 1.82 14.15
      vertex 5.83204 1.82 30.15
      vertex 4.9 1.82 30.15
    endloop
  endfacet
  facet normal 0 -1 -0
    outer loop
      vertex 5.83204 1.82 30.15
      vertex 4.9 1.82 14.15
      vertex 5.83204 1.82 14.15
    endloop
  endfacet
  facet normal 0 -1 0
    outer loop
      vertex 34.468 1.82 14.15
      vertex 35.4 1.82 30.15
      vertex 34.468 1.82 30.15
    endloop
  endfacet
  facet normal 0 -1 -0
    outer loop
      vertex 35.4 1.82 30.15
      vertex 34.468 1.82 14.15
      vertex 35.4 1.82 14.15
    endloop
  endfacet
  facet normal 5.85986e-05 -0.703174 -0.711017
    outer loop
      vertex 35.4 1.82 30.15
      vertex 36.5912 0.468591 31.4866
      vertex 35.8496 0.216853 31.7355
    endloop
  endfacet
  facet normal -0.000203132 -0.703291 -0.710902
    outer loop
      vertex 36.5912 0.468591 31.4866
      vertex 35.4 1.82 30.15
      vertex 36.6889 0.516779 31.4389
    endloop
  endfacet
  facet normal 3.74619e-06 -0.703182 -0.71101
    outer loop
      vertex 35.0815 0.0640669 31.8866
      vertex 35.4 1.82 30.15
      vertex 35.8496 0.216853 31.7355
    endloop
  endfacet
  facet normal 0 -0.703182 -0.71101
    outer loop
      vertex 35.0815 0.0640669 31.8866
      vertex 34.468 1.82 30.15
      vertex 35.4 1.82 30.15
    endloop
  endfacet
  facet normal -3.82899e-05 -0.703189 -0.711003
    outer loop
      vertex 34.3 0.012846 31.9373
      vertex 34.468 1.82 30.15
      vertex 35.0815 0.0640669 31.8866
    endloop
  endfacet
  facet normal -4.6667e-05 -0.703188 -0.711004
    outer loop
      vertex 34.3 0.012846 31.9373
      vertex 34.3 1.80899 30.1609
      vertex 34.468 1.82 30.15
    endloop
  endfacet
  facet normal 0 -0.703188 -0.711004
    outer loop
      vertex 6 0.012846 31.9373
      vertex 34.3 1.80899 30.1609
      vertex 34.3 0.012846 31.9373
    endloop
  endfacet
  facet normal 0 -0.703188 -0.711004
    outer loop
      vertex 6 0.012846 31.9373
      vertex 6 1.80899 30.1609
      vertex 34.3 1.80899 30.1609
    endloop
  endfacet
  facet normal 4.66781e-05 -0.703188 -0.711004
    outer loop
      vertex 6 0.012846 31.9373
      vertex 5.83204 1.82 30.15
      vertex 6 1.80899 30.1609
    endloop
  endfacet
  facet normal 3.82909e-05 -0.703189 -0.711003
    outer loop
      vertex 5.21852 0.0640669 31.8866
      vertex 5.83204 1.82 30.15
      vertex 6 0.012846 31.9373
    endloop
  endfacet
  facet normal 0 -0.703182 -0.71101
    outer loop
      vertex 5.21852 0.0640669 31.8866
      vertex 4.9 1.82 30.15
      vertex 5.83204 1.82 30.15
    endloop
  endfacet
  facet normal -3.74615e-06 -0.703182 -0.71101
    outer loop
      vertex 4.45041 0.216853 31.7355
      vertex 4.9 1.82 30.15
      vertex 5.21852 0.0640669 31.8866
    endloop
  endfacet
  facet normal -5.85987e-05 -0.703174 -0.711017
    outer loop
      vertex 3.70881 0.468591 31.4866
      vertex 4.9 1.82 30.15
      vertex 4.45041 0.216853 31.7355
    endloop
  endfacet
  facet normal 0.000203118 -0.703291 -0.710902
    outer loop
      vertex 4.9 1.82 30.15
      vertex 3.70881 0.468591 31.4866
      vertex 3.6111 0.516779 31.4389
    endloop
  endfacet
  facet normal -0.711003 -0.703189 0
    outer loop
      vertex 36.6889 0.516779 12.8611
      vertex 35.4 1.82 30.15
      vertex 35.4 1.82 14.15
    endloop
  endfacet
  facet normal -0.711003 -0.703189 0
    outer loop
      vertex 35.4 1.82 30.15
      vertex 36.6889 0.516779 12.8611
      vertex 36.6889 0.516779 31.4389
    endloop
  endfacet
  facet normal 0.711003 -0.703189 0
    outer loop
      vertex 3.6111 0.516779 31.4389
      vertex 4.9 1.82 14.15
      vertex 4.9 1.82 30.15
    endloop
  endfacet
  facet normal 0.711003 -0.703189 0
    outer loop
      vertex 4.9 1.82 14.15
      vertex 3.6111 0.516779 31.4389
      vertex 3.6111 0.516779 12.8611
    endloop
  endfacet
  facet normal 0 1 0
    outer loop
      vertex 34.3 2.8 35.0142
      vertex 34.3 2.8 37.3658
      vertex 34.665 2.8 37.352
    endloop
  endfacet
  facet normal 0 1 0
    outer loop
      vertex 34.3 2.8 37.3658
      vertex 34.3 2.8 35.0142
      vertex 6 2.8 37.3658
    endloop
  endfacet
  facet normal 0 1 0
    outer loop
      vertex 34.7707 2.8 37.3443
      vertex 34.665 2.8 37.352
      vertex 34.7213 2.8 37.3499
    endloop
  endfacet
  facet normal 0 1 0
    outer loop
      vertex 6 2.8 35.0142
      vertex 6 2.8 37.3658
      vertex 34.3 2.8 35.0142
    endloop
  endfacet
  facet normal 0 1 0
    outer loop
      vertex 34.665 2.8 37.352
      vertex 34.7707 2.8 37.3443
      vertex 34.3633 2.8 35.0088
    endloop
  endfacet
  facet normal 0 1 0
    outer loop
      vertex 6 2.8 37.3658
      vertex 6 2.8 35.0142
      vertex 5.63499 2.8 37.352
    endloop
  endfacet
  facet normal 0 1 0
    outer loop
      vertex 34.7213 2.8 34.9782
      vertex 34.7707 2.8 37.3443
      vertex 35.1574 2.8 37.3007
    endloop
  endfacet
  facet normal 0 1 -0
    outer loop
      vertex 5.93673 2.8 35.0088
      vertex 5.63499 2.8 37.352
      vertex 6 2.8 35.0142
    endloop
  endfacet
  facet normal 0 1 0
    outer loop
      vertex 34.7213 2.8 34.9782
      vertex 35.1574 2.8 37.3007
      vertex 35.2212 2.8 37.2888
    endloop
  endfacet
  facet normal -0 1 0
    outer loop
      vertex 5.52929 2.8 37.3443
      vertex 5.63499 2.8 37.352
      vertex 5.93673 2.8 35.0088
    endloop
  endfacet
  facet normal 0 1 0
    outer loop
      vertex 34.7213 2.8 34.9782
      vertex 35.2212 2.8 37.2888
      vertex 35.5348 2.8 37.2113
    endloop
  endfacet
  facet normal 0 1 0
    outer loop
      vertex 5.63499 2.8 37.352
      vertex 5.52929 2.8 37.3443
      vertex 5.57871 2.8 37.3499
    endloop
  endfacet
  facet normal 0 1 0
    outer loop
      vertex 34.9858 2.8 34.9108
      vertex 35.5348 2.8 37.2113
      vertex 35.6255 2.8 37.1889
    endloop
  endfacet
  facet normal 0 1 -0
    outer loop
      vertex 5.57871 2.8 34.9782
      vertex 5.52929 2.8 37.3443
      vertex 5.93673 2.8 35.0088
    endloop
  endfacet
  facet normal 0 1 0
    outer loop
      vertex 35.1574 2.8 34.867
      vertex 35.6255 2.8 37.1889
      vertex 35.9044 2.8 37.094
    endloop
  endfacet
  facet normal 0 1 0
    outer loop
      vertex 5.52929 2.8 37.3443
      vertex 5.57871 2.8 34.9782
      vertex 5.14256 2.8 37.3007
    endloop
  endfacet
  facet normal 0 1 0
    outer loop
      vertex 35.1574 2.8 34.867
      vertex 35.9044 2.8 37.094
      vertex 36.1475 2.8 37.0113
    endloop
  endfacet
  facet normal 0 1 0
    outer loop
      vertex 5.14256 2.8 37.3007
      vertex 5.57871 2.8 34.9782
      vertex 5.07881 2.8 37.2888
    endloop
  endfacet
  facet normal 0 1 0
    outer loop
      vertex 35.5588 2.8 34.6986
      vertex 36.1475 2.8 37.0113
      vertex 36.6164 2.8 36.811
    endloop
  endfacet
  facet normal 0 1 0
    outer loop
      vertex 5.07881 2.8 37.2888
      vertex 5.57871 2.8 34.9782
      vertex 4.7652 2.8 37.2113
    endloop
  endfacet
  facet normal 0 1 0
    outer loop
      vertex 35.6255 2.8 34.6706
      vertex 36.6164 2.8 36.811
      vertex 36.6961 2.8 36.7667
    endloop
  endfacet
  facet normal 0 1 -0
    outer loop
      vertex 5.31415 2.8 34.9108
      vertex 4.7652 2.8 37.2113
      vertex 5.57871 2.8 34.9782
    endloop
  endfacet
  facet normal 0 1 0
    outer loop
      vertex 35.6255 2.8 34.6706
      vertex 36.6961 2.8 36.7667
      vertex 36.7554 2.8 36.7336
    endloop
  endfacet
  facet normal 0 1 0
    outer loop
      vertex 4.7652 2.8 37.2113
      vertex 5.31415 2.8 34.9108
      vertex 4.67452 2.8 37.1889
    endloop
  endfacet
  facet normal 0 1 0
    outer loop
      vertex 35.6898 2.8 34.6334
      vertex 36.7554 2.8 36.7336
      vertex 37.4781 2.8 36.2561
    endloop
  endfacet
  facet normal 0 1 -0
    outer loop
      vertex 5.14256 2.8 34.867
      vertex 4.67452 2.8 37.1889
      vertex 5.31415 2.8 34.9108
    endloop
  endfacet
  facet normal 0 1 0
    outer loop
      vertex 35.9287 2.8 34.45
      vertex 37.4781 2.8 36.2561
      vertex 37.4878 2.8 36.2478
    endloop
  endfacet
  facet normal 0 1 0
    outer loop
      vertex 4.67452 2.8 37.1889
      vertex 5.14256 2.8 34.867
      vertex 4.39558 2.8 37.094
    endloop
  endfacet
  facet normal 0 1 0
    outer loop
      vertex 35.9287 2.8 34.45
      vertex 37.4878 2.8 36.2478
      vertex 37.5 2.8 36.2373
    endloop
  endfacet
  facet normal 0 1 0
    outer loop
      vertex 4.39558 2.8 37.094
      vertex 5.14256 2.8 34.867
      vertex 4.15248 2.8 37.0113
    endloop
  endfacet
  facet normal 0 1 0
    outer loop
      vertex 36.1475 2.8 34.282
      vertex 37.5 2.8 36.2373
      vertex 38.1149 2.8 35.6334
    endloop
  endfacet
  facet normal 0 1 -0
    outer loop
      vertex 4.74122 2.8 34.6986
      vertex 4.15248 2.8 37.0113
      vertex 5.14256 2.8 34.867
    endloop
  endfacet
  facet normal 0 1 0
    outer loop
      vertex 36.2765 2.8 34.1576
      vertex 38.1149 2.8 35.6334
      vertex 38.2255 2.8 35.4892
    endloop
  endfacet
  facet normal 0 1 0
    outer loop
      vertex 4.15248 2.8 37.0113
      vertex 4.74122 2.8 34.6986
      vertex 3.68364 2.8 36.811
    endloop
  endfacet
  facet normal 0 1 0
    outer loop
      vertex 36.4518 2.8 33.9221
      vertex 38.2255 2.8 35.4892
      vertex 38.4703 2.8 35.1697
    endloop
  endfacet
  facet normal 0 1 -0
    outer loop
      vertex 4.67452 2.8 34.6706
      vertex 3.68364 2.8 36.811
      vertex 4.74122 2.8 34.6986
    endloop
  endfacet
  facet normal 0 1 0
    outer loop
      vertex 36.6541 2.8 33.65
      vertex 38.4703 2.8 35.1697
      vertex 38.5742 2.8 35.0197
    endloop
  endfacet
  facet normal 0 1 0
    outer loop
      vertex 3.68364 2.8 36.811
      vertex 4.67452 2.8 34.6706
      vertex 3.60391 2.8 36.7667
    endloop
  endfacet
  facet normal 0 1 0
    outer loop
      vertex 3.60391 2.8 36.7667
      vertex 4.67452 2.8 34.6706
      vertex 3.54455 2.8 36.7336
    endloop
  endfacet
  facet normal 0 1 0
    outer loop
      vertex 34.665 2.8 37.352
      vertex 34.3633 2.8 35.0088
      vertex 34.3 2.8 35.0142
    endloop
  endfacet
  facet normal 0 1 0
    outer loop
      vertex 34.7707 2.8 37.3443
      vertex 34.7213 2.8 34.9782
      vertex 34.3633 2.8 35.0088
    endloop
  endfacet
  facet normal 0 1 0
    outer loop
      vertex 36.6541 2.8 33.65
      vertex 38.5742 2.8 35.0197
      vertex 38.6199 2.8 34.9537
    endloop
  endfacet
  facet normal 0 1 0
    outer loop
      vertex 35.5348 2.8 37.2113
      vertex 34.9858 2.8 34.9108
      vertex 34.7213 2.8 34.9782
    endloop
  endfacet
  facet normal 0 1 0
    outer loop
      vertex 35.6255 2.8 37.1889
      vertex 35.1574 2.8 34.867
      vertex 34.9858 2.8 34.9108
    endloop
  endfacet
  facet normal 0 1 0
    outer loop
      vertex 36.1475 2.8 37.0113
      vertex 35.5588 2.8 34.6986
      vertex 35.1574 2.8 34.867
    endloop
  endfacet
  facet normal 0 1 0
    outer loop
      vertex 36.6164 2.8 36.811
      vertex 35.6255 2.8 34.6706
      vertex 35.5588 2.8 34.6986
    endloop
  endfacet
  facet normal 0 1 0
    outer loop
      vertex 36.7554 2.8 36.7336
      vertex 35.6494 2.8 34.6567
      vertex 35.6255 2.8 34.6706
    endloop
  endfacet
  facet normal 0 1 0
    outer loop
      vertex 36.7554 2.8 36.7336
      vertex 35.6898 2.8 34.6334
      vertex 35.6494 2.8 34.6567
    endloop
  endfacet
  facet normal 0 1 0
    outer loop
      vertex 36.6541 2.8 33.65
      vertex 38.6199 2.8 34.9537
      vertex 38.859 2.8 34.4729
    endloop
  endfacet
  facet normal 0 1 0
    outer loop
      vertex 37.4781 2.8 36.2561
      vertex 35.9287 2.8 34.45
      vertex 35.6898 2.8 34.6334
    endloop
  endfacet
  facet normal 0 1 0
    outer loop
      vertex 37.5 2.8 36.2373
      vertex 36.1475 2.8 34.282
      vertex 35.9287 2.8 34.45
    endloop
  endfacet
  facet normal 0 1 0
    outer loop
      vertex 36.7554 2.8 33.4395
      vertex 38.859 2.8 34.4729
      vertex 38.9804 2.8 34.2286
    endloop
  endfacet
  facet normal 0 1 0
    outer loop
      vertex 38.1149 2.8 35.6334
      vertex 36.2765 2.8 34.1576
      vertex 36.1475 2.8 34.282
    endloop
  endfacet
  facet normal 0 1 0
    outer loop
      vertex 38.2255 2.8 35.4892
      vertex 36.4518 2.8 33.9221
      vertex 36.2765 2.8 34.1576
    endloop
  endfacet
  facet normal 0 1 0
    outer loop
      vertex 36.8531 2.8 33.1986
      vertex 38.9804 2.8 34.2286
      vertex 39.0985 2.8 33.8614
    endloop
  endfacet
  facet normal 0 1 0
    outer loop
      vertex 38.4703 2.8 35.1697
      vertex 36.6541 2.8 33.65
      vertex 36.4518 2.8 33.9221
    endloop
  endfacet
  facet normal 0 1 0
    outer loop
      vertex 36.8853 2.8 33.1194
      vertex 39.0985 2.8 33.8614
      vertex 39.2242 2.8 33.4705
    endloop
  endfacet
  facet normal 0 1 0
    outer loop
      vertex 38.859 2.8 34.4729
      vertex 36.7554 2.8 33.4395
      vertex 36.6541 2.8 33.65
    endloop
  endfacet
  facet normal 0 1 0
    outer loop
      vertex 38.9804 2.8 34.2286
      vertex 36.8531 2.8 33.1986
      vertex 36.7554 2.8 33.4395
    endloop
  endfacet
  facet normal 0 1 0
    outer loop
      vertex 39.0985 2.8 33.8614
      vertex 36.8853 2.8 33.1194
      vertex 36.8531 2.8 33.1986
    endloop
  endfacet
  facet normal 0 1 0
    outer loop
      vertex 39.2242 2.8 33.4705
      vertex 36.9095 2.8 32.9977
      vertex 36.8853 2.8 33.1194
    endloop
  endfacet
  facet normal 0 1 0
    outer loop
      vertex 39.304 2.8 32.9652
      vertex 36.9095 2.8 32.9977
      vertex 39.2242 2.8 33.4705
    endloop
  endfacet
  facet normal 0 1 0
    outer loop
      vertex 36.9938 2.8 32.5747
      vertex 39.304 2.8 32.9652
      vertex 39.3471 2.8 32.6924
    endloop
  endfacet
  facet normal 0 1 0
    outer loop
      vertex 39.304 2.8 32.9652
      vertex 36.9938 2.8 32.5747
      vertex 36.9095 2.8 32.9977
    endloop
  endfacet
  facet normal 0 1 0
    outer loop
      vertex 39.3471 2.8 32.6924
      vertex 36.9938 2.8 5.72531
      vertex 36.9938 2.8 32.5747
    endloop
  endfacet
  facet normal 0 1 -0
    outer loop
      vertex 39.3471 2.8 5.60758
      vertex 36.9938 2.8 5.72531
      vertex 39.3471 2.8 32.6924
    endloop
  endfacet
  facet normal 0 1 -0
    outer loop
      vertex 39.304 2.8 5.33479
      vertex 36.9938 2.8 5.72531
      vertex 39.3471 2.8 5.60758
    endloop
  endfacet
  facet normal 0 1 0
    outer loop
      vertex 39.304 2.8 5.33479
      vertex 36.9095 2.8 5.30234
      vertex 36.9938 2.8 5.72531
    endloop
  endfacet
  facet normal 0 1 -0
    outer loop
      vertex 39.2242 2.8 4.82946
      vertex 36.9095 2.8 5.30234
      vertex 39.304 2.8 5.33479
    endloop
  endfacet
  facet normal 0 1 0
    outer loop
      vertex 36.9095 2.8 5.30234
      vertex 39.2242 2.8 4.82946
      vertex 36.8853 2.8 5.18062
    endloop
  endfacet
  facet normal 0 1 -0
    outer loop
      vertex 39.0985 2.8 4.43856
      vertex 36.8853 2.8 5.18062
      vertex 39.2242 2.8 4.82946
    endloop
  endfacet
  facet normal 0 1 0
    outer loop
      vertex 36.8853 2.8 5.18062
      vertex 39.0985 2.8 4.43856
      vertex 36.8531 2.8 5.10138
    endloop
  endfacet
  facet normal 0 1 -0
    outer loop
      vertex 38.9804 2.8 4.07136
      vertex 36.8531 2.8 5.10138
      vertex 39.0985 2.8 4.43856
    endloop
  endfacet
  facet normal 0 1 0
    outer loop
      vertex 36.8531 2.8 5.10138
      vertex 38.9804 2.8 4.07136
      vertex 36.7554 2.8 4.86046
    endloop
  endfacet
  facet normal 0 1 -0
    outer loop
      vertex 38.859 2.8 3.82712
      vertex 36.7554 2.8 4.86046
      vertex 38.9804 2.8 4.07136
    endloop
  endfacet
  facet normal 0 1 0
    outer loop
      vertex 36.7554 2.8 4.86046
      vertex 38.859 2.8 3.82712
      vertex 36.6541 2.8 4.64995
    endloop
  endfacet
  facet normal 0 1 -0
    outer loop
      vertex 38.6199 2.8 3.34627
      vertex 36.6541 2.8 4.64995
      vertex 38.859 2.8 3.82712
    endloop
  endfacet
  facet normal 0 1 -0
    outer loop
      vertex 38.5742 2.8 3.28026
      vertex 36.6541 2.8 4.64995
      vertex 38.6199 2.8 3.34627
    endloop
  endfacet
  facet normal 0 1 -0
    outer loop
      vertex 38.4703 2.8 3.13035
      vertex 36.6541 2.8 4.64995
      vertex 38.5742 2.8 3.28026
    endloop
  endfacet
  facet normal 0 1 0
    outer loop
      vertex 36.6541 2.8 4.64995
      vertex 38.4703 2.8 3.13035
      vertex 36.4518 2.8 4.37795
    endloop
  endfacet
  facet normal 0 1 -0
    outer loop
      vertex 38.2255 2.8 2.81082
      vertex 36.4518 2.8 4.37795
      vertex 38.4703 2.8 3.13035
    endloop
  endfacet
  facet normal 0 1 0
    outer loop
      vertex 36.4518 2.8 4.37795
      vertex 38.2255 2.8 2.81082
      vertex 36.2765 2.8 4.14239
    endloop
  endfacet
  facet normal 0 1 -0
    outer loop
      vertex 38.1149 2.8 2.66658
      vertex 36.2765 2.8 4.14239
      vertex 38.2255 2.8 2.81082
    endloop
  endfacet
  facet normal 0 1 0
    outer loop
      vertex 36.2765 2.8 4.14239
      vertex 38.1149 2.8 2.66658
      vertex 36.1475 2.8 4.01798
    endloop
  endfacet
  facet normal 0 1 -0
    outer loop
      vertex 37.5 2.8 2.06275
      vertex 36.1475 2.8 4.01798
      vertex 38.1149 2.8 2.66658
    endloop
  endfacet
  facet normal 0 1 0
    outer loop
      vertex 36.1475 2.8 4.01798
      vertex 37.5 2.8 2.06275
      vertex 35.9287 2.8 3.84999
    endloop
  endfacet
  facet normal 0 1 -0
    outer loop
      vertex 37.4878 2.8 2.0522
      vertex 35.9287 2.8 3.84999
      vertex 37.5 2.8 2.06275
    endloop
  endfacet
  facet normal 0 1 -0
    outer loop
      vertex 37.4781 2.8 2.04392
      vertex 35.9287 2.8 3.84999
      vertex 37.4878 2.8 2.0522
    endloop
  endfacet
  facet normal 0 1 0
    outer loop
      vertex 35.9287 2.8 3.84999
      vertex 37.4781 2.8 2.04392
      vertex 35.6898 2.8 3.6666
    endloop
  endfacet
  facet normal 0 1 -0
    outer loop
      vertex 36.7554 2.8 1.5664
      vertex 35.6898 2.8 3.6666
      vertex 37.4781 2.8 2.04392
    endloop
  endfacet
  facet normal 0 1 0
    outer loop
      vertex 35.6494 2.8 3.64325
      vertex 36.7554 2.8 1.5664
      vertex 35.6255 2.8 3.62944
    endloop
  endfacet
  facet normal 0 1 0
    outer loop
      vertex 35.6898 2.8 3.6666
      vertex 36.7554 2.8 1.5664
      vertex 35.6494 2.8 3.64325
    endloop
  endfacet
  facet normal 0 1 -0
    outer loop
      vertex 4.65061 2.8 34.6567
      vertex 3.54455 2.8 36.7336
      vertex 4.67452 2.8 34.6706
    endloop
  endfacet
  facet normal 0 1 -0
    outer loop
      vertex 4.61018 2.8 34.6334
      vertex 3.54455 2.8 36.7336
      vertex 4.65061 2.8 34.6567
    endloop
  endfacet
  facet normal 0 1 0
    outer loop
      vertex 3.54455 2.8 36.7336
      vertex 4.61018 2.8 34.6334
      vertex 2.82186 2.8 36.2561
    endloop
  endfacet
  facet normal 0 1 -0
    outer loop
      vertex 4.15248 2.8 34.282
      vertex 2.82186 2.8 36.2561
      vertex 4.61018 2.8 34.6334
    endloop
  endfacet
  facet normal 0 1 0
    outer loop
      vertex 2.82186 2.8 36.2561
      vertex 4.15248 2.8 34.282
      vertex 2.81224 2.8 36.2478
    endloop
  endfacet
  facet normal 0 1 0
    outer loop
      vertex 2.81224 2.8 36.2478
      vertex 4.15248 2.8 34.282
      vertex 2.8 2.8 36.2373
    endloop
  endfacet
  facet normal 0 1 0
    outer loop
      vertex 2.8 2.8 36.2373
      vertex 4.15248 2.8 34.282
      vertex 2.18505 2.8 35.6334
    endloop
  endfacet
  facet normal 0 1 -0
    outer loop
      vertex 4.08589 2.8 34.2178
      vertex 2.18505 2.8 35.6334
      vertex 4.15248 2.8 34.282
    endloop
  endfacet
  facet normal 0 1 -0
    outer loop
      vertex 4.02347 2.8 34.1576
      vertex 2.18505 2.8 35.6334
      vertex 4.08589 2.8 34.2178
    endloop
  endfacet
  facet normal 0 1 0
    outer loop
      vertex 2.18505 2.8 35.6334
      vertex 4.02347 2.8 34.1576
      vertex 2.07453 2.8 35.4892
    endloop
  endfacet
  facet normal 0 1 -0
    outer loop
      vertex 3.84823 2.8 33.9221
      vertex 2.07453 2.8 35.4892
      vertex 4.02347 2.8 34.1576
    endloop
  endfacet
  facet normal 0 1 0
    outer loop
      vertex 2.07453 2.8 35.4892
      vertex 3.84823 2.8 33.9221
      vertex 1.82968 2.8 35.1697
    endloop
  endfacet
  facet normal 0 1 -0
    outer loop
      vertex 3.64586 2.8 33.65
      vertex 1.82968 2.8 35.1697
      vertex 3.84823 2.8 33.9221
    endloop
  endfacet
  facet normal 0 1 0
    outer loop
      vertex 1.82968 2.8 35.1697
      vertex 3.64586 2.8 33.65
      vertex 1.7258 2.8 35.0197
    endloop
  endfacet
  facet normal 0 1 0
    outer loop
      vertex 1.7258 2.8 35.0197
      vertex 3.64586 2.8 33.65
      vertex 1.68007 2.8 34.9537
    endloop
  endfacet
  facet normal 0 1 0
    outer loop
      vertex 1.68007 2.8 34.9537
      vertex 3.64586 2.8 33.65
      vertex 1.44103 2.8 34.4729
    endloop
  endfacet
  facet normal 0 1 -0
    outer loop
      vertex 3.54455 2.8 33.4395
      vertex 1.44103 2.8 34.4729
      vertex 3.64586 2.8 33.65
    endloop
  endfacet
  facet normal 0 1 0
    outer loop
      vertex 1.44103 2.8 34.4729
      vertex 3.54455 2.8 33.4395
      vertex 1.31962 2.8 34.2286
    endloop
  endfacet
  facet normal 0 1 -0
    outer loop
      vertex 3.44685 2.8 33.1986
      vertex 1.31962 2.8 34.2286
      vertex 3.54455 2.8 33.4395
    endloop
  endfacet
  facet normal 0 1 0
    outer loop
      vertex 1.31962 2.8 34.2286
      vertex 3.44685 2.8 33.1986
      vertex 1.20154 2.8 33.8614
    endloop
  endfacet
  facet normal 0 1 -0
    outer loop
      vertex 3.41472 2.8 33.1194
      vertex 1.20154 2.8 33.8614
      vertex 3.44685 2.8 33.1986
    endloop
  endfacet
  facet normal 0 1 0
    outer loop
      vertex 1.20154 2.8 33.8614
      vertex 3.41472 2.8 33.1194
      vertex 1.07584 2.8 33.4705
    endloop
  endfacet
  facet normal 0 1 -0
    outer loop
      vertex 3.39047 2.8 32.9977
      vertex 1.07584 2.8 33.4705
      vertex 3.41472 2.8 33.1194
    endloop
  endfacet
  facet normal 0 1 0
    outer loop
      vertex 1.07584 2.8 33.4705
      vertex 3.39047 2.8 32.9977
      vertex 1.03075 2.8 33.1851
    endloop
  endfacet
  facet normal 0 1 -0
    outer loop
      vertex 3.3062 2.8 32.5747
      vertex 1.03075 2.8 33.1851
      vertex 3.39047 2.8 32.9977
    endloop
  endfacet
  facet normal 0 1 0
    outer loop
      vertex 1.03075 2.8 33.1851
      vertex 3.3062 2.8 32.5747
      vertex 0.952901 2.8 32.6924
    endloop
  endfacet
  facet normal 0 1 -0
    outer loop
      vertex 3.3062 2.8 5.72531
      vertex 0.952901 2.8 32.6924
      vertex 3.3062 2.8 32.5747
    endloop
  endfacet
  facet normal 0 1 0
    outer loop
      vertex 3.3062 2.8 5.72531
      vertex 0.952901 2.8 5.60758
      vertex 0.952901 2.8 32.6924
    endloop
  endfacet
  facet normal 0 1 0
    outer loop
      vertex 1.03075 2.8 5.11488
      vertex 3.3062 2.8 5.72531
      vertex 3.39047 2.8 5.30234
    endloop
  endfacet
  facet normal 0 1 0
    outer loop
      vertex 1.07584 2.8 4.82946
      vertex 3.39047 2.8 5.30234
      vertex 3.41472 2.8 5.18062
    endloop
  endfacet
  facet normal 0 1 0
    outer loop
      vertex 3.3062 2.8 5.72531
      vertex 1.03075 2.8 5.11488
      vertex 0.952901 2.8 5.60758
    endloop
  endfacet
  facet normal 0 1 0
    outer loop
      vertex 1.20154 2.8 4.43856
      vertex 3.41472 2.8 5.18062
      vertex 3.44685 2.8 5.10138
    endloop
  endfacet
  facet normal 0 1 0
    outer loop
      vertex 1.31962 2.8 4.07136
      vertex 3.44685 2.8 5.10138
      vertex 3.54455 2.8 4.86046
    endloop
  endfacet
  facet normal 0 1 0
    outer loop
      vertex 3.39047 2.8 5.30234
      vertex 1.07584 2.8 4.82946
      vertex 1.03075 2.8 5.11488
    endloop
  endfacet
  facet normal 0 1 0
    outer loop
      vertex 1.44103 2.8 3.82712
      vertex 3.54455 2.8 4.86046
      vertex 3.64586 2.8 4.64995
    endloop
  endfacet
  facet normal 0 1 0
    outer loop
      vertex 3.41472 2.8 5.18062
      vertex 1.20154 2.8 4.43856
      vertex 1.07584 2.8 4.82946
    endloop
  endfacet
  facet normal 0 1 0
    outer loop
      vertex 1.82968 2.8 3.13035
      vertex 3.64586 2.8 4.64995
      vertex 3.84823 2.8 4.37795
    endloop
  endfacet
  facet normal 0 1 0
    outer loop
      vertex 2.07453 2.8 2.81082
      vertex 3.84823 2.8 4.37795
      vertex 4.02347 2.8 4.14239
    endloop
  endfacet
  facet normal 0 1 0
    outer loop
      vertex 2.18505 2.8 2.66658
      vertex 4.02347 2.8 4.14239
      vertex 4.08589 2.8 4.0822
    endloop
  endfacet
  facet normal 0 1 0
    outer loop
      vertex 3.44685 2.8 5.10138
      vertex 1.31962 2.8 4.07136
      vertex 1.20154 2.8 4.43856
    endloop
  endfacet
  facet normal 0 1 0
    outer loop
      vertex 2.18505 2.8 2.66658
      vertex 4.08589 2.8 4.0822
      vertex 4.15248 2.8 4.01798
    endloop
  endfacet
  facet normal 0 1 0
    outer loop
      vertex 3.54455 2.8 4.86046
      vertex 1.44103 2.8 3.82712
      vertex 1.31962 2.8 4.07136
    endloop
  endfacet
  facet normal 0 1 0
    outer loop
      vertex 2.82186 2.8 2.04392
      vertex 4.15248 2.8 4.01798
      vertex 4.61018 2.8 3.6666
    endloop
  endfacet
  facet normal 0 1 0
    outer loop
      vertex 3.54455 2.8 1.5664
      vertex 4.61018 2.8 3.6666
      vertex 4.65061 2.8 3.64325
    endloop
  endfacet
  facet normal 0 1 0
    outer loop
      vertex 3.54455 2.8 1.5664
      vertex 4.65061 2.8 3.64325
      vertex 4.67452 2.8 3.62944
    endloop
  endfacet
  facet normal 0 1 0
    outer loop
      vertex 3.68364 2.8 1.48896
      vertex 4.67452 2.8 3.62944
      vertex 4.74122 2.8 3.60144
    endloop
  endfacet
  facet normal 0 1 0
    outer loop
      vertex 4.15248 2.8 1.28866
      vertex 4.74122 2.8 3.60144
      vertex 5.14256 2.8 3.43295
    endloop
  endfacet
  facet normal 0 1 0
    outer loop
      vertex 4.67452 2.8 1.11111
      vertex 5.14256 2.8 3.43295
      vertex 5.31415 2.8 3.38923
    endloop
  endfacet
  facet normal 0 1 0
    outer loop
      vertex 3.64586 2.8 4.64995
      vertex 1.68007 2.8 3.34627
      vertex 1.44103 2.8 3.82712
    endloop
  endfacet
  facet normal 0 1 0
    outer loop
      vertex 4.7652 2.8 1.0887
      vertex 5.31415 2.8 3.38923
      vertex 5.57871 2.8 3.32182
    endloop
  endfacet
  facet normal 0 1 0
    outer loop
      vertex 5.52929 2.8 0.955672
      vertex 5.57871 2.8 3.32182
      vertex 5.93673 2.8 3.29124
    endloop
  endfacet
  facet normal 0 1 0
    outer loop
      vertex 5.63499 2.8 0.947963
      vertex 5.93673 2.8 3.29124
      vertex 6 2.8 3.28584
    endloop
  endfacet
  facet normal 0 1 0
    outer loop
      vertex 3.64586 2.8 4.64995
      vertex 1.7258 2.8 3.28026
      vertex 1.68007 2.8 3.34627
    endloop
  endfacet
  facet normal 0 1 0
    outer loop
      vertex 34.3 2.8 3.28584
      vertex 34.3 2.8 0.934151
      vertex 6 2.8 3.28584
    endloop
  endfacet
  facet normal 0 1 -0
    outer loop
      vertex 36.6961 2.8 1.53335
      vertex 35.6255 2.8 3.62944
      vertex 36.7554 2.8 1.5664
    endloop
  endfacet
  facet normal 0 1 0
    outer loop
      vertex 6 2.8 0.934151
      vertex 6 2.8 3.28584
      vertex 34.3 2.8 0.934151
    endloop
  endfacet
  facet normal 0 1 -0
    outer loop
      vertex 36.6164 2.8 1.48896
      vertex 35.6255 2.8 3.62944
      vertex 36.6961 2.8 1.53335
    endloop
  endfacet
  facet normal -0 1 0
    outer loop
      vertex 5.63499 2.8 0.947963
      vertex 6 2.8 3.28584
      vertex 6 2.8 0.934151
    endloop
  endfacet
  facet normal 0 1 0
    outer loop
      vertex 35.6255 2.8 3.62944
      vertex 36.6164 2.8 1.48896
      vertex 35.5588 2.8 3.60144
    endloop
  endfacet
  facet normal 0 1 0
    outer loop
      vertex 3.64586 2.8 4.64995
      vertex 1.82968 2.8 3.13035
      vertex 1.7258 2.8 3.28026
    endloop
  endfacet
  facet normal 0 1 -0
    outer loop
      vertex 36.1475 2.8 1.28866
      vertex 35.5588 2.8 3.60144
      vertex 36.6164 2.8 1.48896
    endloop
  endfacet
  facet normal 0 1 0
    outer loop
      vertex 3.84823 2.8 4.37795
      vertex 2.07453 2.8 2.81082
      vertex 1.82968 2.8 3.13035
    endloop
  endfacet
  facet normal 0 1 0
    outer loop
      vertex 35.5588 2.8 3.60144
      vertex 36.1475 2.8 1.28866
      vertex 35.1574 2.8 3.43295
    endloop
  endfacet
  facet normal 0 1 0
    outer loop
      vertex 5.14256 2.8 3.43295
      vertex 4.39558 2.8 1.20598
      vertex 4.15248 2.8 1.28866
    endloop
  endfacet
  facet normal 0 1 -0
    outer loop
      vertex 35.9044 2.8 1.20598
      vertex 35.1574 2.8 3.43295
      vertex 36.1475 2.8 1.28866
    endloop
  endfacet
  facet normal 0 1 0
    outer loop
      vertex 4.15248 2.8 4.01798
      vertex 2.8 2.8 2.06275
      vertex 2.18505 2.8 2.66658
    endloop
  endfacet
  facet normal 0 1 -0
    outer loop
      vertex 35.6255 2.8 1.11111
      vertex 35.1574 2.8 3.43295
      vertex 35.9044 2.8 1.20598
    endloop
  endfacet
  facet normal 0 1 0
    outer loop
      vertex 4.02347 2.8 4.14239
      vertex 2.18505 2.8 2.66658
      vertex 2.07453 2.8 2.81082
    endloop
  endfacet
  facet normal 0 1 0
    outer loop
      vertex 35.1574 2.8 3.43295
      vertex 35.6255 2.8 1.11111
      vertex 34.9858 2.8 3.38923
    endloop
  endfacet
  facet normal 0 1 0
    outer loop
      vertex 4.61018 2.8 3.6666
      vertex 3.54455 2.8 1.5664
      vertex 2.82186 2.8 2.04392
    endloop
  endfacet
  facet normal 0 1 -0
    outer loop
      vertex 35.5348 2.8 1.0887
      vertex 34.9858 2.8 3.38923
      vertex 35.6255 2.8 1.11111
    endloop
  endfacet
  facet normal 0 1 0
    outer loop
      vertex 4.15248 2.8 4.01798
      vertex 2.81224 2.8 2.0522
      vertex 2.8 2.8 2.06275
    endloop
  endfacet
  facet normal 0 1 0
    outer loop
      vertex 34.9858 2.8 3.38923
      vertex 35.5348 2.8 1.0887
      vertex 34.7213 2.8 3.32182
    endloop
  endfacet
  facet normal 0 1 0
    outer loop
      vertex 4.15248 2.8 4.01798
      vertex 2.82186 2.8 2.04392
      vertex 2.81224 2.8 2.0522
    endloop
  endfacet
  facet normal 0 1 -0
    outer loop
      vertex 35.2212 2.8 1.01118
      vertex 34.7213 2.8 3.32182
      vertex 35.5348 2.8 1.0887
    endloop
  endfacet
  facet normal 0 1 0
    outer loop
      vertex 4.74122 2.8 3.60144
      vertex 4.15248 2.8 1.28866
      vertex 3.68364 2.8 1.48896
    endloop
  endfacet
  facet normal 0 1 -0
    outer loop
      vertex 35.1574 2.8 0.999325
      vertex 34.7213 2.8 3.32182
      vertex 35.2212 2.8 1.01118
    endloop
  endfacet
  facet normal 0 1 0
    outer loop
      vertex 4.67452 2.8 3.62944
      vertex 3.68364 2.8 1.48896
      vertex 3.60391 2.8 1.53335
    endloop
  endfacet
  facet normal 0 1 -0
    outer loop
      vertex 34.7707 2.8 0.955672
      vertex 34.7213 2.8 3.32182
      vertex 35.1574 2.8 0.999325
    endloop
  endfacet
  facet normal 0 1 0
    outer loop
      vertex 4.67452 2.8 3.62944
      vertex 3.60391 2.8 1.53335
      vertex 3.54455 2.8 1.5664
    endloop
  endfacet
  facet normal 0 1 0
    outer loop
      vertex 34.7213 2.8 3.32182
      vertex 34.7707 2.8 0.955672
      vertex 34.3633 2.8 3.29124
    endloop
  endfacet
  facet normal 0 1 0
    outer loop
      vertex 5.93673 2.8 3.29124
      vertex 5.63499 2.8 0.947963
      vertex 5.52929 2.8 0.955672
    endloop
  endfacet
  facet normal 0 1 -0
    outer loop
      vertex 34.665 2.8 0.947963
      vertex 34.3633 2.8 3.29124
      vertex 34.7707 2.8 0.955672
    endloop
  endfacet
  facet normal 0 1 0
    outer loop
      vertex 5.14256 2.8 3.43295
      vertex 4.67452 2.8 1.11111
      vertex 4.39558 2.8 1.20598
    endloop
  endfacet
  facet normal 0 1 0
    outer loop
      vertex 34.3633 2.8 3.29124
      vertex 34.665 2.8 0.947963
      vertex 34.3 2.8 3.28584
    endloop
  endfacet
  facet normal 0 1 0
    outer loop
      vertex 5.31415 2.8 3.38923
      vertex 4.7652 2.8 1.0887
      vertex 4.67452 2.8 1.11111
    endloop
  endfacet
  facet normal 0 1 0
    outer loop
      vertex 34.665 2.8 0.947963
      vertex 34.7707 2.8 0.955672
      vertex 34.7213 2.8 0.950093
    endloop
  endfacet
  facet normal 0 1 0
    outer loop
      vertex 34.3 2.8 3.28584
      vertex 34.665 2.8 0.947963
      vertex 34.3 2.8 0.934151
    endloop
  endfacet
  facet normal 0 1 0
    outer loop
      vertex 5.57871 2.8 3.32182
      vertex 5.07881 2.8 1.01118
      vertex 4.7652 2.8 1.0887
    endloop
  endfacet
  facet normal 0 1 0
    outer loop
      vertex 5.52929 2.8 0.955672
      vertex 5.63499 2.8 0.947963
      vertex 5.57871 2.8 0.950093
    endloop
  endfacet
  facet normal 0 1 0
    outer loop
      vertex 5.57871 2.8 3.32182
      vertex 5.14256 2.8 0.999325
      vertex 5.07881 2.8 1.01118
    endloop
  endfacet
  facet normal 0 1 0
    outer loop
      vertex 5.57871 2.8 3.32182
      vertex 5.52929 2.8 0.955672
      vertex 5.14256 2.8 0.999325
    endloop
  endfacet
endsolid OpenSCAD_Model
